gameId,creationTime,gameDuration,seasonId,winner,firstBlood,firstTower,firstInhibitor,firstBaron,firstDragon,firstRiftHerald,t1_champ1id,t1_champ1_sum1,t1_champ1_sum2,t1_champ2id,t1_champ2_sum1,t1_champ2_sum2,t1_champ3id,t1_champ3_sum1,t1_champ3_sum2,t1_champ4id,t1_champ4_sum1,t1_champ4_sum2,t1_champ5id,t1_champ5_sum1,t1_champ5_sum2,t1_towerKills,t1_inhibitorKills,t1_baronKills,t1_dragonKills,t1_riftHeraldKills,t1_ban1,t1_ban2,t1_ban3,t1_ban4,t1_ban5,t2_champ1id,t2_champ1_sum1,t2_champ1_sum2,t2_champ2id,t2_champ2_sum1,t2_champ2_sum2,t2_champ3id,t2_champ3_sum1,t2_champ3_sum2,t2_champ4id,t2_champ4_sum1,t2_champ4_sum2,t2_champ5id,t2_champ5_sum1,t2_champ5_sum2,t2_towerKills,t2_inhibitorKills,t2_baronKills,t2_dragonKills,t2_riftHeraldKills,t2_ban1,t2_ban2,t2_ban3,t2_ban4,t2_ban5
3285469338,1501516955131,1525,9,1,2,1,0,0,1,0,141,11,4,21,7,4,103,3,4,6,12,6,26,14,4,4,0,0,1,0,27,84,31,51,28,119,4,7,14,4,12,68,12,4,104,4,11,497,4,3,2,0,0,1,0,131,238,38,117,114
3331177617,1504634219809,1932,9,1,1,1,1,1,1,0,19,4,11,40,3,4,63,4,14,54,4,12,18,7,4,10,2,1,3,0,122,238,12,516,29,107,11,4,75,4,12,222,4,7,126,4,14,497,3,4,1,0,0,0,0,202,92,53,238,69
3285806019,1501534330213,3012,9,1,1,1,1,2,2,1,96,11,4,117,3,4,222,7,4,57,12,4,81,21,4,11,5,1,2,1,6,238,157,75,141,102,4,11,26,14,4,29,7,4,99,4,14,126,4,12,5,0,2,3,0,114,20,6,141,157
3321184600,1503924894666,1561,9,2,2,2,2,2,0,2,412,14,4,69,4,3,59,4,12,141,11,4,429,4,7,1,0,0,0,0,40,236,121,126,114,113,4,11,15,4,7,79,12,4,163,7,4,432,4,14,8,1,1,0,1,29,497,117,18,76
3268491137,1500337656887,1392,9,2,2,2,2,0,2,0,69,4,14,11,4,11,126,12,4,412,4,12,96,4,7,0,0,0,0,0,99,21,53,119,157,63,4,14,86,14,4,61,4,6,131,4,11,85,4,7,11,2,0,2,0,45,105,53,157,141
3329112316,1504466105112,1575,9,2,2,2,2,0,2,1,58,6,11,27,12,4,55,4,14,15,7,4,122,4,14,1,0,0,0,1,136,-1,17,5,18,202,4,7,133,12,4,64,4,11,99,4,3,1,4,14,9,1,0,3,0,67,107,53,420,45
3287267646,1501633390729,1121,9,2,1,2,0,0,1,0,18,7,4,163,4,21,104,4,11,54,12,4,117,4,3,1,0,0,1,0,157,31,113,51,154,121,4,11,103,4,14,141,4,12,119,4,7,40,3,4,5,0,0,1,0,31,154,57,29,113
3315411158,1503500233153,2271,9,1,2,1,1,1,1,0,238,4,14,121,4,11,29,7,4,40,3,4,92,4,12,11,3,1,2,0,141,42,57,201,266,67,7,4,53,4,11,127,4,3,78,4,12,63,14,4,2,0,0,1,0,7,119,117,11,105
3307059526,1502972721497,1915,9,2,1,1,2,1,2,1,202,4,7,17,4,12,79,4,11,53,4,3,236,14,4,5,0,1,0,1,41,154,40,57,31,117,4,3,64,11,4,119,7,4,38,12,4,50,12,4,8,2,0,3,0,31,16,18,238,157
3325954613,1504270510535,1705,9,1,2,1,1,1,1,1,60,4,11,86,4,12,516,4,3,236,4,7,238,14,4,11,3,1,2,1,203,18,31,19,126,157,12,4,21,7,4,267,3,4,54,4,11,6,12,4,0,0,0,0,0,18,114,122,40,121
3325103640,1504206181385,2470,9,2,2,1,2,2,2,0,115,4,7,203,4,11,223,4,3,122,4,12,3,12,4,3,0,0,1,0,53,117,141,31,266,25,4,14,21,7,4,77,4,11,110,7,4,34,4,14,11,5,1,3,0,516,421,498,51,42
3323245797,1504090069975,2518,9,1,2,2,2,2,2,2,11,4,11,40,4,3,134,4,14,222,7,4,92,12,4,6,1,0,2,0,18,29,103,16,51,83,4,12,163,4,3,96,4,7,37,3,4,79,11,4,10,4,2,3,1,35,498,150,38,57
3313793594,1503408277013,1813,9,2,2,2,2,0,1,1,61,4,7,150,12,4,497,14,4,498,4,7,19,4,11,2,0,0,1,1,238,105,157,86,11,236,14,4,79,11,4,41,12,4,21,7,4,432,3,4,9,2,0,1,0,119,53,-1,238,31
3323200259,1504087031036,1340,9,2,1,2,2,0,2,2,69,4,14,79,11,4,119,7,4,53,3,4,68,4,12,0,0,0,0,0,11,157,51,17,18,39,12,4,136,4,7,67,4,11,516,4,3,126,14,4,6,1,0,1,1,201,420,122,412,84
3282218112,1501275699318,1689,9,1,1,1,1,1,1,1,122,12,4,89,4,14,126,14,4,119,7,4,59,4,11,10,2,1,2,1,412,157,141,31,114,15,4,7,223,3,4,268,4,21,76,4,11,82,4,14,0,0,0,0,0,240,141,23,32,117
3327608754,1504375457270,2107,9,1,2,2,1,1,1,1,51,4,7,90,4,3,245,4,12,113,4,11,91,4,14,11,3,1,2,1,238,31,38,412,11,92,12,4,141,11,4,61,4,21,267,3,4,18,4,7,2,0,0,1,0,62,117,29,55,40
3304009688,1502750122987,922,9,1,1,1,0,0,0,0,61,4,12,202,7,4,8,12,4,117,14,4,32,11,4,4,0,0,0,0,238,143,157,122,141,119,7,4,79,3,4,1,14,4,54,4,12,254,11,4,0,0,0,0,0,157,58,161,31,122
3296577713,1502311867213,1659,9,2,1,2,2,0,2,0,63,4,3,432,4,3,64,4,11,39,4,12,21,4,7,1,0,0,0,0,238,11,6,141,114,122,12,4,37,4,14,31,4,11,69,4,3,18,7,4,11,2,0,2,0,150,141,36,51,238
3283777642,1501404007525,1928,9,2,1,2,2,2,2,1,412,14,4,61,4,21,141,4,11,23,4,12,498,4,7,3,0,0,0,1,57,8,75,31,40,48,4,12,84,14,4,113,11,4,12,4,3,15,7,4,10,2,1,3,0,38,157,154,31,114
3321321101,1503932933871,202,9,2,0,0,0,0,0,0,11,4,11,516,12,4,201,4,3,268,21,4,67,7,4,0,0,0,0,0,412,53,119,122,75,29,7,4,35,11,14,42,7,4,43,4,3,59,12,4,0,0,0,0,0,53,51,157,126,105
3311778047,1503261560904,1583,9,2,2,1,2,0,1,1,90,12,4,112,14,4,67,7,4,64,4,11,43,3,4,4,0,0,1,1,157,141,75,40,31,76,4,11,497,14,4,498,7,4,10,12,4,17,4,12,9,1,0,1,0,57,154,31,61,40
3276634246,1500914635548,1151,9,2,1,1,0,0,2,2,21,4,7,53,4,12,5,11,4,10,7,4,26,4,21,1,0,0,0,0,105,-1,245,92,141,150,12,4,11,11,4,498,7,4,81,4,7,497,3,4,3,0,0,1,1,86,157,122,36,134
3240112248,1498499631241,1319,9,1,1,1,1,0,1,1,78,4,12,267,4,3,45,4,12,222,7,4,113,11,4,10,2,0,2,1,11,157,154,59,105,421,11,4,25,4,3,17,4,12,136,6,4,51,4,7,0,0,0,0,0,427,154,8,11,157
3325680678,1504221148960,1477,9,1,1,1,0,0,1,0,59,4,11,17,14,4,238,4,14,202,4,7,432,3,4,4,0,0,1,0,119,141,40,61,35,266,4,11,268,4,3,41,4,12,12,3,4,236,7,4,0,0,0,1,0,29,8,105,67,157
3323071214,1504046292539,1998,9,1,1,1,1,2,1,0,36,4,12,33,4,11,29,4,7,412,14,4,105,12,4,10,2,0,2,0,18,43,25,141,40,13,12,4,245,12,4,121,11,4,497,14,4,498,4,7,5,0,1,0,0,40,28,202,119,238
3315437337,1503503038657,1478,9,1,1,2,1,2,2,0,15,4,7,34,4,3,33,4,11,37,4,3,238,14,4,9,2,0,0,0,8,31,119,126,38,35,14,11,44,3,4,24,12,4,18,7,4,42,12,4,3,0,1,2,0,38,40,141,117,31
3329208302,1504473090622,1510,9,2,2,2,2,2,2,2,79,4,14,9,11,4,114,4,12,412,3,4,81,7,4,0,0,0,0,0,18,55,497,40,117,21,7,4,29,4,21,56,4,11,24,4,12,37,3,4,10,2,1,2,1,113,31,40,238,61
3257355750,1499627187942,1926,9,2,2,1,2,1,2,2,102,11,4,202,4,7,26,4,3,134,4,21,41,4,3,5,0,1,1,0,51,238,105,114,55,121,4,11,39,4,12,119,7,4,143,4,3,101,4,12,9,2,0,2,1,60,53,51,122,154
3331248687,1504637599910,1885,9,1,2,1,1,0,2,0,157,14,4,60,11,4,80,4,14,432,12,4,150,4,3,7,1,0,1,0,420,202,55,57,113,67,7,4,117,3,4,54,4,12,59,4,11,134,4,21,3,0,0,2,0,238,53,412,29,240
3320812209,1503868957294,2340,9,2,2,1,2,1,2,0,86,4,14,412,4,3,163,4,6,429,4,7,254,4,11,5,0,1,1,0,96,29,105,122,31,85,12,4,238,14,4,222,7,4,40,4,3,113,4,11,8,1,0,3,0,122,18,157,57,31
3324130792,1504120709374,1504,9,2,1,2,2,2,2,0,92,12,4,143,14,4,29,7,4,1,14,4,60,11,4,3,0,0,0,0,53,23,18,117,105,82,4,12,107,4,11,126,1,4,16,4,3,67,7,4,10,2,1,2,0,64,53,157,40,8
3324935848,1504200952196,1991,9,1,2,1,1,1,1,0,222,7,4,1,3,4,31,4,12,79,4,11,63,4,14,10,2,1,1,0,105,157,53,67,141,267,4,3,238,4,14,121,4,11,81,12,4,75,4,12,2,0,0,1,0,122,80,40,23,429
3325624482,1504218364587,2609,9,2,1,2,2,2,1,2,64,11,4,412,4,3,2,4,12,157,4,14,22,4,7,5,0,0,3,0,24,35,238,107,516,267,3,4,115,7,4,110,21,4,23,4,14,96,4,11,10,1,3,2,1,62,117,67,40,29
3319966724,1503843068955,1137,9,2,2,2,0,0,2,0,127,4,14,121,12,4,429,4,7,201,4,3,420,4,12,1,0,0,0,0,516,254,64,53,57,11,11,6,34,4,14,126,4,12,498,7,4,497,3,4,3,0,0,1,0,157,516,141,86,238
3327507253,1504369040382,1623,9,1,1,1,1,1,2,0,23,4,12,4,4,12,119,7,4,57,11,4,16,4,3,9,2,1,0,0,122,12,40,91,238,67,4,7,267,3,4,136,4,1,121,11,4,59,12,4,2,0,0,2,0,75,40,38,157,141
3226786860,1497682405757,931,9,1,1,1,1,0,0,0,432,3,4,23,4,12,78,4,11,134,14,4,498,4,7,6,1,0,0,0,117,154,35,53,122,85,4,21,64,11,4,98,12,4,21,4,7,412,3,4,0,0,0,0,0,157,164,69,29,51
3220377546,1497275022350,1335,9,2,2,2,2,2,2,2,120,11,6,61,21,4,432,4,14,498,4,7,92,4,12,1,0,0,1,0,117,114,38,427,29,222,4,7,154,4,11,7,12,4,412,3,4,157,4,12,10,2,1,1,1,114,119,427,79,117
3326543870,1504303738802,1877,9,1,2,2,1,0,1,2,120,6,11,122,6,4,119,4,7,12,4,3,134,4,14,11,4,0,2,0,55,18,75,150,157,412,4,14,238,4,14,78,12,4,236,7,4,76,4,11,1,0,0,0,1,113,40,24,29,31
3286845181,1501605863130,1970,9,2,2,2,2,2,1,0,84,4,14,114,4,12,12,4,3,202,7,4,11,4,11,5,0,0,3,0,24,119,122,53,121,92,4,14,80,4,14,21,7,4,412,4,3,19,11,4,8,1,1,0,0,51,141,10,122,67
3324939188,1504202008206,194,9,1,0,0,0,0,0,0,141,11,4,16,3,4,63,4,14,24,12,4,222,4,7,0,0,0,0,0,11,55,40,516,75,98,4,12,89,3,4,99,4,12,19,11,4,18,7,4,0,0,0,0,0,58,157,11,516,119
3326180839,1504283492762,1297,9,1,2,1,1,0,1,0,67,4,7,89,4,14,150,4,12,57,4,11,69,4,12,9,2,0,1,0,238,31,55,40,122,19,4,11,85,12,4,4,1,4,81,1,4,412,3,4,0,0,0,0,0,115,31,141,429,51
3314306079,1503433980509,2995,9,1,2,1,1,2,2,0,141,11,14,497,4,3,31,4,12,420,12,4,17,4,7,11,5,0,2,0,254,40,114,117,67,35,4,11,223,3,4,23,4,12,238,4,14,498,4,7,6,0,2,2,0,19,16,90,75,122
3329227000,1504473246009,2412,9,1,1,2,1,2,1,2,77,11,4,53,3,4,45,4,21,202,7,4,126,12,4,11,2,1,3,0,122,23,141,113,238,78,4,12,18,7,4,131,4,11,16,4,3,99,4,14,5,0,1,1,1,6,157,122,75,11
3324838445,1504195665496,1408,9,2,1,2,2,0,2,0,106,4,11,516,12,4,497,4,3,91,4,14,498,4,7,0,0,0,0,0,81,202,-1,157,64,240,4,12,412,3,4,110,4,7,20,11,4,9,4,14,7,1,0,2,0,31,64,119,141,238
3282654566,1501332170700,1711,9,1,1,1,1,0,1,1,245,4,12,23,12,4,236,7,4,201,4,3,141,11,4,11,3,0,2,1,122,412,498,51,154,62,12,4,43,4,14,136,4,6,119,4,7,29,11,4,0,0,0,0,0,154,53,105,122,55
3250588648,1499172322359,1997,9,2,1,2,2,2,2,2,412,4,14,64,11,4,41,12,4,161,4,12,202,4,7,4,0,0,0,0,114,51,24,117,8,115,7,4,163,4,21,122,4,11,63,14,4,126,12,4,9,1,1,2,1,154,119,114,29,84
3322341206,1504000625593,198,9,2,0,0,0,0,0,0,24,4,12,44,4,3,141,4,11,42,3,4,96,4,7,0,0,0,0,0,157,412,117,40,7,79,4,11,61,4,3,18,7,4,516,4,12,16,4,3,0,0,0,0,0,57,40,117,29,31
3315509376,1503508208200,2945,9,1,1,2,1,2,2,0,110,4,7,64,11,4,36,4,12,45,14,4,53,4,14,10,4,0,1,0,76,516,103,154,75,126,4,12,498,7,4,412,4,14,4,4,12,80,11,4,6,0,2,4,0,91,31,90,75,157
3317512072,1503637174990,1495,9,1,2,2,1,1,2,1,497,4,3,18,7,4,1,4,12,10,12,4,141,4,11,9,1,1,0,1,122,119,53,238,57,101,12,4,120,11,6,157,4,12,98,4,14,29,7,4,3,0,0,2,0,23,31,91,19,57
3324098908,1504120328270,1695,9,2,1,2,2,2,2,2,53,3,4,90,4,14,113,11,4,24,4,12,81,4,7,4,0,0,0,0,105,141,154,119,31,157,4,14,150,4,12,102,11,4,89,3,4,67,4,7,10,2,1,2,1,23,25,122,28,31
3324519930,1504175824495,2309,9,2,2,1,2,2,1,2,43,3,4,236,4,7,34,12,4,14,4,12,60,4,11,5,0,0,3,0,122,40,8,238,90,79,4,11,37,3,4,110,7,4,45,12,4,150,12,4,10,1,2,1,1,117,157,119,40,55
3328339404,1504447763562,2137,9,2,1,2,2,0,1,1,63,4,3,4,6,4,102,4,14,33,11,4,429,7,4,3,0,0,2,1,40,31,238,64,6,245,4,12,222,7,4,516,3,4,268,12,4,29,14,11,10,2,0,0,0,134,157,238,17,141
3308059523,1503004650833,1576,9,2,1,2,2,2,2,0,43,4,3,202,7,4,240,12,4,103,4,14,60,4,11,2,0,0,0,0,40,119,117,18,1,154,11,4,267,3,4,110,7,4,14,4,12,161,4,21,10,2,1,3,0,238,75,157,412,141
3326335610,1504293668013,1911,9,2,2,2,2,2,2,0,24,4,12,84,4,14,51,7,4,141,4,11,16,4,3,4,0,0,0,0,45,31,18,119,11,154,11,4,157,4,12,222,4,7,90,4,14,89,4,3,10,2,1,1,0,53,122,6,91,31
3267600636,1500305749975,2952,9,1,1,1,2,2,1,0,61,6,4,126,4,14,64,11,4,67,7,4,40,3,4,9,1,1,3,0,60,53,3,41,154,90,6,4,107,4,11,51,4,7,412,4,14,8,12,4,7,1,2,2,0,58,238,141,117,27
3324410462,1504137758194,1991,9,2,2,1,2,0,2,0,64,4,11,154,4,12,9,4,14,236,7,4,267,3,4,2,0,0,0,0,157,29,31,201,51,432,4,14,23,4,11,45,4,12,53,14,4,119,4,7,11,3,0,3,0,16,90,3,412,25
3327794439,1504385617127,1476,9,1,2,1,1,0,1,0,40,3,4,18,4,7,99,4,21,120,11,6,122,12,4,6,1,0,3,0,117,236,64,114,238,28,11,4,222,7,4,55,14,4,57,4,12,12,3,4,0,0,0,0,0,31,105,23,141,51
3329672962,1504533816978,2015,9,2,1,1,2,2,2,0,79,4,11,58,12,4,117,4,3,42,4,21,22,7,4,4,0,0,0,0,141,31,245,38,29,18,7,4,103,4,14,14,4,12,412,14,4,20,4,11,11,3,2,3,0,29,69,40,57,59
3309177666,1503091181905,1673,9,1,2,2,1,1,2,1,267,4,14,498,4,7,86,4,14,80,4,11,105,12,4,11,3,1,0,1,238,31,40,8,57,7,4,3,412,14,4,67,4,12,79,11,4,18,7,4,3,0,0,2,0,40,29,9,60,8
3277310468,1500945020813,1821,9,1,1,1,1,0,1,1,236,4,7,62,4,14,84,4,12,44,4,3,32,4,11,10,3,0,1,1,117,60,114,122,141,53,3,4,77,11,4,39,12,4,202,7,4,1,4,14,0,0,0,2,0,105,55,31,19,122
3326076195,1504279174964,2304,9,2,1,1,1,1,2,0,222,7,4,115,4,12,421,4,11,43,14,4,157,4,12,8,4,1,3,0,113,92,40,57,238,114,4,12,42,4,3,79,4,11,117,7,4,96,4,21,9,2,2,1,0,29,8,40,31,154
3277809604,1501005513239,2434,9,1,1,1,1,0,1,1,83,4,12,41,4,3,19,4,11,22,4,7,14,4,3,11,4,0,2,1,238,51,201,64,114,106,11,4,21,4,7,55,4,14,117,4,3,141,4,12,3,0,0,2,0,498,53,114,37,157
3326226904,1504288127834,1852,9,2,1,2,2,0,1,1,18,4,7,114,4,12,84,12,4,37,4,3,254,11,4,4,0,0,1,1,58,412,21,202,157,42,4,6,92,12,4,267,3,4,80,11,4,67,4,7,8,1,0,2,0,58,16,245,122,19
3291640574,1501952460796,1534,9,2,2,2,2,2,2,0,134,4,3,98,4,12,19,11,4,44,3,4,18,7,4,1,0,0,0,0,57,498,117,31,27,103,4,14,222,4,7,157,12,4,111,4,3,3,11,4,8,1,1,2,0,154,29,31,119,57
3229355152,1497821099752,1995,9,1,2,1,1,0,2,0,57,4,12,202,4,7,92,4,11,412,4,3,34,4,12,9,1,0,2,0,114,154,64,122,19,55,14,4,432,4,14,81,4,7,72,11,4,50,12,4,6,0,0,2,0,154,105,64,51,24
3316245119,1503576006137,918,9,2,1,2,0,0,2,2,18,4,7,23,4,14,9,4,7,516,4,11,163,4,6,0,0,0,0,0,75,17,154,96,51,497,4,14,122,4,12,202,4,7,115,4,6,98,11,4,3,0,0,1,1,41,238,31,40,157
3319569100,1503790156837,2045,9,1,1,2,1,1,1,0,19,4,11,29,7,4,92,4,12,99,4,14,16,4,3,10,2,1,2,0,105,114,7,240,37,25,14,4,110,4,7,63,4,3,64,4,11,17,4,14,4,0,0,0,0,11,240,1,516,122
3322193760,1503974954326,1409,9,2,1,1,0,0,2,0,57,11,4,40,4,3,238,12,4,110,4,7,236,4,3,2,0,0,0,0,53,31,119,29,113,39,4,12,67,7,4,121,11,4,16,3,4,38,4,12,4,0,0,2,0,122,75,117,31,29
3325626003,1504218926983,1481,9,1,1,1,1,0,2,0,5,4,11,86,14,4,21,4,7,134,4,14,267,4,3,11,3,0,0,0,121,238,19,17,23,45,4,21,24,11,4,114,4,12,222,7,4,53,4,7,0,0,0,1,0,105,245,31,119,157
3320937982,1503880441131,1283,9,1,1,1,0,0,1,1,412,4,3,74,4,21,20,4,11,31,14,4,18,4,7,4,0,0,2,1,40,154,58,117,157,79,11,4,78,12,4,119,4,7,103,4,14,89,4,14,0,0,0,0,0,11,102,117,238,122
3325573737,1504214713232,1949,9,1,1,1,1,1,1,1,63,4,21,102,11,4,22,4,7,24,4,3,25,4,3,7,1,1,3,1,122,40,75,238,141,69,21,4,51,7,4,53,4,3,79,4,11,157,4,12,2,0,0,1,0,67,420,31,122,266
3329273196,1504475243506,2169,9,2,1,2,2,1,2,1,5,4,11,99,4,21,122,4,12,43,4,3,18,4,7,6,1,1,0,1,37,238,105,240,74,89,3,4,8,12,4,120,4,12,51,7,4,141,11,4,8,1,0,4,0,53,497,54,202,157
3269802651,1500422548583,1809,9,1,2,2,1,0,2,0,141,4,11,107,11,4,412,14,4,222,3,4,105,14,4,8,1,0,0,0,154,238,38,103,157,164,12,4,64,4,11,45,6,4,26,4,3,29,4,7,4,0,0,4,0,114,19,58,55,154
3321686447,1503953879103,2766,9,1,2,2,2,1,2,0,69,4,6,79,4,12,25,4,14,117,11,4,498,4,7,5,1,2,0,0,59,29,18,31,40,201,4,14,150,12,4,429,4,7,154,4,11,8,4,14,9,1,1,5,0,38,113,497,31,39
3280331086,1501149090665,2256,9,1,2,2,1,1,1,0,38,4,14,111,4,12,432,3,4,110,7,4,64,4,11,10,1,1,3,0,51,8,31,141,245,121,11,4,18,7,4,99,3,4,59,12,4,238,14,4,3,0,0,0,0,102,6,157,31,222
3318268931,1503699902398,2337,9,1,2,2,1,0,1,2,61,21,4,122,4,12,11,4,11,143,4,14,67,4,7,9,2,0,3,0,29,35,412,238,58,53,3,4,75,12,4,22,7,4,516,11,4,101,4,12,7,0,0,1,1,498,121,42,154,157
3329928972,1504548832687,977,9,1,2,1,0,0,1,0,3,4,12,141,4,12,51,7,4,33,4,11,81,3,4,3,0,0,1,0,131,50,-1,40,53,18,4,7,107,4,11,497,3,4,7,12,4,516,12,4,0,0,0,0,0,31,16,11,223,40
3330334711,1504569512535,1992,9,1,2,1,1,0,2,0,110,4,14,202,4,7,157,12,4,43,3,4,35,14,11,9,1,0,1,0,131,67,12,122,29,421,11,14,90,7,4,25,14,4,10,12,4,236,4,7,2,0,0,1,0,29,154,-1,62,67
3304619161,1502810646215,935,9,1,1,1,0,0,0,0,110,21,4,10,11,4,15,4,7,68,12,4,9,3,4,3,0,0,0,0,51,55,238,119,157,19,4,11,6,4,12,91,4,14,85,4,7,45,3,4,0,0,0,0,0,105,157,92,75,117
3328308659,1504445449428,2712,9,1,2,1,1,2,2,0,62,4,11,222,7,4,53,3,4,161,21,4,10,12,4,11,3,1,2,0,201,31,117,105,238,101,6,4,80,12,4,412,4,3,81,4,7,254,11,4,4,0,1,3,0,122,498,103,63,11
3241919895,1498603574931,1480,9,1,2,1,1,1,1,0,201,3,4,421,11,4,83,12,4,202,7,4,3,14,4,9,2,1,2,0,119,105,-1,114,64,79,11,4,236,4,7,412,4,3,136,3,4,157,4,14,1,0,0,0,0,154,105,238,58,51
3288431712,1501708272312,3108,9,2,2,2,1,1,1,0,64,4,11,412,3,4,48,4,12,202,7,4,136,6,4,6,2,1,2,0,19,122,497,31,141,161,3,4,21,4,7,61,14,4,35,14,11,80,14,4,11,2,0,3,0,122,157,6,51,238
3221735970,1497361799546,2391,9,1,1,1,1,1,1,1,23,12,4,76,4,11,105,4,14,236,4,7,497,4,3,10,2,1,5,1,113,114,154,64,24,37,3,4,222,7,4,69,4,3,31,11,4,39,12,4,3,0,0,0,0,11,17,154,238,51
3328224584,1504438918538,1961,9,2,1,1,2,0,1,1,157,4,14,53,4,3,110,7,4,24,4,11,25,4,12,2,0,0,1,1,122,120,11,64,67,78,4,3,222,4,7,420,12,4,32,4,11,55,14,4,11,4,0,3,0,90,114,516,75,64
3330002036,1504551816769,1727,9,1,1,1,1,0,1,0,412,3,4,67,7,4,68,4,12,238,14,4,102,4,11,8,1,0,2,0,63,114,157,126,103,59,11,4,236,4,7,12,3,4,55,14,4,41,4,12,2,0,0,0,0,40,36,31,29,114
3315919157,1503529152932,1781,9,2,2,2,2,2,2,2,267,4,3,141,4,11,31,12,4,67,7,4,91,4,14,0,0,0,0,0,498,51,40,23,34,157,4,12,24,4,11,18,4,7,42,12,4,432,14,4,10,2,1,2,1,64,154,90,40,10
3326396799,1504296603792,1906,9,1,1,1,1,0,1,1,3,4,12,516,4,3,81,4,7,56,4,11,105,4,14,9,2,0,3,1,154,40,67,64,31,157,4,14,238,3,4,9,4,11,202,12,4,41,12,4,1,0,0,0,0,11,122,15,16,1
3308720328,1503069676640,2366,9,2,2,2,2,2,2,2,14,3,4,429,4,7,79,11,4,103,21,4,83,12,4,5,0,0,0,0,31,157,69,122,23,236,4,7,82,4,14,141,4,11,238,14,4,25,3,4,11,6,2,3,1,122,105,63,90,117
3327856412,1504388901901,1768,9,1,1,1,1,1,1,1,119,4,7,90,4,12,29,11,4,39,14,4,412,4,14,10,3,1,2,1,134,51,40,18,238,154,11,4,22,4,7,267,4,3,7,4,12,83,12,4,2,0,0,1,0,59,141,117,69,134
3320793353,1503869077628,1525,9,1,2,1,1,0,1,1,24,4,12,33,11,4,163,4,3,412,4,14,29,7,4,7,1,0,2,1,38,117,80,154,40,134,4,6,96,4,7,75,4,12,44,4,3,141,11,4,1,0,0,0,0,157,18,516,40,31
3289118046,1501783031349,1304,9,1,1,1,1,0,1,1,60,4,11,202,7,4,161,21,4,89,4,3,122,12,4,8,1,0,1,1,141,105,35,31,6,75,3,4,497,3,4,21,7,4,45,14,4,133,4,11,0,0,0,0,0,157,1,31,134,141
3270414987,1500468208789,1852,9,1,1,1,1,1,2,0,99,14,4,202,4,7,267,3,4,79,4,11,92,4,14,7,1,1,1,0,31,238,45,154,80,106,4,12,29,4,7,24,11,4,37,3,4,134,4,14,3,0,0,2,0,19,119,117,157,11
3317005537,1503597918671,1745,9,2,2,2,2,0,2,2,267,4,14,59,4,12,18,4,7,154,4,11,127,4,14,2,0,0,1,0,96,90,117,40,119,79,4,14,92,4,12,89,4,14,202,4,7,57,4,11,8,1,0,2,1,53,19,40,33,31
3325725559,1504236599939,2427,9,1,1,2,1,1,1,0,202,4,7,412,4,3,62,14,4,121,4,11,238,14,4,10,3,1,2,0,40,18,53,31,157,141,11,4,4,3,4,89,4,14,22,7,4,91,4,14,4,0,0,2,0,75,117,122,53,254
3264278741,1500071532780,1239,9,1,1,1,1,0,1,0,238,14,4,121,11,4,22,7,4,92,4,12,44,4,14,11,2,0,2,0,117,154,53,8,32,99,4,3,29,4,7,161,4,3,75,4,12,64,11,4,1,0,0,0,0,119,154,39,51,141
3324050334,1504117957448,2558,9,2,1,2,2,2,2,2,4,6,4,1,14,4,240,12,4,51,7,4,33,11,4,6,0,0,0,0,157,105,11,114,245,18,7,4,16,4,3,59,11,4,161,4,14,31,4,12,8,1,1,3,1,114,90,516,91,53
3289954700,1501837693014,2040,9,1,1,1,1,1,1,1,42,4,3,113,4,11,58,4,12,14,3,4,429,7,4,8,1,1,4,1,103,31,134,238,81,90,6,4,114,4,12,267,3,4,104,4,11,15,7,4,3,0,0,0,0,119,238,157,164,31
3245032529,1498787353935,1466,9,2,1,1,1,2,1,1,19,4,11,133,12,4,53,4,14,51,7,4,245,12,4,7,1,0,1,1,202,90,157,154,203,101,4,6,74,3,4,267,4,3,119,7,4,57,11,4,8,1,1,0,0,92,84,43,154,114
3317027689,1503599030616,1502,9,1,1,1,1,0,1,1,117,3,4,18,4,7,36,4,12,61,21,4,254,11,4,11,2,0,2,1,498,31,141,40,105,64,11,4,101,21,4,29,4,7,12,3,4,24,12,4,3,0,0,0,0,79,516,57,119,122
3304121134,1502751511012,1315,9,2,2,2,2,0,1,0,58,14,4,222,12,4,18,4,7,40,4,3,121,11,4,0,0,0,1,0,53,31,157,238,99,202,7,4,432,4,14,119,14,4,64,11,4,45,14,4,7,1,0,0,0,236,21,238,105,-1
3317001473,1503596215538,1120,9,2,2,2,2,0,2,2,39,12,4,18,4,7,113,4,11,267,4,14,98,4,12,0,0,0,0,0,31,40,57,117,119,161,1,4,24,4,12,16,4,3,15,4,7,33,4,11,8,1,0,1,1,119,20,117,79,141
3328539811,1504453126946,1269,9,1,1,1,0,0,0,0,99,4,21,59,4,11,96,4,7,497,14,4,41,4,12,5,0,0,0,0,7,113,412,39,40,240,4,12,117,7,4,18,4,21,134,6,4,154,11,4,0,0,0,0,0,498,429,8,29,-1
3272699389,1500644244810,2735,9,1,1,1,2,1,2,0,107,4,11,99,4,12,498,4,7,267,3,4,150,12,4,9,2,2,3,0,238,121,154,59,122,44,4,3,33,11,4,18,7,4,103,4,14,53,12,4,6,1,0,1,0,29,31,238,83,35
3248530196,1499020467521,2139,9,2,1,2,2,2,2,2,133,7,4,15,4,7,1,14,4,497,4,3,11,4,11,1,0,0,0,0,25,157,74,236,223,63,4,14,53,4,3,77,4,11,51,7,4,31,4,12,11,3,1,4,1,119,154,114,23,105
3306482052,1502909318291,2192,9,1,2,2,1,1,2,0,18,21,4,42,7,4,79,4,11,63,4,21,26,4,3,11,3,1,2,0,21,17,122,103,498,119,4,7,141,11,4,3,12,4,126,12,4,59,4,3,4,0,0,1,0,157,57,11,75,254
3328520134,1504452929216,1699,9,1,1,1,1,0,1,0,498,7,4,131,4,14,122,4,12,64,4,11,412,14,4,10,2,0,2,0,105,113,117,40,31,16,4,3,5,11,4,59,4,14,103,4,14,18,7,4,0,0,0,0,0,40,57,114,29,238
3323311261,1504092771227,1689,9,1,1,1,1,2,2,1,96,4,7,6,4,12,117,4,3,3,4,12,29,11,4,11,2,0,2,1,92,40,8,7,114,90,4,6,37,7,4,67,21,4,50,12,4,64,4,11,1,0,1,1,0,119,40,122,11,92
3327581796,1504373089661,1311,9,2,2,2,2,0,2,2,18,7,4,58,4,12,412,4,3,157,4,14,60,4,11,0,0,0,0,0,75,113,497,266,31,19,11,4,7,3,4,43,4,14,115,7,4,98,12,4,11,3,0,2,1,31,57,50,90,40
3220345090,1497270759605,3021,9,2,2,1,1,2,1,1,45,12,4,11,4,11,39,4,12,51,4,7,53,3,4,8,1,0,1,1,154,114,23,103,420,67,7,4,43,4,14,164,12,4,79,4,11,157,14,4,9,1,3,3,0,122,119,117,21,80
3311707546,1503257404495,1942,9,2,2,2,2,0,2,0,79,11,4,51,4,7,63,3,4,115,14,4,11,4,14,1,0,0,1,0,105,114,157,53,412,238,4,14,202,4,7,50,4,12,99,3,4,19,4,11,11,3,0,2,0,53,7,154,91,141
3329071314,1504463703819,2168,9,2,1,2,2,2,2,0,163,3,4,96,4,7,25,4,3,33,11,4,75,4,12,0,0,0,0,0,57,126,53,18,38,420,4,12,432,4,14,55,4,14,62,4,11,498,4,7,9,2,1,3,0,16,119,19,67,31
3322283903,1503995776397,1580,9,2,2,2,2,0,2,0,120,11,6,58,12,4,63,4,3,22,7,4,268,4,1,1,0,0,0,0,119,18,117,31,80,497,4,14,498,7,4,39,4,12,121,4,11,45,4,6,9,2,0,1,0,81,29,23,238,31
3272631520,1500637305166,1599,9,1,2,1,1,1,1,1,19,11,4,103,4,21,89,3,4,122,4,12,29,4,7,11,2,1,3,1,154,498,157,420,114,84,14,4,61,14,4,117,3,4,11,4,11,18,7,4,1,0,0,0,0,17,63,141,238,154
3241856756,1498599020342,2897,9,1,1,2,1,1,2,0,60,4,11,81,14,4,74,4,14,236,4,7,53,4,3,11,5,2,2,0,157,223,238,154,64,201,4,3,105,11,4,8,4,12,222,4,7,245,14,4,7,0,0,2,0,498,115,122,107,157
3289691250,1501803484592,2170,9,2,2,2,2,2,2,0,115,4,14,53,7,4,84,14,4,141,11,4,266,12,4,4,0,0,1,0,2,15,17,6,41,92,12,4,57,11,4,105,4,14,43,4,3,18,4,7,8,2,1,2,0,122,51,157,55,131
3321454725,1503942546947,1965,9,1,1,1,1,1,1,1,106,6,11,21,7,4,31,12,4,59,12,4,143,4,3,9,1,1,2,1,122,429,25,157,11,63,4,14,3,4,12,222,4,7,55,12,4,254,11,4,3,0,0,1,0,157,105,29,114,12
3330012581,1504552209923,1778,9,2,1,2,2,0,1,0,16,4,3,157,4,12,236,7,4,84,14,4,64,4,11,2,0,0,1,0,19,29,31,61,8,141,4,11,420,4,12,101,4,21,51,4,7,267,3,4,10,3,0,2,0,238,57,53,516,41
3327872679,1504390354936,2611,9,1,2,2,2,1,1,0,18,4,7,80,12,4,516,3,4,64,11,4,134,4,14,7,1,1,2,0,67,11,25,420,40,112,12,4,59,11,4,6,4,12,202,7,4,412,4,3,6,1,0,1,0,119,238,157,53,122
3328238648,1504442575168,2084,9,2,2,2,2,0,2,0,53,14,4,63,4,14,131,4,14,41,4,12,498,4,7,1,0,0,0,0,40,7,238,157,117,19,11,4,150,4,12,89,4,3,61,21,4,429,4,7,11,4,0,4,0,55,134,-1,35,114
3324863016,1504196847689,1362,9,1,2,1,1,1,0,1,497,4,14,236,7,4,69,4,3,154,4,11,516,12,4,10,2,1,0,1,114,238,51,75,96,120,6,11,117,7,4,61,12,4,67,21,4,141,4,12,0,0,0,0,0,150,119,40,29,18
3328054059,1504422431622,1210,9,1,1,1,0,0,2,1,117,7,4,29,4,21,37,4,21,54,4,12,141,11,4,5,0,0,1,1,497,18,429,14,498,134,6,4,236,7,4,76,11,4,91,4,14,44,14,4,1,0,0,1,0,154,7,40,28,429
3305789416,1502874258923,1800,9,2,1,2,2,0,2,1,80,12,4,412,4,14,18,4,7,48,11,4,238,4,14,4,0,0,1,1,23,25,84,122,420,86,12,4,29,4,7,223,3,4,1,14,4,106,11,4,7,1,0,1,0,117,157,84,122,154
3293644163,1502115526825,1453,9,1,1,2,1,0,1,0,141,4,11,61,6,4,79,12,4,53,14,4,29,1,4,6,1,0,1,0,154,91,238,31,119,77,11,4,76,14,4,18,4,7,113,12,4,412,4,3,1,0,0,0,0,19,7,64,105,119
3328078940,1504427987103,1520,9,2,1,2,2,0,2,2,34,14,4,60,11,4,223,3,4,67,4,7,92,4,12,1,0,0,0,0,51,134,40,17,122,412,4,3,133,4,14,18,7,4,157,4,11,7,4,12,11,3,0,2,1,105,24,497,53,40
3329126116,1504467380477,1982,9,1,1,2,1,1,2,0,23,4,14,38,12,4,40,4,3,141,4,11,498,7,4,8,1,1,3,0,50,16,412,29,31,113,4,11,429,4,7,105,12,4,432,4,14,17,12,4,4,0,1,1,0,238,67,11,18,150
3249986188,1499108214906,2154,9,2,2,1,1,2,2,0,3,14,4,21,4,7,105,4,14,41,4,12,111,11,4,7,1,0,1,0,157,63,238,58,38,64,11,4,31,12,4,42,7,4,267,4,3,236,7,4,9,1,1,2,0,51,119,67,55,117
3329526446,1504524530613,1987,9,1,1,1,1,1,2,0,29,4,7,69,14,4,62,4,11,201,4,3,114,4,12,11,3,1,1,0,245,238,31,6,157,41,12,4,40,4,3,58,4,12,2,11,6,236,4,7,1,0,0,2,0,67,103,154,516,126
3317344267,1503613501544,1176,9,2,2,2,2,0,2,2,429,4,7,412,14,4,78,4,11,41,4,3,8,4,14,0,0,0,0,0,59,117,40,126,57,31,12,4,62,4,12,110,4,7,19,11,4,25,4,14,9,2,0,2,1,57,40,79,18,16
3325624191,1504218200977,2152,9,2,2,2,2,2,1,0,12,4,14,236,4,7,91,4,14,75,4,12,64,4,11,1,0,0,1,0,17,51,497,254,134,77,6,11,79,4,12,223,7,4,18,4,21,3,4,12,11,3,1,2,0,157,-1,31,53,238
3324949128,1504201990515,1721,9,1,1,1,1,0,1,0,202,4,7,11,4,11,16,3,4,115,12,4,23,12,4,10,3,0,3,0,64,157,122,154,238,75,12,4,497,4,3,498,4,7,56,4,11,103,4,12,2,0,0,0,0,19,92,238,18,59
3326199220,1504286058435,2027,9,1,1,1,1,0,2,0,43,21,4,99,21,4,64,11,4,24,4,12,15,4,7,9,1,0,1,0,105,238,31,126,18,27,6,3,143,3,4,76,11,4,67,4,7,55,4,14,4,0,0,1,0,157,29,35,19,122
3307326890,1502985987921,2449,9,2,2,1,2,0,2,1,79,11,4,122,12,4,51,4,7,161,3,4,76,14,4,4,0,0,2,1,67,57,6,31,157,105,4,14,62,4,14,121,11,4,498,4,7,497,3,4,10,2,0,2,0,119,245,31,11,157
3329782544,1504539403131,2416,9,1,1,2,1,1,1,0,103,14,4,412,3,4,67,4,7,18,12,4,154,4,11,9,2,2,3,0,31,84,40,157,8,223,3,4,15,7,4,141,11,4,17,14,4,61,4,12,7,0,0,1,0,69,40,117,75,11
3282207991,1501275638323,2591,9,1,2,1,2,1,1,1,38,4,14,37,3,4,36,4,12,15,4,7,24,4,11,9,2,1,3,1,238,131,99,105,92,101,4,3,141,11,4,74,12,4,150,4,12,42,7,4,7,1,0,1,0,238,122,11,29,6
3328165202,1504435681582,1487,9,1,1,1,1,1,1,0,29,4,7,37,3,4,91,4,14,113,4,11,126,4,12,9,1,1,2,0,16,96,119,40,57,164,4,12,18,4,7,432,4,3,141,11,4,26,4,21,1,0,0,0,0,412,51,117,33,40
3315932101,1503525478813,1730,9,1,2,1,1,0,1,0,222,4,7,106,3,4,31,4,12,126,4,12,107,4,11,11,3,0,2,0,141,1,122,114,157,57,4,14,79,4,11,80,4,14,53,4,3,51,7,4,0,0,0,0,0,114,154,42,11,238
3304627526,1502810024367,2276,9,1,2,2,1,1,1,2,53,4,14,110,7,4,102,11,4,7,12,4,10,4,12,8,1,1,2,0,15,40,18,117,113,103,4,14,150,12,4,25,4,14,22,4,7,33,11,4,6,0,1,1,1,84,412,114,55,31
3326757673,1504344526299,2509,9,1,2,2,1,1,1,0,236,7,4,111,4,3,157,4,14,83,12,4,203,4,11,11,5,2,3,0,11,51,114,23,67,45,12,4,37,3,4,21,7,4,59,4,11,84,14,4,4,0,0,2,0,67,119,40,122,105
3283939442,1501419376955,1539,9,1,1,1,1,1,1,1,75,6,12,25,4,3,11,11,4,202,4,7,50,4,14,11,3,1,2,1,36,157,268,134,122,40,4,3,7,14,4,236,4,7,54,11,4,86,12,4,0,0,0,0,0,31,32,114,154,29
3311780502,1503258590306,1599,9,1,1,1,1,1,1,2,42,7,4,16,4,3,58,4,12,222,7,4,31,4,11,8,1,1,2,0,119,154,238,19,29,412,3,4,79,4,11,498,4,7,103,14,4,157,4,12,2,0,0,0,1,84,57,40,117,141
3254083028,1499410370788,2196,9,2,2,1,2,2,2,1,412,14,4,115,4,14,236,4,7,83,4,12,64,11,4,5,0,0,0,1,427,238,119,122,51,61,4,14,9,4,11,26,3,4,157,4,12,110,4,7,10,2,1,3,0,154,238,114,122,23
3329279892,1504477804104,211,9,2,1,0,0,0,0,0,28,11,4,245,4,14,498,7,4,497,4,3,112,4,14,0,0,0,0,0,222,119,154,157,-1,57,4,3,67,4,7,103,4,14,92,12,4,32,4,11,0,0,0,0,0,11,85,31,50,86
3327294041,1504357258572,1424,9,2,2,2,2,0,2,0,92,4,12,154,11,4,223,4,3,67,4,7,238,4,14,0,0,0,0,0,6,141,40,33,75,81,4,7,25,3,4,164,4,12,54,3,4,79,4,11,10,2,0,2,0,23,113,40,31,38
3330068530,1504556205790,2324,9,1,2,2,2,2,2,2,516,12,4,79,4,11,29,7,4,40,3,4,84,14,4,8,1,1,0,0,150,114,16,90,25,53,3,4,8,14,4,202,4,7,141,4,11,31,4,12,11,2,1,4,1,113,24,18,122,238
3315588276,1503512030737,1562,9,2,1,2,2,2,2,2,254,11,4,21,7,4,41,12,4,55,14,4,117,4,3,0,0,0,1,0,67,29,59,40,90,102,4,11,11,4,14,202,4,7,37,3,4,103,4,14,11,3,1,3,1,64,57,119,238,53
3327686050,1504380296311,2029,9,2,1,2,2,2,1,1,58,4,12,16,3,4,105,4,14,222,7,4,64,4,11,3,0,0,1,1,31,122,238,141,6,19,4,11,99,4,14,114,4,12,202,4,7,112,4,3,10,2,2,1,0,4,117,29,157,40
3322774507,1504029956899,1626,9,1,1,1,1,1,1,1,19,11,4,6,4,12,202,7,4,53,4,14,1,14,4,11,4,1,2,1,157,40,117,105,18,498,4,7,37,4,14,48,4,12,79,4,11,99,4,21,1,0,0,0,0,497,141,117,40,59
3330156084,1504560982977,2572,9,2,2,1,2,1,1,0,203,4,11,15,4,7,34,4,12,37,3,4,57,4,12,3,0,1,2,0,75,105,117,122,141,78,4,12,497,3,4,81,4,7,8,14,4,113,11,4,11,4,1,2,0,12,40,131,31,266
3301850525,1502634948876,2376,9,2,2,2,2,1,2,0,21,7,4,245,4,14,25,3,4,33,11,4,54,4,12,4,0,1,1,0,39,119,55,104,1,67,7,4,23,12,4,40,3,4,61,14,4,11,4,11,11,3,1,4,0,85,5,154,75,51
3293572330,1502110714220,2019,9,2,1,1,2,2,2,2,67,4,7,33,4,11,161,4,12,24,4,12,44,3,4,2,0,0,1,0,122,141,75,29,498,157,12,4,19,4,11,63,4,14,121,7,4,143,4,14,10,2,1,2,1,31,154,40,134,105
3317431575,1503618114437,2363,9,1,1,2,1,1,1,1,67,4,7,117,14,4,24,11,4,6,4,12,115,4,6,10,1,2,1,1,134,11,64,157,238,99,4,7,56,11,4,81,7,4,14,4,14,75,12,4,3,0,0,3,0,114,11,51,17,238
3324661553,1504184613717,1600,9,1,2,2,1,0,1,1,141,11,4,45,12,4,236,7,4,201,4,3,17,4,12,9,2,0,2,1,86,40,114,31,90,202,7,4,16,3,4,59,11,4,39,4,12,61,4,21,2,0,0,0,0,25,92,122,31,157
3257365373,1499627183479,2013,9,2,1,2,2,0,1,0,154,11,4,38,4,12,37,3,4,164,12,4,236,7,4,3,0,0,2,0,134,203,157,67,90,19,4,11,131,12,4,51,4,7,267,3,4,103,4,3,8,1,0,0,0,119,157,412,245,134
3282505619,1501317572238,1596,9,1,2,1,0,0,2,0,245,11,4,3,4,12,143,7,4,75,12,4,222,4,7,5,0,0,1,0,141,119,53,126,11,17,12,4,89,4,7,5,4,11,99,14,4,51,4,7,2,0,0,2,0,412,45,92,4,420
3232423716,1497999882237,2515,9,1,2,1,1,2,2,2,121,4,11,7,14,4,53,4,3,21,4,7,24,12,4,9,2,0,3,0,61,114,67,498,122,432,4,14,240,12,4,154,4,11,41,3,4,236,4,7,5,0,1,2,1,134,157,51,105,114
3272969865,1500661382247,1795,9,1,1,1,1,1,2,1,201,4,3,254,4,11,61,4,12,31,4,12,110,7,4,9,2,1,2,1,154,238,157,38,141,3,12,4,112,4,21,412,4,3,202,7,4,57,11,4,1,0,0,1,0,51,119,131,122,154
3287470811,1501670664698,1225,9,2,2,2,0,0,2,0,141,4,14,497,14,4,51,4,7,24,12,4,11,4,11,0,0,0,0,0,53,90,122,134,157,28,4,11,17,4,3,236,4,7,238,14,4,63,4,3,4,0,0,2,0,9,122,103,57,201
3312770861,1503327083557,1743,9,1,2,2,1,0,2,2,40,3,4,84,12,4,55,4,3,67,4,7,57,4,11,11,2,0,1,0,29,134,119,126,24,238,14,4,18,7,4,76,11,4,59,4,12,267,3,4,3,0,0,1,1,31,201,114,105,122
3327099852,1504353233806,194,9,1,0,0,0,0,0,0,51,7,4,53,4,3,4,4,6,11,4,11,31,4,12,0,0,0,0,0,154,497,25,238,141,50,14,4,40,3,4,110,4,7,86,4,12,33,4,11,0,0,0,0,0,29,67,122,55,157
3282440991,1501289789908,1921,9,2,1,1,2,2,2,0,61,6,4,48,11,4,92,4,11,67,4,7,497,4,3,4,0,0,0,0,238,3,122,157,420,115,4,21,80,4,12,12,3,4,110,4,7,19,11,4,7,2,1,3,0,238,157,154,1,141
3327411872,1504362256238,1686,9,1,2,2,1,1,2,2,267,4,3,99,21,4,102,4,11,15,4,7,64,4,12,7,1,1,2,0,105,516,53,157,3,92,4,12,76,4,11,202,4,7,45,4,12,90,14,4,3,0,0,1,1,122,113,119,103,38
3327654736,1504377255353,1585,9,2,1,2,2,2,2,0,80,11,4,89,14,4,110,4,7,516,4,12,61,4,12,2,0,0,0,0,238,40,18,31,122,98,4,12,29,7,4,99,4,3,115,12,4,79,4,11,7,2,1,1,0,157,96,114,40,18
3329864772,1504545130456,2416,9,2,2,1,1,1,1,1,498,7,4,127,4,12,117,4,3,19,4,11,122,12,4,10,4,1,4,1,29,61,31,40,16,38,4,14,141,11,4,67,4,7,267,4,3,58,4,12,7,1,2,1,0,103,91,113,29,18
3330060476,1504554187361,1957,9,1,2,1,1,1,1,1,53,4,3,236,7,4,39,4,12,3,12,4,106,11,4,10,3,2,3,1,498,238,157,119,23,51,4,7,78,3,4,126,7,4,59,11,4,55,14,4,2,0,0,0,0,238,122,150,17,157
3296142942,1502283600345,1364,9,1,1,1,1,0,1,1,75,6,12,161,4,7,81,7,4,31,11,4,53,14,4,9,1,0,2,1,119,114,18,117,24,79,11,4,412,4,14,103,14,4,29,1,4,23,12,4,1,0,0,0,0,18,119,38,57,40
3331502556,1504651436494,2435,9,2,2,2,1,2,2,0,24,12,4,16,4,3,18,7,4,45,21,4,59,4,11,9,1,0,2,0,122,516,63,75,67,35,14,12,19,4,11,92,14,4,202,4,7,12,3,4,10,2,1,2,0,157,29,75,31,412
3329511685,1504521729917,1856,9,1,2,2,1,1,1,0,79,4,11,18,4,7,84,14,4,37,4,3,41,12,4,7,1,1,3,0,498,57,67,117,31,24,4,12,89,4,14,202,4,7,26,4,3,141,11,4,6,0,0,1,0,498,40,67,29,157
3325674475,1504223225864,1967,9,2,1,1,2,0,2,0,53,4,3,202,7,4,38,4,1,141,4,11,25,3,4,3,0,0,0,0,92,17,24,50,75,1,6,4,267,4,3,58,4,12,59,4,11,96,4,7,10,1,0,3,0,266,119,18,157,81
3237296078,1498324584140,1521,9,2,1,2,2,2,2,2,53,4,14,25,4,3,92,4,12,64,4,11,157,4,14,2,0,0,0,0,58,55,51,114,7,119,4,7,39,14,4,99,4,6,19,11,6,37,14,4,9,3,1,1,1,51,5,17,114,11
3284202779,1501432243129,2267,9,2,1,1,2,2,2,2,24,4,12,53,14,4,79,4,11,103,14,4,18,4,7,3,0,1,1,0,75,6,31,141,90,19,11,6,67,7,4,16,14,4,134,4,14,92,4,12,10,2,1,4,1,39,31,157,497,7
3331247913,1504637366295,2374,9,1,2,2,2,2,2,0,59,4,14,14,4,12,9,11,4,45,4,3,67,4,7,7,1,1,2,0,16,24,33,126,29,51,4,7,7,4,12,40,4,3,31,4,12,28,4,11,5,1,1,2,0,18,117,29,16,119
3293438623,1502099493365,2133,9,2,2,2,2,0,2,0,134,4,14,114,12,4,107,11,4,12,3,4,429,4,7,2,0,0,0,0,420,163,31,157,119,21,4,7,117,3,4,141,4,12,103,4,12,29,4,11,10,2,0,2,0,3,40,238,498,31
3256720814,1499568766393,2105,9,1,2,1,1,1,1,1,35,14,11,18,4,7,157,4,3,3,4,12,9,14,4,10,2,1,3,1,55,29,23,90,117,105,4,11,25,3,4,24,4,14,429,7,4,114,4,12,3,0,0,0,0,51,119,420,19,154
3329532322,1504522882894,2578,9,1,2,2,2,1,1,0,25,3,4,58,12,4,127,14,4,67,7,4,516,11,4,11,2,1,2,0,24,202,89,157,3,412,4,3,18,4,7,103,4,12,98,4,12,72,4,11,9,2,0,2,0,81,24,122,28,105
3315661993,1503513540945,1512,9,2,2,2,2,0,2,2,498,7,4,60,4,11,497,3,4,236,4,7,516,12,4,3,0,0,0,0,223,141,57,40,154,25,3,4,67,4,7,45,12,4,31,12,4,120,6,11,6,1,0,1,1,141,202,19,6,90
3308533548,1503056661111,1245,9,2,1,2,0,0,2,2,136,21,4,154,4,11,17,12,4,21,4,7,12,3,4,0,0,0,0,0,157,141,134,119,75,15,4,7,10,4,12,40,3,4,103,14,4,11,11,4,5,0,0,2,1,42,157,114,119,6
3326398123,1504296925751,202,9,2,1,0,0,0,0,0,18,4,7,25,3,4,104,4,11,516,4,12,115,4,12,0,0,0,0,0,157,114,29,238,122,102,12,14,32,4,11,99,4,21,202,4,7,412,4,3,0,0,0,0,0,24,154,11,67,84
3263916045,1500050032316,2077,9,2,2,2,2,2,2,2,99,14,4,77,4,14,267,4,3,17,4,11,236,4,7,1,0,0,0,0,105,11,245,154,51,67,4,7,3,4,12,254,11,4,44,14,4,134,4,21,10,4,1,3,1,105,266,25,497,154
3302430628,1502658377378,2161,9,1,2,2,1,1,2,1,4,4,14,114,4,12,77,6,11,498,4,7,412,4,14,11,4,2,3,1,31,75,6,41,40,254,4,11,115,4,21,15,4,7,432,4,14,127,4,12,5,0,0,1,0,29,40,53,141,117
3295455396,1502232725952,1490,9,1,1,1,1,1,1,1,236,7,4,5,4,11,53,4,14,157,14,4,24,12,4,9,2,1,1,1,75,40,54,121,25,134,4,14,39,4,12,117,4,3,18,4,7,19,4,11,4,0,0,1,0,412,119,51,40,34
3322833465,1504032458656,1266,9,2,2,2,0,0,0,0,2,11,6,161,4,21,498,7,4,516,12,4,497,4,3,0,0,0,0,0,164,122,119,11,238,240,4,12,222,7,4,57,4,11,44,3,4,8,14,4,3,0,0,0,0,122,69,18,67,141
3301506410,1502622222145,1685,9,2,1,2,2,2,2,2,7,4,14,18,7,4,41,4,12,60,11,4,37,4,14,1,0,0,0,0,31,11,141,114,103,222,4,7,40,4,3,75,12,6,134,14,4,154,4,11,10,3,1,2,1,10,23,11,157,119
3319058613,1503757817226,1791,9,2,2,2,2,2,2,2,18,7,4,79,14,4,516,12,4,37,3,4,24,11,4,1,0,0,0,0,53,157,238,60,7,497,4,3,203,4,11,80,4,12,498,7,4,236,7,4,10,2,2,3,1,141,119,40,154,31
3329063592,1504463960810,1587,9,2,1,2,0,0,2,0,25,3,4,23,12,4,99,4,14,18,4,7,19,11,4,5,0,0,0,0,238,105,143,157,121,141,11,4,79,12,4,119,7,4,44,4,3,1,4,14,5,0,0,2,0,122,31,36,82,238
3315606170,1503511151440,1779,9,2,1,2,2,0,1,1,74,4,7,23,11,4,81,7,4,117,14,4,14,12,4,3,0,0,1,1,51,238,31,516,3,40,3,4,29,4,7,76,4,14,57,11,4,84,12,4,10,2,0,2,0,122,114,238,17,157
3315270917,1503490365749,1291,9,1,2,1,0,0,1,0,117,4,14,157,12,4,60,4,11,498,4,7,9,4,14,3,0,0,1,0,64,154,40,31,141,24,4,12,222,4,7,59,11,4,497,14,4,42,4,12,3,0,0,0,0,40,141,121,154,29
3324522649,1504171743315,968,9,2,2,2,0,0,0,1,150,4,12,9,4,11,16,4,3,18,4,7,105,4,14,0,0,0,0,1,141,8,96,53,55,236,7,4,84,14,4,98,12,4,28,4,11,12,3,4,2,0,0,0,0,40,117,141,113,31
3323638633,1504105199249,1603,9,2,2,2,2,0,1,0,16,3,4,157,12,4,103,4,14,141,11,4,96,4,7,4,0,0,1,0,40,114,29,105,92,18,7,4,17,12,4,11,11,4,117,12,4,412,14,4,7,1,0,1,0,24,119,15,92,80
3328911515,1504458213091,2410,9,2,1,1,1,1,2,0,238,14,4,13,12,4,498,4,7,117,4,3,90,4,11,7,2,1,0,0,412,18,40,57,122,222,4,7,53,3,4,79,14,4,24,4,11,17,4,14,11,2,1,5,0,18,141,31,119,57
3314119035,1503427357433,1444,9,1,2,1,1,1,1,1,40,3,4,19,4,12,131,4,11,82,14,4,67,7,4,10,1,1,3,1,105,238,122,51,18,96,4,7,50,4,12,141,4,11,48,4,12,412,4,14,2,0,0,0,0,57,75,134,31,16
3321536050,1503945863841,2575,9,1,2,2,1,1,1,1,497,3,4,14,12,4,254,4,11,69,1,4,202,4,7,9,3,1,3,1,114,238,19,31,8,28,4,11,143,4,3,59,12,4,53,14,4,21,4,7,4,0,0,0,0,25,157,119,122,55
3311529253,1503250022615,2422,9,2,1,2,2,0,1,0,157,4,12,6,12,4,222,7,4,53,4,3,79,11,4,3,0,0,3,0,11,141,119,122,105,40,3,4,45,4,14,102,11,4,103,4,12,42,4,7,10,3,0,1,0,92,122,24,117,201
3255100308,1499458246103,1871,9,2,2,1,2,2,2,0,64,11,4,236,7,4,126,12,4,1,4,12,117,3,4,2,0,0,0,0,119,136,114,55,122,412,4,14,61,21,4,154,11,4,80,14,4,202,7,4,9,2,1,3,0,68,11,29,55,24
3320877846,1503874669496,1289,9,1,1,1,1,0,1,0,53,4,14,98,4,12,43,7,4,157,4,14,33,4,11,6,1,0,1,0,122,51,32,238,24,19,4,11,516,4,3,75,4,12,18,4,7,81,7,4,0,0,0,0,0,10,23,141,105,154
3327808076,1504386611005,2128,9,1,1,1,1,2,1,1,18,7,4,106,12,4,516,11,4,497,3,4,8,14,4,11,3,0,4,1,105,53,25,141,29,222,21,4,43,7,4,238,4,14,121,4,11,114,4,12,3,0,1,0,0,75,53,122,105,141
3327339594,1504361412683,193,9,2,0,0,0,0,0,0,69,12,4,25,4,3,33,4,11,29,4,7,86,4,12,0,0,0,0,0,119,134,157,58,114,238,4,1,67,7,4,161,4,3,32,4,11,53,4,3,0,0,0,0,0,157,18,40,245,31
3324568012,1504179233899,195,9,1,1,0,0,0,0,0,4,14,4,28,11,14,41,4,12,117,14,4,18,7,4,0,0,0,0,0,92,119,67,11,40,96,7,4,30,4,12,112,4,12,16,3,4,77,11,4,0,0,0,0,0,238,105,53,40,64
3324929882,1504202031280,1718,9,1,1,1,1,1,2,0,14,4,12,43,3,4,51,7,4,105,14,4,76,4,11,10,2,1,1,0,119,122,18,16,29,141,11,4,222,7,4,103,4,14,267,3,4,516,12,4,2,0,0,1,0,40,18,157,92,117
3319286249,1503772988788,1880,9,1,2,1,1,1,1,0,61,4,21,15,4,7,58,12,4,57,11,4,40,3,4,11,2,1,3,0,35,141,157,18,114,12,4,14,74,4,12,59,11,4,99,21,4,21,7,4,0,0,0,0,0,150,238,45,91,113
3317684290,1503663964033,1389,9,2,2,2,2,0,1,2,238,4,14,83,12,4,72,11,6,37,4,3,18,7,4,0,0,0,1,0,92,119,154,89,412,57,11,4,48,4,12,21,4,7,53,14,4,45,7,4,8,1,0,1,1,1,157,29,516,114
3328035942,1504423412587,1725,9,1,1,1,1,1,1,0,150,4,12,22,4,7,25,4,14,33,11,4,90,21,4,9,1,1,2,0,154,53,40,122,11,99,4,12,420,12,4,51,7,4,89,3,4,120,6,11,0,0,0,0,0,1,157,67,31,238
3243018380,1498671684934,1268,9,1,1,1,1,0,1,1,412,4,14,18,7,4,4,4,6,119,4,11,48,12,4,11,3,0,1,1,38,29,122,201,105,58,12,4,40,4,3,15,4,7,99,1,4,72,11,4,0,0,0,0,0,245,157,134,7,64
3326564891,1504307198088,2139,9,2,1,1,2,2,1,1,75,12,4,110,4,7,121,4,11,131,12,4,89,4,14,4,0,0,2,1,154,67,25,23,238,113,11,4,497,4,14,202,7,4,161,4,21,157,12,4,8,3,1,1,0,141,31,105,36,53
3329213175,1504471830068,2408,9,2,1,2,1,2,2,1,35,11,4,412,4,7,141,4,12,103,4,14,110,7,4,6,1,0,3,1,119,238,19,122,63,82,4,12,201,3,4,45,12,4,67,7,4,5,11,4,11,3,2,1,0,119,18,245,80,58
3318382343,1503701157018,1252,9,2,2,2,2,0,1,0,90,4,21,497,4,3,498,4,7,6,4,12,154,4,11,2,0,0,1,0,67,29,26,157,86,238,4,14,75,12,4,412,3,4,59,11,4,18,4,7,6,1,0,0,0,53,31,141,80,120
3331166856,1504633905373,1418,9,1,2,1,1,0,1,0,498,4,7,38,4,12,32,4,11,432,14,4,122,4,12,10,2,0,2,0,29,238,40,31,119,68,12,4,236,7,4,63,4,3,121,11,4,18,4,7,0,0,0,0,0,119,31,40,57,117
3241605360,1498588110046,1517,9,1,1,1,1,0,1,0,112,4,12,43,4,3,21,7,4,64,4,11,39,4,12,10,2,0,2,0,105,92,38,114,7,164,4,12,412,3,4,121,4,11,429,7,4,61,4,7,2,0,0,0,0,19,7,51,96,498
3329336162,1504481007372,2003,9,2,1,1,1,1,1,0,58,12,4,133,4,11,85,4,14,89,3,4,202,4,7,9,1,1,3,0,50,31,122,119,25,117,3,4,222,4,7,38,4,14,24,4,12,141,4,11,7,1,0,0,0,29,157,21,31,69
3241626392,1498588768985,1684,9,2,2,1,2,0,2,1,432,14,4,14,11,4,84,14,4,8,12,4,51,4,7,2,0,0,0,1,238,90,114,202,117,18,4,7,40,3,4,121,4,11,17,4,12,157,3,4,10,1,0,3,0,53,238,420,29,114
3328146562,1504435509613,1433,9,2,1,2,0,2,2,2,67,4,21,117,4,7,91,14,4,92,4,12,64,4,11,0,0,0,0,0,33,84,59,53,29,15,4,7,223,4,3,163,4,3,79,4,11,126,12,4,7,0,1,2,1,38,113,40,18,31
3329718695,1504537858958,1953,9,1,1,2,1,1,1,2,412,4,14,62,14,4,119,4,7,45,4,21,31,4,11,8,1,1,1,0,90,-1,92,238,122,497,4,3,64,4,11,429,4,7,75,12,4,21,4,14,5,0,0,2,1,141,40,8,154,53
3321326407,1503934440010,198,9,1,0,0,0,0,0,0,245,12,4,92,4,12,81,4,7,89,3,4,115,4,21,0,0,0,0,0,113,136,57,420,238,33,11,4,412,3,4,42,12,4,68,12,4,18,4,7,0,0,0,0,0,23,236,19,40,16
3318199631,1503697023240,2037,9,2,2,2,2,2,1,0,38,14,4,63,14,4,41,4,12,59,4,11,498,4,7,2,0,0,1,0,516,105,67,92,40,18,4,7,141,4,11,238,4,14,54,12,4,16,3,4,9,2,2,3,0,31,157,105,57,117
3298367945,1502444475622,1697,9,1,1,2,1,1,1,0,6,4,12,36,4,11,53,4,3,4,6,4,222,4,7,11,3,1,3,0,31,64,134,57,154,69,12,4,40,4,3,99,12,4,51,4,7,203,11,4,1,0,0,0,0,113,57,119,157,64
3255649564,1499520901565,196,9,2,2,0,0,0,0,0,19,4,11,164,4,12,110,4,7,236,4,14,117,3,4,0,0,0,0,0,11,41,122,53,24,59,4,12,157,14,4,16,4,3,96,7,4,62,11,4,0,0,0,0,0,51,245,114,24,154
3328317462,1504445421191,2256,9,1,1,1,1,2,1,0,35,11,14,18,4,7,27,6,12,8,4,14,201,3,4,10,3,0,1,0,121,34,31,40,117,236,4,7,412,4,14,154,11,4,69,7,4,54,4,12,9,2,2,2,0,498,31,150,-1,57
3328617184,1504454693608,1987,9,1,1,2,1,1,2,0,103,4,14,19,11,4,122,4,12,119,4,14,12,7,4,10,2,1,1,0,29,498,21,516,31,51,21,4,37,3,4,67,14,4,141,11,4,86,4,12,3,0,0,2,0,420,31,33,18,240
3324350565,1504132894949,2643,9,1,2,1,1,1,1,0,121,4,11,498,7,4,16,3,4,101,3,4,79,4,12,10,2,1,4,0,516,141,117,122,157,31,4,11,91,14,4,54,12,4,12,3,4,202,7,4,6,0,0,1,0,105,67,51,40,119
3296043696,1502274119726,1942,9,1,2,1,1,2,2,2,40,4,3,96,4,7,105,14,4,75,4,12,102,4,11,11,3,0,3,0,238,38,119,53,141,61,4,3,44,4,12,113,11,4,143,4,14,18,7,4,4,0,1,1,1,8,498,154,11,31
3323633225,1504103638846,1605,9,2,2,1,2,0,2,0,90,14,4,11,4,12,64,11,4,89,4,3,119,4,7,3,0,0,1,0,105,122,154,24,117,141,4,11,63,12,4,3,4,14,18,4,7,201,3,4,6,1,0,1,0,91,114,31,238,122
3274510371,1500761907615,2444,9,1,1,1,1,1,1,1,61,4,21,497,3,4,92,12,4,18,7,4,31,11,4,10,2,1,3,1,29,157,154,238,119,11,4,11,150,4,12,15,4,7,40,3,4,103,14,4,4,0,1,2,0,24,119,117,91,154
3320264284,1503847691802,1952,9,2,2,1,2,2,1,2,51,7,4,12,4,14,161,4,6,92,12,4,82,11,4,2,0,0,1,0,40,29,57,516,498,31,4,12,89,4,11,163,7,4,18,7,4,412,14,4,10,2,2,2,1,40,60,157,429,53
3324151272,1504121077303,2436,9,1,2,1,2,0,1,0,107,11,4,29,7,4,497,4,14,157,4,14,74,4,12,9,1,0,4,0,516,50,53,6,119,238,14,4,141,4,11,21,7,4,31,12,4,33,14,4,5,1,0,0,0,119,25,23,131,122
3324515362,1504173325250,1593,9,1,1,1,1,1,1,0,40,3,4,113,11,4,238,14,4,15,4,7,79,12,4,9,2,1,1,0,31,18,57,38,96,126,4,12,29,21,4,117,4,7,163,3,4,59,4,11,2,0,0,0,0,429,58,119,28,96
3307335390,1502985258747,1465,9,1,1,1,1,0,1,0,32,11,4,69,4,3,412,4,3,202,7,4,150,12,4,5,1,0,2,0,114,67,122,50,136,19,4,11,498,7,4,25,4,3,74,12,4,7,4,12,0,0,0,0,0,86,79,119,53,105
3291270620,1501941812419,2149,9,1,1,1,1,1,2,0,498,7,4,154,11,4,41,12,4,122,4,12,25,4,3,10,2,1,2,0,157,420,38,64,141,45,4,12,53,4,3,15,4,7,17,12,4,9,4,11,1,0,0,1,0,31,6,19,11,157
3258684860,1499714240513,1469,9,1,2,1,1,1,1,1,157,12,4,55,4,14,19,11,4,96,7,4,20,3,4,10,2,1,3,1,41,131,29,21,114,31,12,4,22,4,7,7,14,4,37,3,4,77,4,11,0,0,0,0,0,51,114,11,24,498
3275964735,1500855753966,1788,9,1,1,1,1,1,1,0,103,14,4,86,4,12,18,7,4,32,11,4,37,3,4,11,3,1,3,0,107,141,238,113,53,31,12,4,421,4,11,15,4,7,117,4,3,43,4,3,1,0,0,0,0,154,157,11,498,38
3317588243,1503657445047,1857,9,2,2,2,2,2,1,2,18,7,4,432,4,14,85,4,12,420,4,12,59,4,11,0,0,0,1,0,19,157,38,119,51,60,11,4,61,4,3,89,4,3,41,4,12,29,4,7,11,3,1,2,1,55,143,92,31,157
3329357243,1504488508691,1221,9,2,1,2,0,0,2,2,157,4,14,516,4,14,4,7,4,412,4,12,64,4,11,0,0,0,0,0,10,11,40,238,133,31,4,14,254,4,11,37,4,3,22,7,4,161,7,4,4,0,0,2,1,11,134,67,58,53
3286682334,1501598351005,3273,9,1,2,2,2,1,2,0,41,4,3,40,4,3,15,7,4,104,11,4,82,12,4,10,2,1,1,0,412,6,21,114,61,59,11,4,245,4,12,43,4,3,222,7,4,157,14,4,9,5,0,5,0,141,17,84,31,29
3324623570,1504181763704,2058,9,2,1,1,2,0,1,1,59,12,4,29,4,7,35,14,11,238,6,12,37,3,4,3,1,0,2,1,122,8,141,236,25,143,3,4,91,12,4,81,7,4,31,11,4,90,4,3,9,2,0,2,0,122,157,18,63,38
3292465671,1502035886728,1877,9,2,1,2,2,0,1,0,154,11,4,134,4,1,18,7,4,412,4,3,75,4,6,4,0,0,1,0,157,31,55,16,141,10,4,12,267,4,3,45,4,6,15,7,4,24,11,4,11,3,0,2,0,57,31,141,23,157
3284416473,1501444716088,2284,9,1,1,1,1,1,2,0,201,4,3,114,4,12,2,11,6,84,4,14,236,7,4,11,2,1,2,0,6,238,64,141,25,40,4,3,56,11,4,75,12,4,55,4,14,18,4,7,4,0,0,2,0,31,53,29,141,11
3328317170,1504445270608,2754,9,1,1,2,2,2,1,0,412,4,14,18,7,4,86,14,4,17,4,11,163,4,14,9,2,0,3,0,164,119,105,157,29,62,4,11,117,3,4,84,4,14,92,4,12,202,4,7,8,2,1,1,0,55,157,141,238,119
3307294468,1502984416431,1621,9,1,1,1,1,0,1,0,30,4,12,115,4,21,5,11,4,53,4,3,67,4,7,10,2,0,2,0,238,19,157,121,119,33,4,11,134,4,14,236,4,7,141,4,12,412,4,3,1,0,0,0,0,40,29,105,154,38
3328154400,1504435196984,1374,9,2,2,2,2,2,2,2,54,4,12,161,21,4,78,4,3,64,11,4,429,7,4,1,0,0,0,0,84,498,103,122,222,11,11,6,43,7,4,22,4,7,105,4,12,75,12,4,6,1,1,1,1,67,80,84,420,53
3250500176,1499165230444,2082,9,1,1,1,1,1,2,0,203,11,4,75,12,4,267,3,4,61,21,4,67,7,4,11,4,1,3,0,122,29,157,238,84,105,4,14,420,4,12,222,4,7,201,3,4,23,4,11,2,0,0,1,0,63,17,83,114,53
3330951681,1504620399521,2637,9,1,1,2,2,1,2,0,201,4,1,106,11,4,24,4,12,1,4,14,18,4,7,9,2,2,2,0,122,150,40,90,134,51,4,7,121,11,4,245,12,4,223,3,4,157,14,4,8,1,0,2,0,126,23,89,5,29
3311343604,1503239735626,1406,9,1,1,1,1,0,1,0,412,14,4,45,21,4,64,4,11,222,4,7,62,4,12,9,1,0,1,0,141,105,55,114,48,31,12,4,61,21,4,19,11,4,29,4,7,40,4,3,0,0,0,0,0,119,57,122,91,134
3285754936,1501531216238,1573,9,1,2,1,1,1,1,1,61,21,4,89,4,3,58,4,12,18,7,4,141,4,11,11,3,1,2,1,154,64,55,117,6,48,4,12,134,6,4,432,14,4,202,4,7,79,4,11,1,0,0,0,0,67,157,154,53,238
3329424953,1504510667387,2279,9,2,2,2,2,1,2,0,37,7,4,115,21,4,19,4,11,18,4,1,24,12,4,6,0,1,1,0,40,79,31,84,29,421,4,11,164,12,4,67,7,4,103,14,4,44,3,4,9,2,1,3,0,141,20,497,61,122
3321568903,1503949088092,1846,9,1,1,1,1,0,1,0,121,11,4,12,4,14,30,3,4,17,4,14,15,4,7,11,3,0,2,0,238,90,126,119,115,157,12,4,202,4,7,497,4,3,64,4,11,4,4,12,2,0,0,1,0,141,427,29,67,18
3268406049,1500330336389,1442,9,1,1,1,1,1,1,0,76,4,11,31,12,4,105,4,12,40,3,4,18,7,4,9,1,1,2,0,141,154,51,412,157,92,12,4,120,6,11,30,3,4,29,4,7,497,4,3,1,0,0,0,0,21,23,119,61,17
3329420539,1504498264090,1878,9,1,1,1,1,1,1,1,16,3,4,55,21,4,86,12,4,64,4,11,222,4,7,8,1,1,1,1,238,18,157,75,11,81,7,4,254,11,4,92,12,4,4,4,7,99,4,3,2,0,0,2,0,67,90,18,63,29
3321811651,1503958417218,789,9,1,2,1,1,0,0,0,121,4,11,24,12,4,429,4,7,497,3,4,90,6,4,8,2,0,0,0,79,29,53,31,150,61,7,4,141,4,11,157,4,12,67,7,4,412,4,14,0,0,0,0,0,96,18,60,40,53
3325562798,1504214372993,1819,9,1,2,2,1,2,2,0,37,3,4,222,7,4,68,4,12,55,4,14,113,11,4,9,3,0,2,0,53,16,91,92,18,240,4,12,516,11,4,429,4,7,43,4,3,38,12,4,5,0,1,2,0,498,238,157,85,29
3328304702,1504444519840,1449,9,2,1,2,2,2,2,2,238,4,14,98,4,12,64,4,11,16,3,4,51,7,4,2,0,0,0,0,154,11,40,29,105,412,3,4,429,4,7,102,4,11,82,4,3,157,4,12,10,2,1,3,1,40,19,61,31,69
3312127326,1503308102765,2236,9,2,2,2,2,2,1,2,5,4,11,63,21,4,267,4,14,202,4,7,27,4,6,7,0,0,3,0,53,6,238,157,29,113,4,11,498,4,7,497,4,3,90,12,4,91,14,4,7,1,1,1,1,84,41,122,161,154
3331116541,1504630951939,1932,9,2,1,2,2,2,2,0,98,4,12,67,4,7,412,4,14,11,11,4,112,4,12,1,0,0,0,0,113,18,40,245,117,38,14,4,16,4,3,119,4,7,33,11,4,122,4,12,10,3,1,3,0,61,96,29,40,91
3325894852,1504267054097,1538,9,1,1,1,1,1,1,1,42,3,4,111,14,4,34,12,4,57,11,4,29,4,7,8,1,1,2,1,429,154,18,7,53,67,7,4,60,4,11,75,4,12,238,4,12,25,3,4,2,0,0,0,0,113,201,117,40,141
3284935325,1501466623742,2221,9,1,1,2,1,0,2,0,35,14,11,45,4,14,6,4,12,67,7,4,43,14,4,11,4,0,1,0,59,119,238,31,157,163,1,4,98,12,4,40,4,3,202,7,4,104,4,11,4,0,0,2,0,157,122,238,141,26
3293821899,1502125133270,2056,9,1,1,2,1,2,1,2,40,4,3,3,4,12,102,4,11,21,7,4,74,4,12,11,1,1,3,0,154,119,57,31,92,24,4,12,60,4,11,18,7,4,412,14,4,34,4,14,5,0,1,1,1,498,117,150,38,6
3324192488,1504123839442,1964,9,2,2,2,2,2,2,1,64,4,11,105,14,4,81,7,4,2,12,6,412,4,3,4,0,0,1,1,245,238,150,31,67,63,4,14,38,4,14,96,7,4,56,4,11,92,12,4,10,2,1,3,0,157,67,40,54,104
3324993714,1504203383836,1946,9,2,1,2,2,0,1,0,126,12,4,141,4,11,12,4,3,202,4,7,30,3,4,2,0,0,1,0,63,5,498,51,19,8,4,14,111,4,12,18,4,7,9,4,11,45,14,4,8,2,0,2,0,34,59,53,51,17
3324511094,1504170655600,1307,9,1,1,1,0,0,0,1,254,11,4,23,12,4,90,21,4,40,14,4,202,4,7,4,0,0,0,1,141,157,238,105,53,245,14,4,201,3,4,24,4,12,22,7,4,36,4,11,0,0,0,0,0,63,114,1,105,19
3322558951,1504018932363,1492,9,1,1,1,1,0,0,1,497,3,4,498,4,7,92,4,12,42,3,4,91,4,11,9,2,0,0,1,516,18,157,114,40,154,4,12,223,4,3,22,4,7,69,4,3,141,4,11,0,0,0,0,0,31,202,122,23,8
3315005455,1503478207331,1565,9,1,1,2,1,1,2,0,19,4,11,236,4,7,74,4,12,69,4,12,37,3,4,7,1,1,0,0,119,105,11,238,68,57,4,11,7,12,4,92,4,12,53,14,4,202,7,4,2,0,0,3,0,245,412,31,122,254
3319968530,1503843524736,1941,9,1,2,1,1,1,2,0,98,4,12,81,4,7,40,3,4,59,11,4,34,4,14,9,2,1,0,0,117,114,53,57,18,429,7,4,154,4,11,16,4,3,8,4,12,134,4,14,2,0,0,3,0,117,141,18,497,238
3239831650,1498484008488,1815,9,2,1,1,2,0,1,0,32,11,4,119,4,7,163,4,7,43,7,12,25,4,12,2,0,0,1,0,51,105,106,157,89,92,4,12,412,4,3,21,4,7,33,6,11,8,4,14,8,1,0,2,0,240,63,67,117,96
3321725585,1503956576628,1783,9,1,1,2,1,1,1,0,53,4,14,161,4,21,19,12,4,92,11,4,42,4,7,9,2,1,3,0,10,238,157,31,18,7,4,12,64,4,11,122,12,4,15,4,7,412,4,3,5,0,0,0,0,516,90,29,134,238
3329210979,1504471184272,3764,9,1,1,2,2,2,2,0,497,3,4,498,4,7,516,12,4,131,4,7,35,11,14,7,1,0,0,0,432,238,11,60,59,51,21,4,17,12,4,105,4,14,141,11,4,427,7,4,10,4,2,5,0,420,223,238,53,103
3319602311,1503791724953,1818,9,1,2,1,1,1,2,1,53,3,4,222,4,7,150,4,12,17,4,12,104,11,4,9,2,1,2,1,122,157,18,11,61,119,4,7,16,3,4,141,4,14,75,12,4,203,11,4,2,0,0,1,0,498,122,31,157,516
3330335242,1504569907400,2389,9,1,2,1,1,1,2,0,92,4,12,143,4,14,67,4,7,28,4,11,238,4,14,11,4,2,1,0,33,157,29,19,80,61,3,4,81,4,11,122,4,12,18,4,7,267,3,4,6,0,0,4,0,64,96,141,134,17
3299256228,1502482225994,1814,9,2,2,2,2,0,2,0,8,6,4,26,3,4,427,11,4,22,7,4,114,12,14,0,0,0,0,0,55,11,53,17,24,157,4,14,32,4,11,86,12,4,222,4,7,63,3,4,10,2,0,2,0,80,238,412,240,53
3319955042,1503842451347,1145,9,2,2,2,2,0,2,2,24,11,4,25,3,4,222,4,7,90,4,14,86,4,12,1,0,0,0,0,58,91,498,11,497,432,4,14,22,4,7,38,4,1,23,4,14,5,4,11,11,3,0,1,1,516,67,157,17,119
3327704353,1504380074867,1881,9,2,1,1,0,0,2,2,19,4,11,84,4,7,117,3,4,516,4,12,22,4,7,5,0,0,0,0,53,18,8,114,141,412,4,3,420,12,4,24,4,11,268,4,12,119,7,4,6,0,0,4,1,-1,105,-1,53,238
3325555736,1504215014796,2088,9,1,2,2,1,1,2,1,114,4,12,79,4,11,40,4,3,22,7,4,55,4,14,9,2,1,1,1,238,122,498,31,38,21,7,4,89,14,4,57,4,11,61,4,12,150,4,12,3,0,0,3,0,36,238,245,141,157
3325094368,1504206352312,1923,9,1,2,1,1,1,1,0,498,7,4,105,14,4,157,4,12,40,4,3,2,11,6,11,3,1,3,0,141,117,238,75,29,32,4,11,61,4,3,86,12,4,412,3,4,81,4,7,0,0,0,0,0,19,18,55,117,122
3225475699,1497620000049,2920,9,2,1,1,1,1,2,1,43,3,4,25,4,14,51,7,4,92,4,12,154,11,4,7,2,1,2,1,105,117,157,67,114,62,12,4,498,4,7,8,4,14,32,4,11,201,4,3,8,2,1,4,0,412,80,157,90,105
3319758673,1503830556052,2232,9,1,2,2,1,1,2,1,41,12,4,120,6,11,134,4,14,117,3,4,110,4,7,8,2,1,1,1,16,40,69,141,157,61,4,3,102,6,11,18,7,4,43,4,12,44,4,3,4,0,1,4,0,55,19,36,516,254
3322671966,1504023048626,2296,9,1,1,1,1,1,1,0,516,4,12,18,7,4,45,21,4,53,4,3,121,4,11,10,2,1,1,0,238,31,164,40,62,412,3,4,15,7,4,157,14,4,41,14,4,421,4,11,4,0,0,3,0,86,119,63,40,238
3325606528,1504218912408,1548,9,2,2,2,2,2,1,0,141,4,11,41,4,12,10,12,4,412,3,4,51,4,7,1,0,0,1,0,18,136,498,92,16,79,12,4,163,4,21,119,4,7,497,4,14,11,4,11,10,2,1,1,0,498,18,31,154,67
3316090190,1503565651667,2052,9,1,1,2,2,2,2,0,64,4,11,141,12,4,245,14,4,202,4,7,412,4,14,7,1,0,1,0,11,75,105,31,92,254,4,11,23,4,12,67,4,7,54,14,4,79,3,4,7,1,1,2,0,8,31,122,157,107
3285755065,1501531208795,1342,9,2,1,2,0,0,2,2,36,4,12,43,4,3,7,14,4,62,4,11,18,7,4,2,0,0,0,0,75,55,122,141,6,102,4,11,26,4,12,29,7,4,117,3,4,126,4,12,4,0,0,1,1,38,119,75,31,51
3327716855,1504380840509,2284,9,1,1,2,1,2,2,0,48,4,12,15,4,7,90,14,4,26,3,4,11,11,4,10,2,1,1,0,18,17,29,497,119,238,4,14,267,4,3,14,4,12,141,4,11,110,7,4,4,0,1,3,0,18,157,40,92,57
3330241435,1504563585334,1258,9,2,2,2,0,0,2,0,8,4,12,412,4,3,203,11,4,18,4,7,99,1,4,0,0,0,0,0,117,157,7,40,33,51,4,7,69,6,4,143,4,14,121,11,4,54,4,12,4,0,0,2,0,53,154,31,157,3
3293994830,1502135688019,2127,9,1,1,1,1,2,1,0,141,4,11,29,4,7,245,4,12,44,4,12,201,4,3,10,4,0,3,0,57,114,8,31,163,76,4,11,26,4,3,110,7,4,122,4,6,103,4,14,1,0,1,0,0,238,105,154,157,40
3319349067,1503776923246,1078,9,2,2,2,2,0,2,2,55,4,14,67,7,4,40,3,4,57,4,11,69,12,4,0,0,0,0,0,38,18,90,141,33,17,4,14,121,11,4,157,3,4,412,3,4,29,4,7,9,2,0,2,1,117,134,-1,126,8
3313030038,1503339856186,2280,9,1,2,1,1,0,1,0,75,12,4,121,4,11,99,4,7,432,14,4,498,4,7,7,1,0,2,0,122,53,35,7,21,92,4,12,16,12,4,29,7,4,11,11,4,91,14,4,3,0,0,1,0,131,154,53,157,122
3229112074,1497810160340,1881,9,2,2,2,2,1,2,2,157,3,4,105,4,3,10,4,12,110,4,7,64,11,14,4,0,1,1,0,498,37,117,11,24,203,11,4,114,4,12,45,4,14,67,4,7,53,4,3,8,1,0,3,1,29,19,1,412,122
3254967293,1499451085616,1151,9,1,1,1,0,0,0,1,40,3,4,79,12,4,51,7,4,19,4,11,238,14,4,2,0,0,0,1,154,69,498,157,42,91,14,4,60,11,4,104,4,7,497,4,3,150,4,12,1,0,0,0,0,122,154,157,117,55
3262281293,1499945564147,2292,9,2,1,1,2,2,2,0,17,4,12,19,4,11,12,4,3,115,12,4,51,4,7,4,0,0,2,0,117,119,134,84,157,202,7,4,92,12,4,1,4,14,412,3,4,141,4,11,10,2,1,2,0,31,114,157,154,105
3317250653,1503607604757,2483,9,2,2,1,2,2,2,0,56,4,12,412,14,4,154,11,3,498,4,7,6,4,14,8,1,0,0,0,105,516,115,17,-1,22,7,4,245,4,12,497,4,3,20,11,4,45,21,4,9,2,1,5,0,11,86,17,157,51
3327890595,1504390170156,1703,9,1,1,1,1,1,1,0,67,7,4,141,11,4,40,4,3,131,4,12,8,4,12,7,1,1,3,0,29,238,119,18,31,98,4,12,61,4,12,15,7,4,79,11,4,117,4,3,1,0,0,0,0,38,113,31,157,245
3305994923,1502886831946,195,9,2,1,0,0,0,0,0,134,21,4,17,4,12,412,4,3,121,4,11,236,4,7,0,0,0,0,0,6,31,157,122,91,57,4,11,84,12,4,26,4,3,222,7,4,266,12,4,0,0,0,0,0,119,58,157,51,131
3330165664,1504561172041,1627,9,2,1,2,2,2,1,0,498,4,7,117,4,14,55,14,4,79,4,11,74,4,3,2,0,0,1,0,114,75,90,16,122,432,3,4,41,4,12,57,4,11,164,12,4,119,4,7,11,3,1,1,0,84,18,134,40,31
3322177570,1503986501085,2536,9,1,1,2,1,2,2,0,64,4,11,134,14,4,78,4,12,222,7,4,161,4,3,9,3,0,2,0,157,154,31,53,42,17,14,4,68,12,4,77,11,6,236,4,7,412,4,3,5,0,1,3,0,141,516,11,92,21
3329910794,1504546527893,2445,9,2,1,1,2,2,1,0,21,7,4,111,14,4,84,14,4,516,12,4,29,4,11,5,0,0,3,0,67,114,157,53,122,58,4,12,51,7,4,117,4,14,91,14,4,102,11,4,11,4,1,2,0,122,141,11,105,157
3322872038,1504034643904,3186,9,1,2,1,2,2,1,0,45,12,4,203,4,11,412,3,4,238,4,14,81,7,4,11,2,1,4,0,68,35,157,53,122,141,11,4,110,4,14,24,12,4,498,4,7,17,7,4,9,1,1,1,0,84,202,154,103,67
3327949349,1504397897190,1747,9,2,2,2,2,2,1,0,91,4,14,516,3,4,202,4,7,102,11,3,69,4,3,2,0,0,2,0,238,33,84,57,53,24,12,4,141,4,11,112,7,4,40,3,4,29,4,7,9,1,1,0,0,18,157,117,31,57
3246719088,1498914443127,2024,9,1,1,2,1,2,2,2,84,4,14,75,4,6,254,11,4,119,4,7,63,4,14,10,3,0,1,0,105,412,7,117,154,121,4,11,53,4,14,498,4,7,8,14,4,58,12,4,2,0,1,3,1,154,35,29,96,117
3288499788,1501714863941,1050,9,2,2,1,2,0,2,0,117,3,4,429,4,7,81,14,4,64,4,11,245,4,12,2,0,0,0,0,154,119,61,38,412,4,14,4,18,4,7,40,4,3,39,12,4,79,11,4,8,1,0,1,0,119,141,29,38,31
3311246709,1503237153881,1595,9,2,2,1,2,2,1,0,25,14,4,38,12,4,18,7,4,92,4,12,79,11,4,3,0,0,1,0,117,90,55,60,141,26,3,4,8,14,4,64,4,11,29,7,4,31,4,12,5,1,1,1,0,119,154,40,117,57
3326001726,1504272632044,2326,9,2,2,1,2,1,2,1,98,4,14,81,7,4,86,3,4,141,11,4,4,4,3,4,0,1,0,1,40,79,420,238,498,34,4,14,31,4,11,497,4,14,157,12,4,21,7,4,9,2,1,3,0,7,122,75,18,61
3317909893,1503679980630,1804,9,2,1,2,2,0,2,0,67,7,4,99,4,21,79,4,12,83,4,12,16,3,4,0,0,0,0,0,238,122,53,498,55,3,4,3,150,12,4,51,7,4,90,4,14,32,4,11,9,2,0,3,0,29,120,91,23,516
3315431975,1503500681709,1758,9,2,1,2,2,2,2,0,16,4,3,8,4,14,107,11,4,164,4,12,67,7,4,1,0,0,1,0,141,117,38,412,40,39,4,12,498,7,4,37,4,3,34,4,3,33,4,11,11,1,1,2,0,126,119,38,18,60
3277396236,1500979355739,1563,9,1,1,2,1,0,1,1,86,4,12,102,4,11,91,14,4,29,4,7,89,3,4,9,2,0,3,1,25,11,105,122,51,103,14,4,115,7,4,23,4,11,236,7,4,41,4,12,3,0,0,0,0,114,122,420,238,53
3327228012,1504355726978,1950,9,1,1,2,1,1,1,0,54,4,12,119,7,4,61,3,4,59,4,11,16,3,4,6,1,1,2,0,28,238,498,40,57,236,4,21,516,11,4,117,4,3,18,7,4,7,12,4,7,0,0,0,0,40,154,24,157,29
3229252203,1497815975645,1548,9,1,1,1,0,0,1,0,54,14,4,76,4,11,245,14,4,114,12,4,29,4,7,3,0,0,2,0,21,122,101,64,420,75,3,4,51,7,4,161,4,14,19,4,11,16,7,4,0,0,0,0,0,157,23,86,53,122
3238262640,1498391939921,2283,9,2,2,1,2,1,1,2,17,3,4,9,3,4,121,11,4,236,4,7,80,4,14,4,0,1,4,0,21,23,122,103,11,29,7,4,1,14,4,24,4,11,16,3,4,107,4,12,10,3,0,0,1,67,11,164,113,498
3326491879,1504300413761,2354,9,2,1,1,2,2,2,0,16,4,3,22,4,7,105,4,11,69,6,4,86,4,12,3,0,0,0,0,238,29,31,32,53,245,11,4,17,4,14,67,4,7,126,4,14,58,12,4,9,1,1,4,0,238,113,157,40,31
3312410074,1503322419244,2077,9,1,2,1,1,0,1,0,29,7,4,64,4,11,62,4,12,45,4,12,267,4,3,10,2,0,3,0,157,122,238,57,202,126,12,4,40,3,4,18,7,4,9,4,11,69,4,3,2,0,0,0,0,238,91,11,117,154
3329586326,1504528682596,1783,9,1,2,2,2,1,2,2,37,4,3,236,4,1,39,12,4,67,4,7,141,4,11,7,1,1,1,0,113,59,31,91,96,18,4,7,4,4,3,412,14,4,33,11,4,58,12,4,9,1,0,2,1,96,150,40,92,119
3276343800,1500908610546,1878,9,1,1,1,1,1,2,2,126,4,12,412,4,3,63,4,14,60,11,4,15,7,4,11,5,2,1,0,201,154,31,57,114,42,1,4,102,4,11,16,3,4,18,7,4,141,4,12,0,0,0,2,1,119,39,61,136,31
3317247074,1503610061021,1410,9,2,2,2,2,0,2,0,121,4,11,104,7,4,131,14,4,516,12,4,117,4,3,0,0,0,0,0,84,113,105,141,498,25,4,14,497,14,4,60,4,11,51,4,7,150,4,12,11,3,0,2,0,119,412,38,141,40
3329563419,1504526971792,1310,9,1,1,2,1,0,1,1,40,3,4,92,12,4,222,7,4,113,4,11,45,3,4,9,1,0,2,1,67,122,16,18,6,3,12,4,79,4,11,157,4,12,498,7,4,497,14,4,1,0,0,0,0,238,53,84,31,122
3255533915,1499510749503,2262,9,1,1,1,1,1,1,1,64,4,11,25,4,14,29,4,7,412,4,14,17,4,12,11,4,1,4,1,134,154,157,103,11,60,4,11,236,7,4,126,4,12,498,4,7,497,4,3,2,0,0,0,0,63,105,114,122,154
3324512849,1504171702999,1243,9,1,1,2,0,0,1,1,72,11,4,497,4,3,62,4,12,498,4,7,34,14,4,5,0,0,1,1,31,53,29,238,19,143,14,4,516,11,4,110,4,7,96,4,21,92,4,12,1,0,0,0,0,24,238,63,40,86
3322578275,1504018920157,1824,9,1,1,1,1,2,1,0,141,12,4,7,4,14,102,4,11,497,3,4,498,7,4,7,2,0,3,0,38,31,157,119,117,51,7,4,40,4,3,54,4,12,254,11,4,236,4,3,3,0,1,1,0,31,119,516,29,117
3315990665,1503530287652,2874,9,1,1,2,1,1,2,0,61,6,4,39,14,4,76,11,4,236,4,7,412,3,4,11,5,1,2,0,104,157,67,238,245,22,4,7,69,6,4,150,4,12,12,14,4,141,4,11,1,0,0,1,0,114,53,119,420,40
3309176756,1503090841420,2033,9,1,1,1,1,1,2,0,38,4,12,10,12,4,11,4,11,412,14,4,51,7,4,10,1,1,0,0,40,117,18,238,90,236,4,7,57,4,3,64,4,11,122,4,12,30,4,12,4,0,0,4,0,119,114,157,31,67
3277736001,1501000892574,2271,9,2,2,1,2,0,2,0,51,7,4,266,4,12,40,3,4,154,11,4,41,4,3,3,0,0,0,0,141,150,11,64,238,37,3,4,3,12,4,119,4,7,254,4,11,161,4,21,11,2,0,3,0,105,141,29,122,201
3321558331,1503948893335,2063,9,1,2,2,2,1,2,2,33,4,11,67,7,4,238,14,4,68,12,4,37,14,4,6,1,2,2,0,59,1,92,23,40,64,4,11,14,4,12,21,4,7,157,14,4,53,3,4,7,1,0,1,1,516,117,119,420,40
3327861508,1504387514068,1444,9,1,1,2,1,1,1,2,154,4,11,75,4,12,163,4,3,236,7,4,497,4,3,6,1,1,1,0,1,157,7,238,29,90,14,4,45,12,14,11,11,4,101,4,14,16,4,12,3,0,0,0,1,114,106,17,31,53
3330680725,1504600680509,1451,9,1,2,2,1,1,2,0,141,4,11,84,4,14,90,4,6,201,4,3,15,4,7,8,1,1,2,0,29,16,33,40,117,34,4,14,86,12,4,22,4,7,53,4,3,19,4,11,2,0,0,1,0,236,40,31,119,18
3279734700,1501107624683,1546,9,1,2,1,1,0,2,1,238,4,14,62,11,4,99,3,4,92,12,4,81,7,4,10,2,0,2,1,141,19,6,105,51,236,4,7,58,12,4,24,11,4,25,14,4,89,4,3,2,0,0,1,0,114,154,157,51,31
3326001234,1504272505367,1779,9,2,2,2,2,1,2,0,103,4,14,157,4,14,412,3,4,96,7,4,33,11,4,1,0,1,0,0,16,105,63,23,57,497,4,14,18,7,4,28,11,4,84,4,12,41,4,3,9,1,0,3,0,141,31,238,40,105
3310613052,1503173955237,2466,9,1,1,1,1,0,1,0,62,4,12,11,4,11,81,4,7,238,14,4,412,7,4,11,4,0,3,0,17,245,2,119,53,222,4,7,157,12,4,76,11,4,3,14,4,143,3,4,3,0,0,0,0,141,53,23,84,17
3219439767,1497207607795,1861,9,2,1,1,2,2,2,2,23,4,12,4,4,12,81,7,4,16,3,4,77,11,4,3,0,0,0,0,3,427,11,29,157,35,14,11,83,4,12,67,4,7,161,14,4,119,4,1,10,2,1,2,1,64,53,157,154,122
3324040481,1504115127236,1554,9,2,2,1,2,0,2,0,238,4,14,6,4,12,18,4,7,40,14,4,9,4,11,2,0,0,0,0,498,105,16,33,154,12,3,4,120,6,11,236,7,4,4,3,4,24,12,4,7,1,0,2,0,157,122,31,11,69
3322521337,1504013727515,1720,9,2,2,2,2,0,1,0,45,21,4,11,4,11,5,4,12,412,4,3,51,4,7,4,0,0,1,0,63,40,36,6,53,67,4,7,60,4,11,516,3,4,126,12,4,90,12,4,7,1,0,2,0,114,117,40,58,157
3328632131,1504453631163,1215,9,1,1,1,0,0,1,1,89,14,4,67,4,7,141,4,11,126,4,12,13,4,21,4,0,0,1,1,238,29,157,51,19,91,14,4,498,7,4,75,12,4,64,4,11,111,4,3,0,0,0,0,0,44,202,45,122,31
3329465715,1504518485499,2343,9,2,1,1,1,2,1,1,8,21,4,222,7,4,412,4,14,80,14,4,154,4,11,7,1,0,3,1,114,157,25,24,429,33,11,4,58,12,4,29,4,7,99,4,21,89,4,14,10,3,2,1,0,11,238,157,25,134
3330171803,1504560149619,1729,9,2,2,2,2,0,2,0,117,3,4,58,4,12,119,7,4,99,4,21,60,4,11,1,0,0,0,0,11,67,238,154,157,17,4,11,114,12,4,63,4,14,53,3,4,21,4,7,8,2,0,2,0,238,157,24,80,141
3319715337,1503823561856,2073,9,1,1,1,1,1,1,0,6,4,12,34,4,14,113,4,11,12,4,3,202,4,7,11,5,2,2,0,114,67,29,40,31,236,7,4,77,11,4,412,4,14,58,4,12,61,4,1,2,0,0,1,0,117,29,18,31,40
3326436639,1504299099241,2055,9,1,2,1,2,1,1,0,59,11,4,267,4,3,498,4,7,126,4,12,103,14,4,9,1,2,1,0,516,412,31,18,38,4,4,14,11,11,4,429,4,7,497,14,4,78,4,12,8,2,0,3,0,16,40,31,113,121
3326225215,1504287629949,1616,9,1,1,1,1,1,1,1,23,12,4,28,4,11,25,4,3,110,7,4,7,4,12,11,3,1,2,1,53,40,18,11,90,67,4,7,268,4,21,19,11,4,24,6,12,16,4,3,0,0,0,0,0,55,117,141,31,498
3313538167,1503391498142,1738,9,2,1,2,2,2,2,2,157,4,12,55,4,14,119,7,4,54,3,4,11,4,11,0,0,0,0,0,1,122,238,117,35,141,4,11,497,4,7,90,4,14,498,7,4,86,4,12,10,2,1,3,1,63,420,51,53,103
3304408767,1502800488496,2109,9,2,2,1,2,0,2,0,99,4,3,18,3,4,420,12,4,92,4,11,40,7,4,5,0,0,1,0,51,31,497,45,157,44,4,3,76,4,11,22,7,4,69,4,1,39,12,4,7,1,0,2,0,238,119,91,61,23
3322877035,1504035959995,1148,9,2,2,2,0,0,2,1,96,4,7,117,4,3,58,4,12,238,4,14,35,4,11,1,0,0,0,1,40,141,516,18,16,157,14,4,105,4,12,12,4,14,222,7,4,28,11,4,7,0,0,2,0,40,498,31,8,119
3323947190,1504110995348,2851,9,1,2,2,2,2,1,1,76,4,11,222,7,4,24,4,12,55,4,14,40,4,3,6,1,1,2,1,57,90,157,11,240,51,4,7,64,11,4,58,4,12,99,4,7,16,4,3,8,2,1,2,0,122,11,157,141,114
3273913905,1500721648774,1389,9,2,2,2,2,0,2,2,141,11,4,89,4,3,15,7,4,10,12,4,61,4,21,0,0,0,0,0,105,11,53,63,24,29,4,7,59,12,4,238,4,14,223,4,3,5,4,11,9,1,0,3,1,498,119,51,31,131
3321539183,1503946757925,2149,9,2,2,2,2,2,2,2,254,11,4,29,7,4,80,12,4,238,14,4,16,4,12,1,0,0,0,0,53,67,24,157,75,202,4,7,98,4,3,121,4,11,126,4,12,133,4,14,10,2,1,3,1,31,23,103,268,90
3298182593,1502408502852,1488,9,1,2,1,1,0,1,0,25,14,4,57,4,11,75,12,4,99,3,4,67,7,4,9,2,0,2,0,53,89,105,157,17,121,11,4,238,14,4,143,3,4,81,7,4,86,4,12,0,0,0,0,0,498,141,420,34,53
3300653354,1502553667413,1297,9,2,1,2,2,0,2,2,103,14,4,58,4,14,40,4,3,222,7,4,32,4,11,0,0,0,0,0,114,18,19,53,412,236,4,7,120,6,12,134,14,4,201,3,4,62,4,11,5,1,0,2,1,25,202,11,3,105
3290525456,1501877666533,2183,9,2,1,1,2,1,1,0,122,12,4,19,11,4,119,7,4,141,4,12,25,4,3,8,1,1,2,0,11,51,420,67,154,1,14,4,92,4,12,202,4,14,44,4,11,111,3,4,7,2,0,1,0,24,238,84,63,6
3329368621,1504492550800,2175,9,1,2,2,1,1,2,2,516,4,14,201,3,4,141,4,11,45,14,4,119,4,7,10,2,1,1,0,238,420,51,157,25,21,4,7,99,21,4,23,4,12,56,4,11,89,4,3,5,1,0,2,1,86,53,27,105,134
3325319339,1504210568049,1476,9,1,1,1,1,1,2,0,18,7,4,10,4,3,53,14,4,59,11,4,3,12,4,9,3,1,1,0,163,157,40,119,117,72,11,4,74,4,12,78,3,4,238,4,14,429,4,7,1,0,0,2,0,60,150,40,117,12
3318152968,1503692581854,1828,9,1,2,2,1,1,2,0,74,4,21,15,7,4,201,3,4,120,11,6,122,4,12,8,1,1,1,0,40,117,18,114,38,14,12,4,29,4,7,497,14,4,4,4,14,107,4,11,3,0,0,1,0,119,516,51,38,31
3318634027,1503706282911,1849,9,1,2,2,1,1,1,1,16,4,3,80,14,4,91,14,4,29,4,7,32,4,11,8,1,1,2,1,157,31,18,154,141,59,12,4,121,4,11,498,4,7,12,4,14,4,3,4,3,0,0,1,0,58,516,238,114,432
3327991578,1504398372152,1153,9,1,1,1,1,0,1,1,113,11,4,86,4,12,222,7,4,40,3,4,112,3,4,11,2,0,1,1,33,19,90,57,150,81,7,4,131,4,12,31,4,12,37,6,1,203,11,4,0,0,0,0,0,18,38,67,238,117
3327078789,1504352575920,2104,9,2,1,1,2,2,2,1,12,4,14,91,14,4,114,4,12,141,4,11,498,4,7,5,0,0,0,1,80,18,90,238,131,67,7,4,17,4,14,24,4,11,240,4,12,497,3,4,8,1,1,2,0,25,134,157,29,64
3285566461,1501522378405,1289,9,1,1,1,1,0,1,0,11,11,6,75,4,12,21,4,7,157,14,4,89,4,3,8,1,0,1,0,131,25,7,119,238,222,4,7,24,4,12,55,4,14,40,4,7,64,4,11,0,0,0,0,0,122,53,238,202,114
3317518678,1503650912646,1362,9,2,2,2,2,0,2,2,18,4,7,30,4,12,77,4,11,131,4,14,12,4,3,0,0,0,0,0,21,245,119,238,31,40,3,4,84,12,4,57,11,4,157,4,3,29,4,7,10,2,0,2,1,80,238,119,1,516
3326761232,1504340637713,2238,9,2,2,1,2,2,1,1,58,14,4,412,3,4,18,7,4,74,4,12,121,11,4,8,1,0,1,1,105,157,67,238,114,15,7,4,12,3,4,90,4,14,113,11,4,24,4,12,8,1,1,3,0,40,131,84,157,31
3317861584,1503674645093,1859,9,1,1,1,1,0,1,0,412,4,3,103,14,4,141,4,11,119,4,7,43,12,4,10,2,0,3,0,157,67,114,7,51,516,4,12,12,14,4,18,4,7,134,4,14,113,4,11,0,0,0,0,0,84,67,114,29,75
3320809914,1503871346241,2195,9,1,2,2,1,1,2,2,40,3,4,69,12,4,141,4,11,236,7,4,1,4,14,11,4,2,2,0,64,90,11,238,103,84,12,4,157,4,14,202,4,7,32,4,11,51,4,3,7,0,0,1,1,119,31,90,114,64
3325897993,1504268173882,1436,9,2,2,2,2,2,2,2,68,12,4,238,4,14,19,4,11,18,7,4,16,3,4,0,0,0,0,0,23,53,59,11,90,1,14,4,24,4,12,63,4,12,119,4,7,102,11,4,6,1,1,3,1,75,37,105,22,67
3327866429,1504388911147,2748,9,2,1,1,1,1,2,0,222,7,4,99,21,4,23,12,4,141,11,4,53,14,4,8,3,1,3,0,157,67,16,105,89,236,4,7,11,11,4,432,3,4,14,4,14,90,6,4,9,3,1,1,0,6,154,31,40,117
3246376392,1498867597099,1597,9,2,1,2,2,0,2,2,13,4,6,107,11,4,51,4,7,25,3,4,83,12,4,1,0,0,0,0,29,90,119,114,122,498,4,7,92,12,4,127,4,12,20,11,4,53,4,14,11,2,0,4,1,114,58,154,122,119
3255933113,1499536453596,2220,9,1,2,1,1,1,2,1,236,4,7,23,4,12,74,14,4,25,3,4,34,11,4,11,3,1,2,1,1,150,51,11,105,114,4,14,53,3,4,18,4,7,5,4,11,157,4,14,4,0,0,2,0,420,122,202,51,61
3329532738,1504523125812,2139,9,1,1,1,1,1,1,0,53,14,4,81,7,4,103,14,4,150,4,12,121,11,4,10,2,1,3,0,92,31,119,1,40,516,4,3,202,7,4,102,4,11,69,4,14,5,12,4,1,0,0,1,0,86,6,119,141,122
3329353675,1504484848278,2029,9,2,2,2,2,2,1,0,24,4,11,22,4,7,103,4,14,157,12,4,37,7,4,3,0,0,2,0,67,81,154,114,238,106,12,4,99,21,4,5,4,11,267,3,4,222,7,4,10,2,1,1,0,122,420,105,53,238
3321069404,1503918375041,1518,9,1,1,1,1,1,1,2,43,4,14,23,14,6,58,4,14,51,7,4,10,11,4,8,1,1,1,0,157,122,134,31,64,90,14,4,82,12,4,412,3,4,22,4,7,141,4,11,2,0,0,1,1,238,119,114,75,11
3324817149,1504195096913,2086,9,1,1,1,1,1,1,1,21,7,4,157,12,4,89,4,3,63,14,4,113,11,4,10,3,2,4,1,412,121,1,238,40,16,4,3,50,14,4,75,12,4,64,4,11,67,7,4,0,0,0,0,0,92,53,238,19,18
3330085671,1504555635674,1585,9,2,1,1,2,2,1,1,53,4,3,2,6,11,41,12,4,161,12,4,29,7,4,2,0,0,2,1,40,92,18,498,157,412,14,4,15,4,7,61,7,4,254,4,11,164,12,4,9,2,1,0,0,117,40,8,75,105
3319709538,1503826081416,1785,9,1,1,1,1,0,1,0,41,4,12,55,4,14,51,4,7,516,4,3,5,4,11,11,3,0,3,0,90,64,238,1,157,131,12,4,63,4,14,254,4,3,37,4,14,21,7,4,1,0,0,0,0,64,245,75,29,31
3320035348,1503845127249,2039,9,2,2,2,2,2,2,2,16,4,3,90,4,6,41,4,12,79,4,11,222,4,7,4,0,0,0,0,89,29,19,412,113,420,4,12,161,6,4,498,4,7,497,14,4,121,4,11,10,2,1,3,1,25,113,105,150,40
3328248515,1504442851117,2301,9,2,1,1,1,1,2,0,68,12,4,11,4,11,105,4,14,119,4,7,223,4,3,11,2,1,2,0,157,161,51,22,114,498,4,7,91,14,4,53,3,4,32,11,4,98,7,4,5,1,0,2,0,99,17,57,12,23
3320528957,1503854455761,2242,9,2,2,1,2,2,2,0,498,7,4,236,14,4,8,4,12,107,11,4,111,3,4,5,0,0,0,0,33,40,1,516,420,67,7,4,25,4,3,54,11,4,35,12,14,61,4,6,11,2,1,2,0,238,122,75,157,50
3329973890,1504550086874,197,9,2,1,0,0,0,0,0,115,4,21,64,11,4,122,12,4,35,11,14,202,7,4,0,0,0,0,0,79,17,24,-1,18,21,4,7,19,11,4,63,4,14,91,4,14,80,12,4,0,0,0,0,0,22,86,31,498,157
3326531644,1504303069222,1275,9,1,1,1,1,0,1,1,238,4,14,67,7,4,75,12,4,102,4,11,25,4,14,10,2,0,1,1,114,40,28,157,29,45,4,3,98,12,4,89,4,3,516,4,11,119,4,7,1,0,0,1,0,141,157,18,122,61
3323200488,1504079959807,2342,9,1,2,1,1,2,1,0,90,4,14,412,4,3,24,11,4,21,7,4,245,12,4,10,3,0,2,0,268,238,53,23,31,84,4,12,11,11,6,134,6,4,51,4,7,12,3,4,3,0,1,2,0,114,157,53,5,238
3326008309,1504274498863,1897,9,2,1,2,2,2,1,2,126,4,14,141,12,4,223,3,4,24,4,11,202,4,7,3,0,0,1,0,121,39,164,157,412,51,4,7,59,11,4,91,3,4,516,4,12,63,3,4,8,1,1,2,1,1,31,90,154,143
3301034523,1502571718501,1822,9,1,2,1,1,1,1,0,163,3,4,202,4,7,55,14,4,10,12,4,121,11,4,11,3,1,3,0,64,31,18,90,38,40,4,3,141,4,11,80,4,12,136,4,21,29,4,7,2,0,0,0,0,157,22,245,6,119
3329315195,1504480126170,193,9,2,0,0,0,0,0,0,105,4,14,64,4,11,18,4,7,117,4,3,150,12,4,0,0,0,0,0,5,238,67,122,119,24,12,4,254,11,4,103,4,14,222,4,7,99,4,3,0,0,0,0,0,75,67,157,29,141
3324247853,1504128387087,1075,9,1,2,1,1,0,1,1,57,11,4,223,12,4,61,7,4,53,4,3,119,4,7,8,1,0,2,1,121,40,64,420,126,72,4,11,268,12,4,412,3,4,498,4,7,62,4,12,0,0,0,0,0,157,58,40,63,38
3319957934,1503843193552,1901,9,1,2,1,1,1,1,1,18,4,7,497,14,4,134,3,4,150,4,12,141,11,4,11,4,1,3,1,119,40,55,117,157,238,4,14,267,4,3,222,7,4,516,12,4,79,4,11,1,0,0,0,0,40,6,157,8,117
3306578014,1502915921512,1993,9,1,1,1,1,1,1,0,83,12,4,202,7,4,99,21,4,57,11,4,37,4,14,11,3,1,3,0,238,157,40,53,11,412,3,4,81,4,7,41,4,12,103,14,4,141,11,4,3,0,0,0,0,6,238,114,31,105
3217193839,1497052588149,1532,9,2,2,2,2,0,2,2,67,7,4,107,11,4,98,4,12,117,3,4,61,1,4,1,0,0,0,0,64,154,119,157,40,4,4,6,412,4,3,75,4,12,51,4,7,77,6,11,9,1,0,3,1,11,24,105,154,114
3328820480,1504455715903,1639,9,1,1,1,1,0,1,1,157,4,12,238,4,14,22,7,4,79,4,11,432,3,4,10,3,0,3,1,23,105,122,89,121,245,14,4,412,4,3,110,4,7,254,4,11,36,12,4,0,0,0,0,0,103,2,69,64,40
3323682608,1504103719772,2012,9,2,2,1,2,2,2,0,107,11,4,267,4,3,51,4,7,83,4,12,1,4,14,1,0,0,0,0,117,134,75,497,40,111,4,11,62,4,14,21,4,7,114,4,14,37,3,4,10,3,1,3,0,9,157,18,67,57
3315584128,1503510307997,2327,9,2,2,2,2,2,2,0,6,3,4,516,4,11,498,7,4,112,21,4,114,12,4,5,0,0,2,0,45,51,122,35,58,86,4,12,202,7,4,427,11,4,91,4,14,117,3,4,8,1,1,1,0,53,121,238,157,119
3315747313,1503519377516,2754,9,2,1,1,1,2,1,1,516,14,4,83,4,12,8,14,4,92,4,11,15,7,4,10,3,0,2,1,117,90,31,40,80,19,4,11,122,4,12,202,7,4,61,4,6,43,3,4,7,1,1,1,0,75,18,154,134,31
3320526847,1503853886411,1558,9,1,1,1,1,0,2,0,115,4,12,27,14,6,44,4,11,222,4,7,117,3,4,8,1,0,1,0,31,412,29,40,164,18,4,7,64,4,11,61,4,7,75,4,12,16,3,4,3,0,0,2,0,154,55,238,67,34
3266899248,1500235361527,3233,9,1,2,2,2,1,2,2,236,4,7,41,12,4,201,3,4,154,4,11,99,21,4,10,2,2,4,0,51,8,92,105,421,31,14,4,25,4,3,113,4,11,85,4,7,103,4,21,6,1,0,1,1,498,141,157,-1,55
3329144451,1504469151299,2518,9,2,2,2,2,2,2,0,63,3,4,3,4,12,141,11,4,126,4,12,51,7,4,4,0,0,1,0,25,122,117,18,29,498,4,7,516,12,4,16,3,4,55,4,14,11,4,11,11,3,1,3,0,23,157,1,53,119
3255657114,1499520367668,1343,9,2,2,2,2,0,2,1,101,4,7,51,7,4,1,14,4,92,4,12,106,11,4,1,0,0,0,1,202,23,114,55,11,238,14,4,498,7,4,157,4,14,245,4,11,53,4,3,8,2,0,2,0,122,412,154,117,42
3273788371,1500712635756,913,9,2,2,2,0,0,2,0,30,4,3,17,4,12,154,4,11,22,7,4,267,3,4,0,0,0,0,0,53,119,34,48,105,20,11,4,25,4,3,18,4,7,157,4,14,126,4,12,4,0,0,1,0,19,223,141,114,86
3321622958,1503950267006,1856,9,1,2,2,1,1,1,1,98,4,12,120,6,11,222,7,4,89,14,4,112,12,4,11,3,1,2,1,238,18,40,67,141,107,4,11,202,4,7,164,12,4,105,4,14,43,4,14,1,0,0,0,0,31,122,51,412,59
3250201301,1499116739755,2047,9,1,2,1,1,1,2,2,42,4,3,267,3,4,68,4,12,72,4,11,51,7,4,10,2,1,2,0,201,11,122,150,114,157,4,14,17,4,14,119,4,7,64,14,4,254,11,4,6,0,0,2,1,498,105,-1,11,131
3290475177,1501874601997,1617,9,2,2,2,2,2,2,2,38,12,4,121,11,4,223,4,12,63,3,4,18,4,7,1,0,0,1,0,154,99,29,31,57,61,4,21,19,4,11,412,4,14,119,7,4,90,4,12,10,2,1,2,1,117,6,157,238,57
3324297248,1504131283126,2088,9,1,2,2,1,2,1,2,10,12,4,19,4,11,22,4,7,412,4,14,245,4,14,9,2,0,3,0,157,143,29,63,75,31,11,4,161,4,21,59,4,12,16,4,3,498,7,4,6,0,1,1,1,238,122,18,40,117
3319210358,1503767712536,1753,9,2,1,2,2,2,2,2,18,7,4,99,4,21,40,4,3,79,4,11,150,14,4,1,0,0,0,0,53,119,10,31,157,102,3,11,30,4,12,51,7,4,37,4,3,14,4,12,10,3,1,4,1,157,117,154,55,16
3290931832,1501930210725,1385,9,2,2,2,2,2,2,2,57,11,4,202,7,4,117,14,4,24,12,4,38,12,4,1,0,0,1,0,7,412,429,40,92,3,12,4,16,3,4,23,14,4,18,4,7,64,4,11,11,3,1,1,1,6,53,412,113,141
3329769715,1504540882798,2101,9,1,2,2,1,2,2,0,412,14,4,61,14,4,57,11,4,67,4,7,98,12,4,11,3,0,0,0,157,117,238,40,154,63,3,4,64,11,4,163,4,6,516,12,4,18,4,12,3,0,2,3,0,-1,114,119,53,157
3323675661,1504104489893,2480,9,1,1,2,1,2,2,0,75,6,12,16,4,3,238,4,14,78,4,11,22,4,7,9,3,0,1,0,119,141,498,143,31,24,4,12,267,4,3,64,11,4,67,4,7,163,14,4,5,0,2,4,0,31,40,117,113,119
3324879015,1504198881512,1411,9,2,1,2,2,2,2,2,121,11,4,23,12,4,44,4,3,22,4,7,99,21,4,3,0,0,0,0,40,18,16,105,67,161,1,4,164,4,12,117,4,7,236,4,3,102,4,11,7,1,1,3,1,238,31,119,75,40
3293989611,1502136977929,2775,9,2,1,2,2,1,1,2,22,4,7,78,12,4,40,3,4,103,4,14,19,11,4,3,0,1,1,0,31,141,122,18,238,432,4,14,38,12,4,59,4,11,126,4,12,51,4,7,10,3,0,3,1,91,163,266,75,164
3326048111,1504277221878,2261,9,1,1,1,1,1,1,0,21,7,4,43,4,14,81,4,21,80,12,4,20,11,4,9,2,1,1,0,157,122,31,53,114,110,7,4,99,14,4,92,12,4,28,11,4,12,3,4,6,1,0,2,0,11,157,75,40,105
3307244111,1502980065702,1353,9,2,1,2,2,0,2,1,143,3,4,103,4,14,21,7,4,114,12,4,64,11,4,2,0,0,0,1,11,55,53,18,238,164,4,12,89,4,3,29,4,7,24,4,11,34,12,4,7,1,0,2,0,56,90,63,420,157
3315675761,1503514977191,1233,9,2,1,2,0,0,1,0,78,4,14,61,21,4,516,4,12,202,7,4,254,11,4,0,0,0,1,0,238,105,31,53,23,40,3,4,222,4,7,64,4,11,58,12,4,69,4,6,6,0,0,1,0,117,19,72,201,105
3318902246,1503745993929,1784,9,1,1,1,1,1,1,0,15,7,4,90,4,12,57,4,11,39,12,4,40,4,3,9,2,1,2,0,24,31,105,117,53,110,4,7,29,11,4,43,3,4,516,12,4,115,21,4,3,0,0,0,0,67,498,117,6,28
3223647652,1497487007589,1746,9,2,2,2,2,2,2,1,17,12,4,38,12,4,16,4,3,119,7,4,64,4,11,4,0,0,0,1,134,122,114,7,498,222,4,7,3,4,14,154,4,11,90,4,12,164,4,12,10,2,1,4,0,55,51,157,497,105
3319408503,1503779693128,1241,9,1,1,2,0,0,1,1,267,4,3,61,4,21,18,4,7,121,11,4,114,4,12,4,0,0,2,1,55,122,119,238,40,157,4,12,11,4,11,6,4,12,16,3,4,222,7,4,1,0,0,0,0,31,516,57,105,64
3273300361,1500667794124,2475,9,1,1,1,1,1,2,0,67,7,4,41,4,3,126,12,4,31,4,11,223,3,4,10,2,1,3,0,58,121,157,105,11,141,4,11,143,14,4,103,4,14,59,12,4,429,7,4,3,0,0,1,0,122,105,119,79,157
3327590935,1504373084803,1842,9,2,2,1,2,2,1,1,126,4,12,121,4,11,161,4,7,429,4,7,412,4,14,1,0,0,1,1,201,117,40,29,113,25,4,14,245,12,4,96,4,7,141,4,11,8,4,6,11,3,1,3,0,40,7,59,163,29
3319266392,1503769886245,1664,9,2,2,2,2,2,2,1,29,4,7,10,12,4,412,4,14,43,4,14,59,11,4,3,0,0,0,1,141,134,117,79,38,61,4,7,64,4,11,236,7,4,12,4,14,98,12,4,9,2,1,3,0,117,141,7,40,85
3327960136,1504398555382,1713,9,1,2,1,0,1,2,1,61,12,4,104,4,11,110,4,7,150,4,12,412,4,3,7,0,1,1,1,58,63,28,64,117,67,7,4,78,14,4,157,12,4,136,4,6,79,4,11,3,0,0,2,0,7,18,16,33,117
3307535094,1502994436018,1860,9,1,1,1,1,0,2,2,61,4,21,51,4,7,64,4,11,412,4,14,126,4,12,10,3,0,1,0,238,157,154,31,105,4,4,14,131,4,11,58,4,12,40,3,4,67,4,7,1,0,0,1,1,18,11,31,154,90
3301018557,1502573626698,1601,9,1,1,2,0,1,1,1,131,4,11,412,3,4,202,7,4,59,4,12,99,6,4,5,0,1,1,1,105,78,122,236,141,61,4,3,76,4,11,62,4,12,89,4,14,119,7,4,2,0,0,0,0,22,19,141,134,40
3246207199,1498857097199,1736,9,2,1,2,2,1,2,2,19,11,6,98,12,4,43,4,14,67,7,4,25,3,4,1,0,1,0,0,157,11,29,122,92,2,12,6,37,3,4,222,4,7,1,14,4,64,4,11,10,1,0,3,1,154,157,63,92,117
3329208799,1504473197572,2181,9,1,2,2,1,1,1,1,85,4,12,34,4,12,12,4,3,429,7,4,79,4,11,9,1,1,1,1,119,55,157,59,8,141,11,4,16,3,4,107,12,4,99,4,21,96,4,7,4,0,0,1,0,76,119,7,31,33
3318906059,1503747489359,1415,9,1,1,1,1,0,2,0,96,4,21,245,4,14,17,14,4,497,4,3,11,11,6,8,1,0,2,0,28,122,134,157,83,516,4,11,37,3,4,10,12,4,64,4,12,498,4,7,1,0,0,1,0,2,122,29,53,119
3324209389,1504125879621,1757,9,2,1,2,2,2,2,2,99,4,7,222,7,4,12,4,3,141,11,4,23,6,14,0,0,0,0,0,154,29,18,6,64,21,7,4,267,3,4,86,4,12,9,11,4,34,4,12,11,5,1,2,1,238,157,53,201,122
3326197642,1504285621186,2396,9,2,2,2,2,1,2,2,157,11,4,202,4,7,114,12,4,7,4,14,53,14,4,4,0,1,0,0,117,103,51,40,141,80,14,4,61,14,4,15,7,4,201,3,4,48,4,11,9,3,1,5,1,57,31,119,-1,40
3279406621,1501089682161,194,9,1,0,0,0,0,0,0,17,4,3,150,12,4,268,12,4,77,11,6,105,4,14,0,0,0,0,0,113,154,31,119,6,56,11,4,8,4,6,53,4,14,22,7,4,92,4,12,0,0,0,0,0,114,31,6,90,141
3327234795,1504354829012,2292,9,1,1,2,1,1,2,2,25,4,3,18,7,4,64,4,11,17,14,4,38,4,12,11,6,2,4,0,90,238,29,516,117,91,14,4,202,4,7,59,4,11,44,4,3,10,4,12,5,0,0,1,1,157,141,16,40,31
3325670708,1504221082028,2244,9,1,1,1,1,1,1,1,84,4,12,40,4,3,19,4,11,202,4,7,127,4,14,9,1,1,4,1,122,516,157,53,33,59,4,11,69,3,4,41,12,4,18,4,7,267,4,3,2,0,0,0,0,31,39,29,75,55
3328969634,1504460723490,1602,9,2,2,2,2,0,2,2,19,4,11,157,4,12,222,4,7,40,4,3,23,4,12,0,0,0,0,0,134,31,51,54,75,37,4,3,238,4,14,29,7,4,10,4,12,106,11,4,11,3,0,2,1,61,141,67,122,64
3298172608,1502408465331,2196,9,2,2,2,2,2,2,2,29,3,4,50,12,4,67,4,7,40,4,3,57,11,4,1,0,0,0,0,157,12,75,16,141,41,4,12,238,4,14,222,4,7,64,11,4,412,4,14,9,1,1,4,1,119,28,75,31,157
3329832897,1504542243844,1725,9,1,1,1,1,1,1,1,15,7,4,17,12,4,131,4,14,11,4,11,267,4,14,11,3,1,3,1,157,50,61,64,19,161,4,21,141,4,11,16,3,4,83,12,4,67,4,7,0,0,0,0,0,18,84,23,157,53
3329855058,1504545018804,1875,9,2,2,1,2,0,2,0,41,4,12,141,11,4,12,14,4,61,4,3,15,4,7,7,1,0,1,0,69,63,40,31,117,432,4,3,133,4,14,19,11,4,96,7,4,238,14,4,7,1,0,2,0,63,29,90,412,516
3309461375,1503107579519,2192,9,2,2,2,1,1,1,1,141,4,14,266,4,14,53,4,14,14,4,11,429,7,4,9,2,1,3,1,75,122,38,103,31,92,4,12,25,3,4,432,11,4,245,4,14,18,4,7,7,1,1,1,0,119,7,67,41,238
3315327745,1503498713978,2259,9,2,2,2,2,2,1,0,122,12,4,53,4,3,59,4,11,67,4,7,61,4,12,4,0,0,2,0,80,40,29,154,157,14,4,12,236,4,7,201,3,4,113,11,4,90,12,4,9,1,2,1,0,75,40,154,114,31
3311236363,1503236601569,3061,9,1,2,2,1,0,2,0,24,11,4,61,4,21,51,4,7,201,4,3,126,4,12,9,1,0,2,0,105,150,40,119,102,80,4,11,110,4,21,37,4,3,58,12,4,3,14,4,5,0,0,3,0,134,53,245,23,429
3258564850,1499708366492,2322,9,2,1,1,2,1,1,1,29,4,7,61,12,4,113,11,4,39,4,12,53,3,4,6,1,1,1,1,157,23,19,498,122,37,4,3,10,11,4,114,4,12,51,4,7,103,4,14,8,2,0,2,0,119,55,202,23,120
3314036857,1503422651022,1594,9,1,1,1,1,0,1,1,5,4,11,89,4,3,202,7,4,157,4,14,74,4,14,10,1,0,2,1,75,98,119,17,238,24,4,12,101,4,14,80,4,7,96,4,7,11,4,12,0,0,0,1,0,45,53,266,201,238
3328926115,1504459591616,2293,9,1,1,2,1,1,1,0,40,4,3,96,7,4,38,12,4,27,6,12,19,4,11,7,1,2,4,0,141,154,16,119,18,122,12,4,223,3,4,21,4,7,11,4,11,112,4,7,5,0,0,1,0,29,75,1,412,90
3330024158,1504552697139,1512,9,1,1,1,1,0,1,1,14,3,4,23,12,4,21,7,4,45,12,4,57,4,11,11,4,0,2,1,17,67,75,61,122,15,7,4,38,4,14,58,4,12,11,11,4,412,4,3,1,0,0,0,0,31,67,29,18,53
3294528942,1502190844734,1870,9,1,2,1,1,1,2,0,238,14,4,498,4,7,497,4,14,59,4,11,44,4,12,7,1,1,1,0,113,84,8,31,40,25,3,4,133,12,4,33,4,11,80,4,14,29,7,4,2,0,0,2,0,18,8,38,114,40
3324630957,1504180809484,1874,9,1,2,2,1,1,1,1,60,4,11,236,7,4,1,14,4,25,4,12,121,4,14,11,3,1,2,1,18,69,238,105,29,222,4,7,37,3,4,91,14,4,98,4,12,11,11,4,2,0,0,0,0,238,105,90,17,53
3325571424,1504214014039,2413,9,2,1,1,2,2,2,1,432,4,14,59,3,4,9,4,11,24,12,4,18,7,4,4,0,0,2,1,29,31,91,40,119,15,7,4,164,12,4,32,4,11,267,3,4,238,4,14,11,4,2,2,0,114,56,41,117,29
3327877577,1504392084442,1822,9,2,2,2,2,0,1,2,105,4,14,53,7,4,126,4,21,516,4,12,60,4,11,2,0,0,1,0,122,114,134,31,498,150,12,4,141,4,11,7,14,4,267,4,3,15,7,4,10,2,0,1,1,157,11,114,154,19
3327944603,1504395392835,2139,9,2,1,1,1,2,1,1,18,7,4,69,4,1,53,4,14,64,11,4,163,4,1,7,2,0,4,1,157,57,412,117,67,35,14,11,14,14,4,222,4,7,4,4,6,8,12,4,8,1,2,0,0,238,117,141,40,134
3307417733,1502991002898,2147,9,2,1,2,2,2,1,0,267,4,7,96,4,1,56,11,3,3,4,12,115,4,21,2,0,0,2,0,154,122,157,92,119,11,11,4,24,12,6,21,4,7,45,4,21,25,3,4,11,3,1,1,0,105,69,122,75,53
3327651984,1504376412657,1879,9,2,2,2,2,2,2,1,64,4,11,51,7,4,92,4,12,89,4,3,84,14,4,5,0,0,2,1,122,157,105,86,25,412,4,3,121,11,4,79,4,14,18,4,7,10,4,12,8,1,1,2,0,268,238,29,67,157
3320452290,1503849681450,2058,9,1,1,2,1,1,2,0,18,21,4,37,7,4,103,1,4,92,12,4,141,4,11,11,3,1,1,0,154,51,38,516,238,99,4,21,107,4,11,21,4,7,143,3,4,421,4,14,3,0,0,2,0,75,40,11,238,516
3329917682,1504548302684,1496,9,2,1,2,2,0,2,0,48,12,4,18,4,12,64,11,4,25,4,14,101,4,21,1,0,0,0,0,40,516,498,238,75,92,14,4,201,14,4,84,4,14,67,7,4,113,4,11,9,1,0,2,0,238,40,24,90,31
3245215809,1498822071912,1989,9,1,1,1,1,1,1,2,32,4,11,37,3,4,21,7,4,99,4,6,58,14,4,7,1,1,2,0,122,11,136,157,105,38,4,14,29,4,7,5,4,11,83,4,12,117,3,4,5,0,0,1,1,36,51,122,131,64
3324427480,1504145035298,1683,9,2,2,1,2,2,1,1,1,4,14,121,4,11,96,4,7,69,4,6,117,3,4,3,0,0,1,1,245,18,238,57,38,59,11,4,161,4,21,67,7,4,40,4,3,41,4,12,11,3,1,2,0,201,31,11,122,141
3277202773,1500935130354,2115,9,1,1,1,1,1,1,0,17,11,4,45,4,12,432,4,14,55,14,4,222,4,7,11,5,1,3,0,157,119,122,11,8,163,4,3,85,12,4,21,7,4,44,3,4,31,4,11,2,0,0,0,0,141,122,497,134,131
3284387163,1501442423125,1557,9,2,2,2,2,2,2,2,154,4,11,80,12,4,1,4,21,222,4,7,412,3,4,0,0,0,0,0,107,23,157,141,6,202,4,7,432,4,14,55,14,4,31,12,4,32,11,4,7,1,1,2,1,103,119,11,157,53
3316074898,1503557076122,1216,9,1,1,1,1,0,1,1,51,4,7,61,6,4,64,11,4,122,12,4,78,3,4,10,2,0,1,1,238,154,31,516,157,40,4,3,67,7,4,163,14,4,120,11,6,85,12,4,0,0,0,0,0,11,80,157,238,154
3329637300,1504532345730,2088,9,1,2,2,1,0,1,2,64,11,4,67,7,4,238,14,4,25,14,4,27,4,12,10,3,0,4,0,157,141,105,119,75,18,7,4,14,4,12,19,11,4,69,14,4,79,3,4,6,0,0,0,1,55,141,12,203,11
3324727862,1504189677824,1881,9,1,1,1,1,2,2,2,41,12,4,96,7,4,106,11,4,112,21,4,16,4,3,9,1,1,1,0,238,29,157,92,31,40,4,3,11,4,11,122,12,4,236,4,7,8,14,4,5,0,1,2,1,38,18,29,92,154
3219443411,1497206092813,1341,9,1,1,1,1,0,1,0,55,4,12,51,7,4,117,12,4,56,4,11,25,4,14,8,1,0,2,0,64,114,38,154,122,157,12,4,120,11,6,75,4,12,497,4,3,498,4,7,0,0,0,0,0,114,59,134,90,154
3331038534,1504625955634,1411,9,1,1,1,1,0,1,0,17,4,12,67,4,7,157,11,4,91,14,4,40,4,3,10,2,0,2,0,141,-1,122,8,18,412,4,14,119,4,21,29,4,7,31,4,11,1,4,14,0,0,0,0,0,11,86,25,131,75
3326416739,1504298850707,198,9,2,2,0,0,0,0,0,122,4,12,238,14,4,57,4,11,67,4,7,497,4,3,0,0,0,0,0,23,59,64,18,51,55,4,3,98,4,12,412,4,14,421,4,11,81,7,4,0,0,0,0,0,40,75,157,90,202
3327956409,1504396360597,2220,9,1,2,1,1,1,1,1,141,11,4,62,4,12,29,7,4,201,4,3,11,4,14,9,1,1,4,1,245,89,82,39,107,67,7,4,40,4,3,105,4,12,17,4,12,120,6,11,2,0,0,0,0,90,48,53,157,119
3286881187,1501607499700,2117,9,2,2,2,2,2,2,1,254,4,11,75,4,12,67,7,4,103,14,4,26,4,3,2,0,0,0,1,24,40,114,31,157,37,3,4,74,4,3,133,4,7,36,4,11,236,7,4,11,5,2,4,0,238,33,154,6,31
3325082961,1504205738205,1170,9,1,1,1,1,0,0,0,23,12,6,497,4,3,202,4,7,157,14,4,154,4,11,7,1,0,0,0,122,6,114,31,18,141,11,4,236,14,4,117,4,3,67,7,4,24,12,4,0,0,0,0,0,55,40,516,29,122
3327079370,1504352736073,1878,9,2,2,1,2,2,1,2,45,12,4,412,3,4,18,7,4,98,12,4,121,4,11,3,0,0,2,0,117,157,31,516,238,141,11,4,12,4,3,57,4,12,22,4,7,4,4,14,10,2,1,1,1,154,11,122,75,53
3325788160,1504258412950,1762,9,1,2,2,1,1,2,0,8,4,12,29,4,7,267,4,3,163,3,4,59,11,4,10,2,1,2,0,53,31,4,117,141,20,11,4,157,14,4,18,4,7,79,4,12,201,3,4,4,0,0,1,0,16,40,113,117,28
3250139891,1499116229113,1542,9,2,2,2,2,0,2,2,29,7,4,31,4,11,122,4,12,57,3,4,74,4,12,2,0,0,0,0,105,126,51,55,11,53,4,3,107,11,4,34,14,4,236,21,4,15,4,7,6,1,0,2,1,5,105,1,412,11
3322928638,1504039009204,1720,9,1,2,1,1,1,2,0,22,4,7,40,4,14,161,4,6,516,11,4,122,4,12,11,2,1,2,0,33,53,51,17,91,74,4,12,497,3,4,498,7,4,131,12,4,9,11,4,0,0,0,1,0,63,51,75,53,86
3331310920,1504640551922,2496,9,2,2,2,1,1,2,2,61,4,14,16,3,4,21,7,4,84,4,11,14,4,12,7,1,1,1,0,31,427,238,117,29,18,4,7,68,4,12,157,4,14,59,11,4,43,3,4,7,1,1,2,1,-1,141,240,51,40
3299251414,1502479767817,2259,9,1,2,1,2,1,1,0,23,4,12,29,4,7,40,4,3,45,4,21,72,11,4,10,2,2,4,0,164,154,150,238,141,44,4,3,133,4,14,15,7,4,421,4,11,38,4,12,5,1,0,1,0,75,19,57,31,141
3330151630,1504559541289,1165,9,1,1,1,0,0,1,0,59,4,11,126,4,12,18,7,4,16,4,7,238,4,14,5,0,0,1,0,11,19,23,412,498,64,4,11,117,3,4,8,12,4,91,4,12,110,7,4,0,0,0,0,0,7,1,21,157,114
3275996263,1500875168660,1169,9,2,1,2,2,0,2,2,238,14,4,102,4,11,25,4,14,157,4,12,119,7,4,1,0,0,0,0,54,64,67,105,141,240,4,12,106,11,4,497,4,3,18,4,7,5,12,4,6,1,0,2,1,51,122,126,164,141
3309554717,1503136244744,1320,9,2,1,2,0,0,2,0,29,11,4,202,4,7,86,12,4,101,6,4,37,3,4,0,0,0,1,0,75,53,21,157,84,55,14,4,432,4,3,28,4,11,51,4,7,2,6,12,3,0,0,1,0,6,122,141,157,5
3324400487,1504137312633,2530,9,1,1,2,1,1,1,1,96,4,7,121,11,4,4,4,6,201,4,3,516,4,12,11,4,1,3,1,141,154,86,68,31,92,4,12,104,4,11,202,7,4,34,12,4,21,4,3,2,0,0,0,0,40,55,122,19,69
3275366336,1500820620904,1952,9,1,2,2,1,0,1,0,40,3,4,98,12,4,29,4,7,163,4,3,60,4,11,8,1,0,2,0,141,157,119,154,31,202,4,7,61,4,6,53,14,4,27,6,12,64,11,4,3,0,0,0,0,497,11,-1,31,96
3331345332,1504642092102,2578,9,2,2,2,2,2,1,2,55,14,4,20,11,4,16,4,3,98,12,4,81,4,7,3,0,0,2,0,238,266,28,497,103,110,4,7,131,4,14,121,11,4,516,4,12,267,14,4,11,5,1,3,1,18,51,33,238,40
3329975836,1504550591304,1628,9,2,1,2,2,0,2,0,98,3,4,236,7,4,4,4,6,41,4,12,56,4,11,3,0,0,0,0,67,141,16,40,117,79,4,11,267,14,4,6,12,4,115,1,4,18,7,4,11,3,0,1,0,29,157,64,31,38
3288401858,1501705705560,1641,9,2,1,2,2,0,2,0,39,4,3,429,4,7,157,4,14,245,4,11,6,4,12,1,0,0,0,0,51,57,122,114,105,58,12,4,412,4,3,29,11,4,61,4,21,67,4,7,8,2,0,2,0,141,238,119,121,154
3326429018,1504299690012,2464,9,1,1,2,1,1,1,1,68,4,12,141,4,11,89,4,14,126,4,14,81,4,7,9,2,1,1,1,131,18,40,157,103,202,7,4,99,4,21,62,11,4,114,12,4,201,3,4,6,0,1,3,0,29,-1,103,75,17
3330479903,1504599107287,1646,9,1,1,1,1,0,1,0,29,4,11,150,4,12,412,3,4,202,7,4,55,4,14,10,3,0,2,0,75,1,64,238,11,157,4,14,89,3,4,84,4,12,141,11,4,67,7,4,0,0,0,0,0,91,75,74,238,40
3319890638,1503838394905,2377,9,2,2,2,2,1,2,0,79,4,11,81,4,7,201,3,4,268,4,12,516,4,12,1,0,1,0,0,91,157,18,497,119,110,6,4,223,4,12,429,4,7,412,14,4,17,4,11,10,3,0,4,0,157,64,497,238,31
3321425319,1503939951940,2527,9,2,2,1,2,2,1,1,432,3,4,92,12,4,516,4,11,43,14,4,429,7,4,7,1,0,2,1,18,57,40,53,-1,161,7,4,64,4,11,127,4,12,25,3,4,29,4,7,7,1,1,2,0,67,105,122,114,31
3328205233,1504438592319,1872,9,2,2,1,2,0,2,0,75,4,12,40,4,3,51,7,4,245,12,4,141,11,4,5,0,0,0,0,53,7,55,238,117,134,4,14,44,3,4,111,11,4,67,4,7,122,4,6,7,1,0,3,0,16,6,18,117,91
3231897094,1497980340609,2626,9,2,1,2,2,1,1,1,161,3,4,29,7,4,201,3,4,11,11,6,78,12,4,4,0,1,1,1,122,157,24,164,67,31,4,12,77,11,4,119,4,14,143,4,14,51,7,4,11,4,1,4,0,134,157,64,114,27
3320765224,1503866643697,2276,9,2,1,1,2,0,2,0,13,12,4,9,3,4,86,4,14,141,4,12,51,7,4,5,0,0,1,0,238,31,114,122,157,202,4,7,516,4,12,201,3,4,112,4,1,60,11,4,7,1,0,2,0,119,114,18,40,113
3330165473,1504561058613,2301,9,1,1,2,1,1,1,2,99,4,21,121,4,11,202,4,7,16,3,4,84,12,4,11,3,1,2,0,119,105,238,11,40,236,4,14,9,11,4,6,12,4,267,4,3,29,7,4,6,0,0,2,1,69,57,17,37,40
3317862580,1503674942607,1642,9,2,2,2,0,2,2,0,55,4,14,40,4,3,22,4,7,157,4,12,31,4,11,2,0,0,0,0,516,119,53,19,91,59,4,11,420,4,3,18,7,4,25,4,3,131,4,12,5,0,1,3,0,63,92,6,119,141
3328010848,1504398966435,1704,9,1,2,2,1,0,2,1,27,12,6,29,11,4,37,3,4,238,4,14,67,4,7,10,2,0,1,1,104,157,105,-1,119,33,4,11,516,12,4,7,4,14,81,4,7,40,3,4,1,0,0,1,0,122,90,18,141,117
3260149048,1499807591776,1782,9,1,2,1,1,1,1,1,61,4,14,29,7,4,412,4,3,75,4,12,19,11,4,8,1,1,3,1,105,122,45,44,51,498,4,7,64,4,11,50,12,4,161,4,21,89,3,4,2,0,0,0,0,114,53,157,122,3
3331327051,1504642241939,1468,9,1,1,1,1,0,1,2,9,11,6,90,4,14,122,4,12,18,4,7,412,14,4,10,2,0,2,0,126,157,11,53,105,432,14,4,266,4,14,72,11,4,92,12,6,110,7,4,1,0,0,0,1,11,25,157,105,126
3320499165,1503854355369,2061,9,2,1,2,2,2,2,1,111,3,4,498,4,14,99,4,14,57,4,12,72,11,4,5,0,0,1,1,131,122,201,420,18,238,3,4,54,4,12,19,11,4,16,3,4,110,7,4,10,3,1,3,0,86,53,23,6,102
3329252906,1504474517300,1632,9,2,1,2,2,0,1,0,76,4,11,32,12,4,412,4,3,67,4,7,61,3,4,1,0,0,1,0,31,141,157,122,114,516,4,12,222,4,7,55,4,14,64,11,4,497,3,4,8,1,0,0,0,75,114,126,29,104
3324717616,1504189425497,2480,9,1,1,1,1,1,2,0,21,7,4,64,11,4,497,4,3,245,4,14,126,4,12,10,3,1,2,0,23,31,9,53,238,89,3,4,67,4,7,35,14,4,41,4,11,7,4,12,2,0,0,2,0,51,119,122,114,141
3276900800,1500919827670,1651,9,2,2,2,2,2,1,0,117,3,4,63,14,4,74,4,12,67,7,4,57,4,11,2,0,0,1,0,58,119,90,141,157,79,4,11,238,4,14,18,4,7,31,4,12,412,4,14,11,3,1,1,0,245,114,141,60,119
3314111301,1503424202382,1546,9,1,1,2,1,0,1,0,38,12,4,67,7,4,76,4,11,41,4,12,4,4,14,9,1,0,2,0,119,412,31,157,141,6,4,11,68,4,12,96,7,4,267,4,3,268,7,4,2,0,0,0,0,31,117,164,33,238
3216079693,1497014907142,1296,9,1,1,1,0,0,1,0,19,4,11,143,4,3,131,4,14,114,12,4,81,4,7,5,0,0,2,0,119,238,58,157,117,33,11,4,6,3,4,21,7,4,43,3,4,122,12,4,1,0,0,0,0,497,90,236,157,201
3260309767,1499823437874,2709,9,2,2,2,2,2,2,2,103,14,4,254,4,11,222,4,7,37,4,3,8,12,4,7,1,0,1,0,105,67,110,238,157,53,3,4,18,4,7,24,11,4,420,12,4,115,21,4,10,3,2,4,1,17,51,122,7,1
3265319514,1500139678126,1846,9,2,2,2,2,2,2,2,21,7,4,25,3,4,164,12,4,106,4,11,55,4,14,4,0,0,0,0,121,51,114,141,238,133,4,14,267,4,3,222,4,7,99,21,4,11,11,4,8,1,1,3,1,20,119,141,154,412
3226545355,1497650892741,1661,9,2,2,2,2,2,1,2,90,4,3,114,4,12,67,4,7,134,4,12,79,4,11,2,0,0,1,0,105,202,53,420,11,34,14,4,81,4,14,17,14,4,21,4,7,19,11,4,11,3,1,2,1,498,51,154,238,157
3263970622,1500051473936,1981,9,2,2,2,2,2,2,0,34,12,4,56,11,4,16,4,3,238,4,14,18,7,4,6,0,0,0,0,498,141,67,53,412,51,4,7,61,4,21,83,12,4,89,4,14,30,4,11,9,2,1,3,0,497,157,91,23,11
3315174212,1503486013038,1496,9,2,2,2,2,2,2,0,141,4,11,15,7,4,134,21,4,150,4,12,497,4,3,1,0,0,0,0,57,90,117,31,40,105,4,14,36,4,12,412,3,4,18,7,4,19,4,11,8,2,1,3,0,117,154,51,31,6
3295284657,1502222682293,1336,9,1,2,1,1,1,1,1,43,3,4,51,4,7,29,4,11,19,4,11,62,12,4,8,1,1,2,1,122,31,497,141,64,154,4,11,58,4,12,16,4,3,133,4,7,157,4,14,0,0,0,0,0,53,6,31,18,72
3330210590,1504562498279,1766,9,2,2,2,2,0,2,0,38,4,12,111,4,11,498,4,7,80,14,4,44,4,3,0,0,0,1,0,29,122,96,141,99,267,4,3,238,4,14,64,4,11,236,7,4,157,12,4,10,2,0,2,0,154,62,31,53,141
3310180296,1503164078078,1591,9,2,1,1,2,2,2,2,267,4,3,60,4,11,268,4,21,29,4,7,126,4,12,1,0,0,0,0,141,119,412,35,238,40,4,3,99,4,12,79,11,4,122,12,4,202,7,4,7,1,1,2,1,18,53,90,134,119
3291978402,1501978660429,1770,9,1,1,1,1,1,1,1,19,11,4,90,12,4,31,12,4,16,3,4,51,7,4,10,2,1,2,1,22,80,154,91,57,81,4,7,37,4,3,115,3,4,78,4,11,420,4,12,1,0,0,0,0,53,11,58,114,103
3263403142,1499993124260,2085,9,1,2,1,1,1,1,0,12,4,3,21,4,7,50,14,4,30,4,11,114,4,12,9,3,1,4,0,122,498,92,134,11,117,4,3,67,4,7,32,4,11,86,12,4,236,4,7,1,0,0,0,0,154,89,11,498,51
3322757349,1504030463313,1947,9,1,1,2,1,0,1,1,23,12,4,42,4,21,111,11,4,96,4,7,117,3,4,11,3,0,2,1,92,119,498,40,75,99,14,4,497,3,4,18,4,7,67,4,12,45,4,14,4,0,0,0,0,53,12,25,516,64
3327639949,1504378599517,2084,9,1,1,1,2,1,2,2,117,4,12,120,11,6,157,14,4,53,4,14,51,4,7,7,1,1,0,0,40,119,75,23,238,134,14,4,98,3,4,429,7,4,32,11,4,58,4,12,9,2,0,4,1,119,31,238,29,498
3327746850,1504383601683,1396,9,1,1,1,1,0,2,0,89,4,3,99,4,21,121,4,11,50,4,12,15,7,4,8,2,0,2,0,25,154,114,18,58,40,4,3,85,12,4,103,14,4,67,7,4,113,4,11,0,0,0,1,0,122,18,238,29,8
3329912148,1504546868506,2131,9,1,1,1,1,1,1,1,84,12,4,79,11,4,90,12,4,29,7,4,89,3,4,9,2,2,2,1,16,114,40,117,18,432,4,3,96,4,7,134,4,14,106,11,4,157,4,12,2,0,0,1,0,16,18,40,113,141
3328164650,1504435468997,1392,9,2,1,2,2,0,2,2,28,11,4,110,7,4,122,4,12,134,14,4,16,4,3,0,0,0,0,0,53,238,67,11,119,412,4,14,39,4,12,9,11,4,63,4,14,222,7,4,10,2,0,2,1,18,157,141,114,117
3319565885,1503788765713,2484,9,2,1,2,2,0,2,0,122,4,12,103,21,4,19,4,11,78,4,3,18,4,7,3,0,0,1,0,64,141,238,117,157,96,4,7,99,3,4,24,12,4,2,11,4,245,4,14,11,2,0,2,0,31,64,6,90,238
3328010827,1504398973415,1215,9,2,1,2,2,0,2,2,61,4,11,42,4,3,117,3,4,58,4,12,81,7,4,0,0,0,0,0,67,11,113,44,40,18,7,4,131,4,12,37,4,3,83,12,4,141,11,4,6,1,0,1,1,157,-1,-1,38,516
3330067930,1504556039569,1641,9,1,2,1,1,1,1,0,412,3,4,24,4,11,119,7,4,61,1,4,3,12,4,11,3,1,3,0,102,53,157,105,141,11,4,11,99,14,4,41,12,4,18,4,7,89,3,4,0,0,0,0,0,86,53,157,154,267
3319758745,1503830568026,1926,9,1,2,1,1,1,1,1,24,11,4,57,4,12,119,7,4,53,4,3,157,4,14,11,3,2,2,1,29,150,40,141,31,202,4,7,412,4,3,35,14,12,5,11,4,90,4,12,5,0,0,2,0,83,29,117,31,18
3329121079,1504466089291,1694,9,2,1,2,2,0,2,0,81,7,4,516,4,12,63,4,14,99,14,4,32,4,11,0,0,0,0,0,55,51,67,157,122,131,4,12,89,3,4,238,14,4,141,4,11,18,7,4,11,2,0,2,0,92,57,16,105,53
3246952421,1498926061536,2652,9,2,2,2,2,2,1,2,157,4,12,254,4,11,143,4,3,101,1,4,51,4,7,5,0,1,2,0,498,29,154,53,23,99,4,21,119,4,7,56,11,4,14,4,12,1,4,12,10,4,1,2,1,21,238,24,63,420
3331316595,1504642113865,1647,9,1,2,1,1,1,1,1,79,12,4,19,4,11,4,4,12,67,7,4,223,4,3,8,1,1,2,1,31,117,40,141,113,429,4,7,12,3,4,238,4,14,33,11,4,17,4,14,2,0,0,1,0,157,154,31,40,119
3258354914,1499695633299,2077,9,1,1,1,1,1,1,1,18,4,7,154,11,4,238,14,4,8,4,12,89,3,4,9,2,1,2,1,122,53,105,39,55,157,3,4,23,4,12,143,4,3,102,4,11,222,7,4,3,0,0,2,0,19,11,5,105,24
3326143758,1504281510721,1398,9,1,1,1,1,0,1,1,497,4,3,19,12,4,33,11,4,18,4,7,163,7,4,8,2,0,2,1,29,40,57,79,141,67,7,4,245,4,14,157,12,4,12,4,3,113,4,11,0,0,0,0,0,8,84,40,117,122
3279837468,1501113556953,1299,9,2,2,2,0,0,2,2,136,4,7,15,7,4,106,12,4,154,11,4,99,4,3,2,0,0,0,0,60,141,17,53,55,39,4,12,101,4,6,56,11,4,40,4,3,29,4,7,4,0,0,1,1,103,238,412,31,53
3257025818,1499609317602,2466,9,2,1,2,1,2,2,2,119,4,7,59,12,4,103,4,14,76,4,11,432,3,4,10,3,0,2,0,236,498,154,56,114,64,4,11,21,4,7,37,3,4,84,4,14,23,4,12,10,2,1,2,1,154,157,19,51,497
3330137503,1504558851761,2539,9,1,1,1,1,2,2,0,222,4,7,4,4,14,16,7,4,29,11,4,10,4,14,8,2,0,1,0,64,141,8,516,53,432,14,4,11,6,11,37,3,4,236,7,4,92,4,12,8,3,2,4,0,157,67,86,53,119
3287650305,1501685938898,2368,9,1,1,1,1,1,2,0,141,4,11,105,4,14,51,7,4,432,4,3,58,4,12,9,2,1,1,0,134,6,202,27,201,420,4,12,236,4,7,111,3,4,38,12,4,29,4,11,2,0,0,1,0,40,238,157,114,498
3251837677,1499247108738,1524,9,2,2,2,2,0,2,2,20,4,11,201,3,4,22,4,7,238,4,14,8,12,4,2,0,0,0,0,157,29,84,102,59,5,4,11,61,4,14,150,14,12,9,4,14,222,4,7,11,2,0,3,1,58,53,28,63,84
3230485285,1497893528484,1150,9,1,1,2,0,0,0,0,41,12,4,134,4,21,154,11,4,63,4,14,498,4,7,2,0,0,0,0,119,117,105,80,157,115,12,4,101,14,4,45,4,21,120,11,6,8,12,4,1,0,0,0,0,5,114,64,238,157
3323246800,1504090529230,2148,9,2,1,1,1,2,1,1,498,4,7,38,4,12,113,11,4,497,3,4,58,12,4,7,1,0,1,1,57,117,29,122,18,11,4,11,91,14,4,92,4,12,63,14,4,67,7,4,7,1,1,2,0,57,90,31,105,-1
3294101839,1502140657507,1875,9,1,1,1,1,1,1,1,134,4,6,18,4,7,3,4,12,76,11,4,12,14,4,11,3,2,4,1,141,31,117,154,91,59,4,11,40,4,3,119,4,7,157,4,14,4,14,4,2,0,0,0,0,238,57,53,75,31
3329839826,1504544060874,2414,9,2,2,2,1,2,1,2,103,4,14,201,3,4,107,4,12,421,11,4,236,4,7,5,1,0,4,0,238,55,99,122,7,64,4,11,267,4,14,117,4,7,96,4,21,24,4,12,9,1,1,1,1,53,-1,238,141,157
3236973534,1498315621988,2344,9,1,1,1,1,2,1,0,245,4,14,18,4,7,202,4,7,11,4,11,53,3,4,8,1,0,2,0,23,122,25,157,420,102,4,11,81,4,14,92,12,4,99,4,3,222,7,4,2,0,1,1,0,89,67,17,238,29
3285952446,1501543568687,2239,9,1,2,1,1,2,1,0,107,11,4,238,4,14,75,12,4,412,3,4,498,7,4,11,2,0,3,0,55,420,11,81,141,157,4,14,25,4,3,21,7,4,120,11,6,245,4,12,5,0,1,1,0,53,82,64,67,84
3222298130,1497391043467,1855,9,2,1,1,2,2,2,1,15,4,7,102,11,4,1,12,4,201,4,12,53,14,4,2,0,0,0,1,498,119,157,114,154,3,12,4,19,11,4,43,4,12,412,4,3,81,7,4,10,2,1,4,0,117,157,103,114,105
3322347334,1504004052582,1527,9,1,1,1,1,0,1,1,24,4,11,412,14,4,18,4,7,163,4,6,8,4,12,11,4,0,3,1,157,11,90,1,141,50,4,12,238,4,14,498,7,4,497,4,3,104,4,11,1,0,0,0,0,11,55,5,131,222
3329565748,1504527824227,2764,9,1,1,1,1,2,2,0,85,12,4,81,4,14,53,4,11,110,3,4,40,3,4,9,3,0,2,0,6,238,24,516,122,432,4,3,101,4,7,15,4,7,141,4,11,133,4,12,7,1,1,3,0,29,37,126,119,84
3323367873,1504099061503,2288,9,2,2,2,2,2,1,0,421,11,4,105,14,4,51,4,7,202,4,14,516,4,12,4,0,0,2,0,141,150,238,126,236,74,4,12,103,4,14,81,4,11,412,4,3,67,4,7,7,2,1,3,0,29,141,31,11,238
3238407706,1498400817961,2658,9,2,2,2,2,2,2,1,104,4,11,38,4,12,15,7,4,245,12,4,40,4,3,3,0,0,1,1,238,143,117,120,51,89,3,4,81,4,7,64,11,4,91,14,4,92,4,12,11,4,1,4,0,117,134,154,119,114
3320987413,1503900492701,2251,9,1,2,1,1,1,1,0,254,4,11,31,4,12,54,4,3,99,7,4,17,7,4,9,2,1,1,0,157,141,15,114,53,21,4,7,4,4,21,89,14,4,19,11,4,126,4,12,1,0,0,0,0,245,266,6,25,131
3243001633,1498669855576,1281,9,2,2,2,0,0,2,0,238,14,4,421,4,12,222,4,7,48,4,11,63,4,3,1,0,0,0,0,67,117,114,35,55,51,4,7,57,4,11,412,3,4,99,4,21,24,4,12,5,0,0,1,0,92,117,8,105,122
3327791111,1504384644989,2288,9,2,1,2,2,2,2,0,157,14,4,113,4,11,516,4,12,29,7,4,40,3,4,4,0,0,0,0,143,90,53,105,67,141,4,11,27,3,4,43,14,4,106,7,4,240,4,12,7,2,2,3,0,154,53,92,134,51
3320712388,1503863223524,1934,9,1,2,1,1,0,1,0,202,7,4,9,11,4,223,4,14,103,4,14,164,4,12,10,2,0,2,0,157,114,31,19,113,29,4,7,75,11,4,412,4,12,238,14,4,41,3,4,2,0,0,0,0,31,12,107,222,122
3254265831,1499430375967,1187,9,2,2,2,0,0,1,0,222,7,4,127,12,4,59,4,12,254,4,11,223,3,4,0,0,0,1,0,154,53,50,202,55,17,12,4,22,7,4,432,4,11,12,4,3,245,12,4,4,0,0,1,0,157,114,498,67,7
3277079188,1500930541313,1824,9,1,1,2,1,1,2,0,17,4,21,42,4,3,121,4,11,37,3,4,21,4,7,8,1,1,1,0,51,31,105,8,119,141,11,4,157,4,14,41,4,12,29,4,7,12,4,3,3,0,0,1,0,498,114,122,1,420
3329500409,1504521931415,1556,9,2,2,1,2,2,2,2,12,4,12,89,4,3,61,4,21,236,7,4,254,11,4,1,0,0,0,0,105,40,6,31,16,81,4,7,63,4,14,25,3,4,104,4,11,516,12,4,11,3,1,3,1,238,498,121,157,31
3301033724,1502571406229,2215,9,1,2,2,1,2,1,1,75,4,12,141,11,4,18,7,4,40,3,4,112,4,14,11,3,1,3,1,31,119,17,238,35,9,11,4,222,4,7,163,4,12,223,4,12,432,4,14,4,0,1,0,0,114,57,11,238,122
3320551823,1503855192395,2628,9,2,1,1,2,2,1,0,29,4,7,91,14,4,24,11,4,78,4,12,53,3,4,4,0,0,1,0,122,86,40,16,516,18,4,7,58,12,4,14,3,4,35,14,11,238,14,4,11,3,1,3,0,122,154,6,157,79
3330053076,1504554591865,2046,9,2,2,2,2,2,2,2,96,4,7,63,12,4,64,4,11,78,4,14,117,4,3,3,0,0,1,0,19,33,40,90,498,16,4,3,266,4,14,29,4,11,161,7,4,18,4,7,10,2,2,3,1,31,498,11,141,40
3287511547,1501675564884,1472,9,2,2,2,2,2,2,2,28,4,11,134,4,3,157,12,4,67,4,7,25,4,3,0,0,0,0,0,127,31,57,24,59,429,4,7,69,4,3,141,4,12,64,4,11,201,4,3,11,3,1,2,1,202,412,119,498,238
3294952397,1502203171607,1029,9,1,1,1,1,0,1,0,110,4,1,76,4,11,164,4,12,37,4,7,7,14,4,10,2,0,1,0,31,38,119,154,18,4,14,4,64,4,11,412,14,4,223,4,12,29,4,7,0,0,0,0,0,31,141,119,40,126
3317110196,1503603779527,1543,9,2,1,2,2,2,2,2,236,4,14,202,4,7,54,11,4,37,3,4,48,12,4,2,0,0,1,0,18,122,516,498,31,56,4,11,40,3,4,119,7,4,2,12,6,103,14,4,9,1,1,2,1,141,12,28,18,238
3327793488,1504385374594,199,9,2,0,0,0,0,0,0,141,11,4,103,21,4,98,3,4,67,4,7,105,12,14,0,0,0,0,0,75,238,119,59,53,36,4,11,81,4,12,497,4,14,516,4,12,18,7,4,0,0,0,0,0,498,122,91,20,31
3310434669,1503166226888,973,9,1,1,1,0,0,1,0,101,1,4,44,3,4,429,4,7,141,4,11,91,4,12,4,0,0,1,0,75,157,51,40,113,103,4,14,45,3,4,105,12,4,53,11,4,21,4,7,0,0,0,0,0,67,266,40,18,164
3318864756,1503742794222,1600,9,2,2,2,2,0,2,0,121,11,4,245,4,14,18,4,7,57,12,4,43,4,3,0,0,0,0,0,31,40,238,119,105,7,12,4,92,4,12,89,4,3,67,4,7,59,11,4,11,3,0,3,0,58,117,60,38,157
3327894747,1504391550571,1207,9,2,2,2,0,0,1,2,99,4,21,64,11,4,58,4,12,67,7,4,89,4,3,0,0,0,1,0,157,1,53,11,119,516,4,3,61,4,21,18,4,7,2,6,12,113,11,4,3,0,0,1,1,141,4,29,157,122
3313536337,1503389057163,1750,9,2,2,2,1,2,2,0,420,12,4,238,4,14,106,11,6,44,3,4,67,4,7,5,1,0,1,0,53,122,74,31,117,9,3,4,157,14,4,54,4,11,45,14,4,29,4,7,8,1,1,2,0,80,122,103,84,32
3316922929,1503592542826,1994,9,2,1,1,2,2,2,0,163,6,4,59,11,4,58,12,4,412,14,4,498,4,7,6,0,0,1,0,40,31,18,141,29,117,4,3,99,4,21,79,11,4,51,7,4,8,12,4,7,1,1,1,0,57,238,516,31,122
3315513375,1503505628460,199,9,2,2,0,0,0,0,0,13,14,4,202,7,4,55,14,4,254,11,4,516,14,4,0,0,0,0,0,67,238,105,17,31,63,4,14,21,4,7,23,12,4,113,11,4,91,4,14,0,0,0,0,0,117,122,31,40,11
3328765526,1504456609096,1482,9,1,1,1,1,0,1,0,268,4,12,33,11,4,53,3,4,126,4,12,429,4,7,8,1,0,1,0,105,40,31,29,238,412,3,4,36,12,4,13,14,4,516,4,11,202,7,4,0,0,0,0,0,238,23,157,92,90
3331434508,1504647687080,3299,9,2,2,2,2,1,2,0,34,14,4,21,7,4,111,4,3,121,4,11,86,12,7,7,1,2,2,0,51,24,412,53,420,54,3,4,11,11,4,99,4,14,236,4,7,39,4,12,10,4,0,3,0,105,157,23,67,1
3296156119,1502284867841,1576,9,2,1,2,2,2,2,1,44,3,4,157,14,4,222,4,7,98,4,12,113,4,11,3,0,0,0,1,64,238,119,29,75,154,11,4,18,7,4,40,3,4,61,4,21,27,6,14,8,1,1,2,0,84,31,28,60,141
3326136120,1504282186361,1650,9,1,2,1,1,1,1,0,90,4,12,150,4,12,32,11,4,412,4,3,29,4,7,5,1,1,2,0,119,53,238,31,114,12,3,4,41,12,4,69,3,4,203,4,7,64,4,11,0,0,0,0,0,7,498,141,238,236
3325682798,1504222392113,2012,9,1,1,2,2,1,2,2,37,4,3,15,4,7,79,4,12,69,4,21,29,11,4,8,0,2,1,0,157,18,40,238,61,126,4,12,134,14,4,64,4,11,429,4,7,412,14,4,8,2,0,3,1,19,119,40,57,18
3259837483,1499795860148,2719,9,2,1,2,2,2,2,2,29,4,11,68,14,4,96,6,4,12,3,4,202,4,7,2,0,0,0,0,103,157,154,19,114,115,4,7,498,4,7,26,3,4,41,12,4,35,11,14,11,3,2,6,1,154,38,8,114,240
3323215923,1504084823609,2133,9,2,2,2,2,2,2,2,40,4,3,115,7,4,238,14,4,141,4,11,104,4,12,2,0,0,1,0,29,53,1,24,126,103,14,4,21,4,7,59,4,11,412,4,3,157,12,4,9,1,1,2,1,23,122,105,84,11
3322717914,1504027719003,1562,9,2,2,2,2,2,1,2,236,7,4,11,6,11,23,4,12,38,4,12,201,4,3,1,0,0,2,0,40,238,141,29,119,16,3,4,126,4,12,61,4,12,19,11,4,18,7,4,10,2,1,1,1,122,516,31,117,154
3280194022,1501119559306,1695,9,1,2,1,1,0,1,0,62,11,4,67,4,7,131,12,4,157,4,3,117,14,4,10,2,0,2,0,119,141,90,103,98,84,4,12,16,3,4,45,4,14,104,4,11,236,4,7,0,0,0,0,0,103,55,53,11,23
3330694818,1504604659539,1534,9,1,1,1,1,0,1,1,64,11,4,55,4,14,79,4,12,18,4,7,16,3,4,10,2,0,2,1,40,238,141,75,38,157,4,12,67,7,4,9,4,3,245,4,14,35,11,14,0,0,0,0,0,11,122,498,113,61
3263249172,1499985273103,1430,9,1,1,2,1,0,1,1,64,11,4,267,4,3,236,12,4,99,4,21,67,4,7,10,2,0,2,1,90,53,122,157,19,154,4,14,202,4,7,134,4,6,10,7,4,11,4,11,2,0,0,0,0,157,29,92,114,59
3330690756,1504601743094,2151,9,2,2,2,2,2,2,0,79,4,11,90,12,4,18,4,7,15,12,4,201,4,3,3,0,0,0,0,154,238,31,44,40,21,7,4,120,6,11,131,4,14,17,12,4,412,14,4,9,1,1,3,0,31,99,55,157,51
3304000852,1502745529430,1935,9,1,2,1,1,0,1,0,90,12,4,9,4,3,18,4,7,85,4,12,64,4,11,11,4,0,3,0,105,2,51,99,11,24,12,4,202,4,7,412,3,4,103,21,4,56,11,4,2,0,0,0,0,157,122,420,141,238
3324580750,1504176284683,2164,9,1,1,2,1,1,1,0,90,4,12,35,14,11,201,3,4,236,4,7,103,14,4,8,2,1,4,0,3,31,238,29,498,92,12,4,64,4,11,412,3,4,105,4,14,18,4,7,3,0,0,0,0,-1,69,131,31,157
3309549503,1503139408597,1714,9,1,2,1,1,0,2,0,21,7,4,40,4,14,103,14,4,17,12,14,24,11,4,9,1,0,1,0,57,75,53,150,11,64,11,4,92,14,4,42,4,7,50,4,14,412,4,3,2,0,0,1,0,31,157,111,58,420
3322477754,1504012642404,2388,9,1,2,2,1,1,2,1,99,14,4,53,4,14,67,7,4,121,4,11,150,4,12,9,3,3,3,1,141,238,105,157,122,102,4,11,68,4,12,236,4,7,61,4,21,40,4,3,5,0,0,2,0,238,157,33,18,19
3290460636,1501872790601,1415,9,1,2,1,1,1,1,0,62,11,4,18,4,7,240,4,12,90,4,12,40,4,3,10,3,1,1,0,79,57,11,61,412,121,11,4,41,4,12,497,4,3,38,12,4,29,7,4,0,0,0,0,0,154,31,119,238,75
3306387672,1502907359715,1555,9,2,1,2,2,2,2,2,31,4,12,75,4,11,25,4,14,432,14,4,202,7,4,3,0,0,1,0,157,119,53,18,23,20,4,11,117,4,3,45,4,12,236,12,4,222,4,7,9,1,1,2,1,57,40,157,105,154
3320473082,1503850073483,1514,9,1,2,2,1,1,1,1,67,7,4,57,4,11,41,4,3,40,3,4,126,12,4,6,1,1,1,1,238,18,122,141,38,64,4,11,163,4,7,498,7,4,2,4,12,412,4,3,3,0,0,0,0,141,31,119,150,268
3327609457,1504375682295,1464,9,2,2,2,2,2,2,0,497,4,14,498,4,7,64,4,14,48,12,4,106,11,4,3,0,0,0,0,6,238,119,92,40,113,4,12,11,4,11,18,4,7,43,3,4,245,4,14,11,4,1,1,0,268,105,40,122,238
3330925781,1504618993046,1672,9,1,1,1,1,0,1,0,141,4,11,110,7,4,89,4,3,48,4,12,103,4,14,11,3,0,2,0,516,55,201,92,114,202,4,7,143,4,14,113,11,4,50,4,12,85,4,12,0,0,0,0,0,18,31,16,40,114
3328611622,1504453281673,2239,9,1,1,1,1,1,1,1,19,11,4,238,4,14,63,14,4,54,4,12,96,4,21,10,2,2,4,1,18,84,141,498,117,164,4,12,16,4,3,29,4,7,61,4,3,79,4,11,2,0,0,0,0,31,119,18,141,40
3251819774,1499248095349,2045,9,1,2,1,1,0,1,0,10,11,4,412,4,3,81,7,4,51,7,4,104,12,4,10,3,0,1,0,119,157,86,103,136,92,4,12,236,7,4,61,4,21,64,4,11,25,4,3,2,0,0,0,0,23,134,1,122,11
3286772460,1501601665291,2038,9,2,2,2,2,2,2,0,17,4,12,53,3,4,67,4,7,64,11,4,34,4,21,4,0,0,1,0,141,157,202,122,117,113,4,11,22,4,7,126,4,12,61,14,4,9,4,14,8,1,1,2,0,31,238,119,-1,141
3308803107,1503070870227,2451,9,2,2,2,1,1,2,1,28,11,4,59,4,12,12,4,3,90,4,14,18,4,7,9,2,1,0,1,29,40,105,238,11,15,7,4,107,4,11,201,4,3,103,4,14,157,4,12,11,5,1,5,0,75,31,79,134,105
3326324097,1504293089242,2485,9,1,2,2,1,2,1,0,222,4,7,86,12,4,1,14,4,37,4,3,141,4,11,11,4,0,4,0,102,53,23,17,238,412,4,14,24,4,12,61,4,14,21,7,4,19,11,4,5,1,1,0,0,23,80,105,11,238
3282089041,1501269905195,2481,9,1,1,1,1,1,2,0,64,11,4,134,4,1,48,12,4,81,7,4,9,4,3,11,3,1,3,0,122,114,53,31,63,6,4,12,143,14,4,222,4,7,60,4,11,99,4,21,3,0,0,1,0,154,119,122,201,67
3292097115,1502009883637,1771,9,2,2,2,2,2,1,0,143,7,4,75,12,4,74,4,12,102,11,4,29,7,4,1,0,0,2,0,53,11,141,238,17,86,12,4,55,4,11,51,4,7,25,4,14,37,4,3,10,2,1,0,0,56,17,114,157,119
3220229814,1497263520476,1838,9,1,2,1,1,1,2,0,69,14,4,25,3,4,22,7,4,58,4,12,111,4,11,7,1,1,2,0,114,64,122,157,105,29,4,7,98,12,4,121,11,4,412,3,4,61,4,21,1,0,0,1,0,154,122,101,38,11
3265368134,1500142576318,1938,9,1,2,1,1,0,1,0,99,7,4,110,4,12,17,11,4,90,4,7,497,11,4,9,3,0,3,0,236,245,157,222,11,40,3,4,51,4,7,50,14,4,5,11,4,141,4,12,0,0,0,0,0,53,157,105,240,34
3323046044,1504044545834,2025,9,1,2,1,1,2,2,0,412,4,3,5,11,4,29,7,4,134,4,6,98,12,4,7,1,0,1,0,141,67,36,12,103,19,4,11,59,11,4,28,4,11,120,11,6,64,11,4,3,0,1,3,0,267,141,67,77,31
3329766543,1504540014934,1457,9,1,2,1,1,1,1,1,18,4,7,143,4,14,163,4,21,141,11,4,122,4,12,11,3,1,2,1,16,113,29,53,40,38,12,4,117,4,3,15,4,7,67,4,11,10,4,7,0,0,0,0,0,24,40,157,238,53
3312425431,1503320311138,1521,9,2,1,2,2,2,2,0,222,7,4,117,4,3,62,4,11,157,3,4,84,4,12,0,0,0,0,0,122,154,53,105,75,51,4,7,114,4,12,40,3,4,69,6,4,29,4,11,10,2,1,2,0,19,498,154,134,75
3313105243,1503341774810,1490,9,1,2,1,0,0,1,0,92,12,4,9,11,6,48,4,3,29,4,7,238,4,14,4,0,0,3,0,64,105,429,157,80,497,4,3,114,4,12,498,4,7,91,4,14,11,4,11,1,0,0,0,0,18,6,33,157,31
3247333499,1498947442603,1427,9,2,2,2,2,0,2,2,22,7,4,16,3,4,41,4,12,60,11,4,92,14,4,0,0,0,0,0,11,51,154,266,122,150,4,12,254,4,11,18,7,4,53,4,14,42,4,14,11,3,0,3,1,51,64,61,3,117
3227659029,1497731376276,1672,9,1,1,1,1,0,1,0,23,12,4,9,4,11,238,4,7,44,4,7,222,4,7,10,2,0,1,0,236,105,84,17,157,240,14,4,120,6,11,55,4,14,498,7,4,3,4,3,1,0,0,0,0,105,111,53,245,157
3313946885,1503418285721,1814,9,1,1,2,1,0,1,0,3,7,4,161,4,14,429,4,7,17,4,12,5,4,11,6,1,0,2,0,114,21,157,105,122,18,7,4,36,12,4,64,4,11,245,14,4,163,3,4,1,0,0,0,0,238,42,19,122,67
3323250114,1504092127212,1574,9,2,2,2,2,2,1,2,61,14,4,113,4,11,83,12,4,16,4,3,222,7,4,1,0,0,1,0,103,51,58,53,122,40,4,3,18,7,4,54,11,4,157,4,12,45,4,14,8,1,1,0,1,245,24,122,238,29
3323631745,1504103145476,1858,9,1,2,2,1,0,2,0,64,4,11,133,4,7,12,3,4,17,21,14,45,4,14,9,2,0,2,0,23,154,92,11,238,19,11,4,51,12,4,55,14,4,22,4,7,6,4,3,3,0,0,1,0,80,5,119,245,53
3320616134,1503858997891,2116,9,2,2,2,2,1,2,2,161,4,7,92,4,12,96,4,21,40,7,4,57,11,4,1,0,1,0,0,154,122,103,64,29,75,12,4,1,4,14,31,11,4,222,7,4,53,4,3,10,4,0,3,1,80,141,516,11,420
3331284239,1504639046892,1339,9,2,2,2,2,0,2,2,516,4,12,421,4,11,117,3,4,4,6,4,18,4,7,1,0,0,0,0,134,31,84,105,157,267,3,4,141,11,6,99,4,1,67,4,7,27,12,6,6,1,0,2,1,238,154,11,75,113
3326347976,1504294418952,1547,9,2,2,2,2,2,2,0,117,4,3,79,11,4,69,4,6,81,7,4,98,4,12,2,0,0,0,0,412,150,76,516,31,25,4,3,68,4,12,60,11,4,18,7,4,10,4,12,9,2,1,2,0,76,126,20,40,497
3312781066,1503327371831,2041,9,2,1,2,2,1,2,0,117,3,4,67,4,7,64,4,11,7,4,12,59,4,12,6,0,1,0,0,114,157,33,57,126,267,3,4,29,4,7,62,4,11,79,4,12,45,14,4,7,1,0,3,0,141,157,38,40,31
3329611240,1504529799315,1858,9,2,2,2,0,0,2,2,22,4,7,50,14,4,120,11,6,75,6,12,412,4,14,3,0,0,0,0,238,154,17,18,105,40,4,3,76,4,14,141,4,11,119,4,7,59,12,4,7,0,0,3,1,113,131,117,29,134
3321710468,1503954859439,2118,9,1,1,1,1,0,1,0,25,14,4,75,4,12,143,4,3,202,4,7,59,4,11,10,2,0,2,0,154,164,6,238,114,157,4,14,43,3,4,69,12,4,85,7,4,57,4,11,2,0,0,0,0,31,117,29,119,19
3326329618,1504294598990,2295,9,2,2,2,2,1,2,2,31,4,12,412,14,4,429,4,7,126,4,21,28,4,11,5,0,2,0,0,238,40,163,17,516,202,4,7,245,14,4,89,4,3,23,6,11,36,4,14,9,1,0,3,1,427,21,29,122,238
3250728302,1499178712428,2029,9,1,1,2,1,1,2,0,19,11,4,99,3,4,55,4,14,18,7,4,38,12,4,6,1,1,1,0,89,157,114,266,1,53,4,3,17,14,4,238,4,14,21,7,4,421,11,4,3,0,0,1,0,154,122,24,420,23
3310621479,1503173728597,1852,9,2,1,2,2,1,2,0,7,4,14,110,7,4,98,4,11,79,12,4,201,4,3,1,0,1,1,0,105,6,157,103,99,18,7,4,92,4,12,64,11,4,53,4,14,61,21,4,11,3,1,2,0,67,238,58,91,55
3317713648,1503666813197,198,9,2,2,0,0,0,0,0,57,12,4,64,4,11,26,4,14,117,4,14,222,7,4,0,0,0,0,0,157,31,79,516,40,141,4,11,59,4,12,99,21,4,412,4,3,51,7,4,0,0,0,0,0,238,119,114,236,18
3329125983,1504467319149,2281,9,1,1,2,2,1,2,0,67,12,4,1,4,14,28,11,4,429,7,4,412,14,4,10,1,1,1,0,36,157,516,238,134,96,14,4,15,7,4,29,11,4,245,3,4,92,12,4,11,4,0,2,0,122,238,157,63,53
3324877013,1504198311037,1323,9,1,1,1,1,0,1,0,17,12,4,119,7,4,89,4,3,113,11,4,45,12,4,11,3,0,2,0,75,238,154,23,8,82,12,4,91,4,11,61,4,6,111,3,4,236,4,7,1,0,0,0,0,133,154,83,141,134
3265460799,1500146678511,1785,9,2,2,2,2,2,2,0,412,4,3,27,4,6,134,4,14,23,11,4,67,4,7,2,0,0,0,0,238,154,240,5,51,222,4,7,105,7,4,79,4,3,17,12,4,202,11,4,9,2,1,3,0,103,53,11,92,84
3287745564,1501691019830,1880,9,1,2,2,1,1,1,2,11,11,4,63,6,4,412,3,4,75,12,4,21,4,7,9,3,1,3,0,119,238,90,114,51,98,12,4,31,11,4,45,4,14,18,7,4,40,3,4,4,0,0,0,1,154,141,157,122,119
3324791320,1504190750600,1933,9,2,1,1,1,2,2,0,245,4,1,23,12,4,119,7,4,45,4,14,113,11,4,7,1,0,2,0,-1,157,31,238,17,44,4,3,18,4,7,35,4,11,3,12,4,4,3,4,7,1,1,2,0,497,121,67,19,141
3327534897,1504371024566,2216,9,1,1,1,1,1,1,0,131,4,21,64,11,4,67,4,7,10,12,4,17,4,3,10,3,1,4,0,103,412,143,18,1,27,6,12,201,4,3,29,4,7,141,4,11,238,14,4,2,0,0,0,0,53,40,41,16,114
3317566774,1503656222761,1701,9,1,2,1,1,1,1,1,69,3,4,43,3,4,516,4,12,202,4,7,24,11,4,8,1,1,2,1,29,164,16,114,31,117,3,4,67,7,4,54,4,12,19,4,11,236,4,3,2,0,0,1,0,11,8,126,238,53
3322667168,1504024403375,193,9,2,2,0,0,0,0,0,245,4,12,92,12,4,429,7,4,497,3,4,19,4,11,0,0,0,0,0,154,40,18,117,79,10,12,4,60,4,11,202,4,7,59,4,14,157,14,4,0,0,0,0,0,11,117,40,18,16
3328518518,1504452500285,1532,9,2,2,2,2,2,1,0,43,3,4,113,11,4,133,14,4,203,4,7,498,4,21,1,0,0,1,0,57,18,40,51,31,8,4,12,141,11,4,131,4,14,96,4,7,117,4,3,9,2,1,1,0,236,238,59,33,150
3325097686,1504207285588,2011,9,1,1,1,1,0,2,0,4,1,4,498,7,4,25,3,4,11,4,11,74,4,12,11,3,0,3,0,19,5,29,90,157,64,11,4,34,4,14,22,4,7,497,4,3,516,4,12,0,0,0,1,0,96,105,122,80,40
3292941404,1502050630921,1876,9,2,2,2,2,2,2,2,61,4,3,75,4,12,497,4,3,141,7,4,15,4,7,0,0,0,0,0,31,134,154,421,119,67,7,4,89,3,4,19,6,11,114,12,4,90,4,6,10,2,2,3,1,122,238,31,51,154
3325675923,1504224213601,1823,9,2,2,2,2,0,2,0,141,11,4,236,4,7,5,12,4,412,4,14,61,12,4,5,0,0,0,0,53,11,64,17,1,63,4,14,114,4,12,81,7,4,516,4,3,102,4,11,10,2,0,2,0,18,40,90,33,122
3331495310,1504652372299,1459,9,1,2,2,1,0,2,0,24,4,12,79,4,11,61,4,12,117,4,3,96,4,7,10,2,0,1,0,4,84,16,57,53,37,3,4,121,14,4,19,11,4,74,3,4,68,12,4,1,0,0,1,0,141,12,29,31,412
3267006716,1500239993081,1609,9,1,1,1,1,1,1,0,266,3,4,412,4,3,61,6,4,32,11,4,21,7,4,9,2,1,2,0,103,157,67,29,84,134,6,4,64,4,11,2,4,12,498,7,4,432,4,14,0,0,0,1,0,141,157,154,1,90
3325801020,1504253241486,1209,9,2,1,1,2,0,2,0,57,11,4,39,4,12,7,14,4,26,3,4,18,4,7,1,0,0,0,0,117,29,38,40,16,119,4,7,44,3,4,516,4,12,104,11,4,4,4,14,10,2,0,1,0,117,31,24,40,141
3246716834,1498913810563,2870,9,2,1,1,1,2,2,2,202,7,4,143,3,4,154,4,11,90,4,14,86,12,4,7,1,0,3,0,51,122,55,53,157,67,4,7,201,3,4,103,4,14,58,4,12,64,4,11,6,0,3,2,1,51,157,150,25,134
3331546365,1504661416987,1468,9,1,1,1,1,0,1,1,222,4,7,103,4,14,201,4,14,23,12,4,80,11,4,9,1,0,1,1,24,432,6,122,11,150,4,12,19,11,6,117,4,3,29,7,4,157,4,14,0,0,0,2,0,40,24,420,11,141
3321626557,1503951268912,2565,9,2,2,2,2,1,2,0,53,4,3,67,4,7,150,4,12,113,11,4,245,4,14,9,1,2,0,0,122,16,40,41,19,61,4,12,157,12,4,18,7,4,64,11,4,44,14,4,10,3,0,4,0,90,31,122,11,24
3330172714,1504560419797,2465,9,1,2,2,1,1,1,0,103,4,14,25,3,4,120,11,6,29,7,4,420,12,4,10,2,1,2,0,5,75,119,157,122,6,4,12,412,4,3,222,7,4,64,11,4,99,7,4,6,0,0,3,0,497,105,23,119,54
3325947863,1504271429853,2149,9,2,1,1,2,2,1,2,420,4,12,90,21,4,516,11,4,81,4,7,223,4,11,4,0,0,1,0,114,498,238,41,29,15,7,4,141,14,4,31,12,4,202,7,4,113,6,11,8,1,2,2,1,40,61,18,53,119
3329379674,1504497666367,1479,9,2,2,2,0,0,1,0,63,4,3,60,11,4,99,4,12,29,4,7,10,4,21,2,0,0,1,0,157,57,238,223,53,37,4,3,90,6,4,202,4,7,35,11,14,75,4,12,7,0,0,1,0,157,53,23,141,58
3331231893,1504635467237,1280,9,2,2,2,2,0,2,2,107,11,4,78,14,4,498,4,6,89,12,4,34,4,14,0,0,0,0,0,17,67,141,91,44,202,4,7,432,14,4,48,4,12,161,4,14,64,11,4,9,2,0,2,1,18,75,150,238,103
3329171138,1504468724186,2195,9,1,1,1,1,2,1,0,67,7,4,101,3,4,40,3,4,31,12,4,5,11,4,9,2,0,3,0,141,57,134,102,84,201,3,4,157,14,4,51,4,7,245,4,14,79,4,11,5,0,1,0,0,29,113,18,55,114
3291639514,1501955738997,2030,9,1,2,1,1,0,1,0,67,12,4,202,7,4,161,4,14,236,4,7,19,4,11,11,3,0,4,0,141,117,18,7,90,41,4,3,54,12,4,57,4,11,432,4,14,51,7,4,1,0,0,0,0,29,53,119,157,113
3330847328,1504615497626,1853,9,2,2,1,2,2,2,0,120,4,11,412,3,4,67,4,7,150,4,12,163,21,4,3,0,0,1,0,119,157,40,53,141,33,4,11,267,3,4,59,12,4,4,6,4,236,4,7,10,2,1,2,0,64,40,31,16,238
3326859331,1504349492201,1682,9,1,1,1,1,2,2,1,40,3,4,23,12,4,48,11,4,115,14,4,236,4,7,10,2,0,3,1,57,16,238,53,67,117,3,4,102,11,4,202,4,7,2,12,6,31,4,14,3,0,1,1,0,114,498,55,99,-1
3305473513,1502834201329,1993,9,1,1,2,1,1,1,0,19,4,11,3,4,12,238,4,14,81,7,4,432,3,4,9,1,1,2,0,154,141,114,117,31,64,4,11,202,7,4,99,7,4,63,4,14,59,4,12,1,0,0,0,0,58,122,61,51,40
3313546022,1503388730088,2146,9,1,2,1,2,1,2,0,89,3,4,67,4,12,64,4,11,61,7,4,429,7,4,8,2,1,2,0,154,105,55,119,40,78,4,12,29,4,11,45,4,12,22,7,4,412,14,4,5,1,0,1,0,-1,157,114,31,238
3306861448,1502930802704,1840,9,1,1,1,1,2,2,1,119,7,4,64,11,4,34,21,4,53,3,4,83,12,4,11,3,0,1,1,157,412,31,38,57,41,12,4,105,14,4,102,14,11,497,14,4,51,4,7,1,0,1,2,0,122,40,92,69,90
3327906874,1504392310262,2254,9,1,2,1,1,1,1,1,23,4,11,5,12,4,161,4,14,75,4,12,61,7,4,11,4,1,2,1,1,122,238,119,-1,84,12,4,432,4,14,18,4,7,245,14,4,113,11,4,4,0,0,1,0,8,29,131,17,103
3295511777,1502235878867,200,9,1,1,0,0,0,0,0,51,7,4,245,12,4,107,11,4,40,3,4,157,12,4,0,0,0,0,0,238,119,61,420,90,412,3,4,18,4,7,99,4,21,421,4,11,23,12,4,0,0,0,0,0,6,141,31,114,7
3290695507,1501888014137,1533,9,1,1,1,1,0,1,0,107,4,12,254,4,11,161,4,21,267,3,4,67,7,4,11,3,0,1,0,164,57,238,31,105,497,4,14,141,4,11,131,14,4,10,4,14,29,7,4,0,0,0,0,0,75,122,154,157,19
3324048518,1504117499068,1603,9,1,2,1,1,1,1,0,18,4,7,412,3,4,141,11,4,45,21,4,2,4,12,9,2,1,3,0,16,114,40,223,498,157,4,14,43,4,3,75,12,4,429,4,7,78,4,11,4,1,0,0,0,31,117,40,103,119
3325855347,1504263051996,1835,9,1,1,1,1,1,2,0,516,4,12,112,21,4,15,4,7,117,3,4,141,4,11,11,3,1,1,0,157,122,238,29,40,79,11,4,203,4,7,45,4,12,44,12,4,21,14,4,0,0,0,1,0,18,40,76,64,164
3249453029,1499090739704,1890,9,1,1,1,1,0,1,1,497,4,3,498,4,7,61,21,4,240,4,12,120,6,11,9,1,0,3,1,105,154,114,51,157,1,14,4,64,4,11,31,12,4,25,3,4,222,7,4,1,0,0,0,0,157,114,154,412,150
3327682493,1504379306375,203,9,2,0,0,0,0,0,0,58,12,4,69,4,6,236,4,7,267,3,4,79,4,11,0,0,0,0,0,11,141,122,119,157,40,4,3,429,7,4,24,11,4,53,4,12,245,4,12,0,0,0,0,0,122,134,67,60,157
3329731879,1504536505995,1454,9,2,1,2,2,1,2,2,48,4,12,32,11,4,236,7,4,12,14,4,61,21,4,1,0,1,0,0,55,117,24,31,11,105,4,14,16,4,3,19,11,4,18,4,7,10,4,12,9,2,0,2,1,80,55,119,157,11
3327303526,1504357379330,1491,9,2,2,2,2,0,2,2,40,4,3,23,12,4,161,4,7,64,11,4,110,7,4,0,0,0,0,0,41,85,3,119,105,150,12,4,38,12,4,59,4,11,51,4,7,267,3,4,10,2,0,2,1,238,141,497,31,79
3309828842,1503154124339,1784,9,2,2,2,2,2,2,0,432,14,4,57,11,4,79,12,4,236,4,7,164,12,4,3,0,0,0,0,40,122,157,31,38,67,7,4,91,14,4,37,4,3,59,11,4,92,4,12,10,1,1,3,0,119,61,40,412,8
3329337090,1504481526005,2046,9,2,2,2,2,0,1,0,268,4,7,222,4,7,29,4,12,98,4,11,497,7,4,1,0,0,1,0,53,31,17,105,141,498,4,7,76,11,4,245,4,14,10,4,12,432,4,3,9,1,0,1,0,23,7,157,31,238
3285845238,1501536879924,1669,9,2,2,2,1,2,2,0,18,4,7,103,4,12,63,4,14,92,4,12,17,11,4,5,1,0,0,0,-1,53,238,86,6,119,7,4,25,14,4,121,4,11,41,4,12,117,4,3,11,3,1,2,0,11,238,141,105,122
3316762154,1503588222959,2029,9,1,2,2,1,1,1,0,92,12,4,19,4,11,15,4,7,103,4,14,16,3,4,10,2,1,3,0,3,11,113,134,154,157,4,14,236,7,4,412,3,4,58,12,4,79,4,11,2,0,0,1,0,7,238,53,420,18
3322995270,1504041095336,2373,9,1,1,1,1,2,1,0,141,4,12,201,4,3,202,4,7,99,21,4,19,11,4,8,2,0,1,0,157,117,29,61,122,163,4,1,516,11,4,62,12,4,67,7,4,63,14,4,4,0,1,2,0,498,18,105,40,31
3315987869,1503536375735,2212,9,2,2,1,2,2,2,0,16,3,4,92,4,12,59,11,4,67,7,4,61,4,3,6,0,0,1,0,516,105,53,31,122,238,14,4,111,12,4,10,4,11,18,7,4,412,14,4,5,1,1,2,0,29,119,7,-1,154
3328155092,1504435440731,1399,9,1,1,1,1,0,1,2,113,11,4,222,7,4,59,12,4,105,14,12,412,4,14,8,1,0,2,0,48,119,7,18,92,29,7,4,117,4,3,516,4,12,141,4,11,38,4,12,2,0,0,0,1,40,31,8,114,498
3223600157,1497482170187,1879,9,2,2,2,2,0,2,2,53,14,4,203,4,11,67,7,4,245,4,14,157,12,4,1,0,0,0,0,64,154,114,63,23,45,4,14,111,4,3,236,4,7,79,4,11,80,14,4,10,1,0,3,1,238,3,4,122,105
3322160498,1503968738632,1370,9,1,2,1,0,1,1,0,99,4,21,43,3,4,79,11,4,10,12,4,96,7,4,4,0,1,2,0,90,53,57,119,18,19,4,11,42,4,21,150,12,4,222,4,7,37,4,3,2,0,0,0,0,238,53,29,40,117
3326752669,1504341612911,1836,9,2,2,1,2,2,2,2,16,4,3,51,7,4,19,11,4,115,14,4,114,12,4,3,0,0,0,0,53,238,154,122,157,48,4,11,126,12,4,131,12,4,37,3,4,21,7,4,8,1,1,3,1,67,59,89,119,238
3330695847,1504605408103,1102,9,1,1,1,0,0,0,0,62,4,12,99,3,4,38,4,14,15,7,4,64,11,4,3,0,0,0,0,31,238,114,18,40,267,4,3,150,4,12,69,3,4,141,4,11,202,4,7,0,0,0,0,0,75,17,11,31,157
3306651829,1502917269334,1656,9,1,1,2,1,1,1,1,81,7,4,44,4,3,19,4,11,24,4,12,63,14,4,8,1,1,3,1,67,40,31,122,141,82,6,4,236,4,14,57,4,11,412,4,3,222,7,4,2,0,0,0,0,90,119,143,31,122
3262759613,1499975920063,2980,9,1,1,1,1,1,1,1,86,4,14,61,21,4,105,11,4,81,7,4,412,3,4,10,3,1,3,1,141,114,7,38,1,127,4,12,64,11,4,41,4,12,202,7,4,201,4,14,5,0,1,2,0,19,18,103,117,114
3325781579,1504253036815,2189,9,1,2,1,2,1,1,0,33,11,4,92,4,12,91,14,4,25,4,3,15,7,4,11,3,2,3,0,31,16,18,40,202,141,11,4,81,4,7,86,4,12,4,14,4,412,4,3,6,1,0,0,0,31,29,40,117,122
3279744854,1501107829131,195,9,2,0,0,0,0,0,0,131,14,4,223,3,4,222,7,4,86,12,4,121,4,11,0,0,0,0,0,60,11,122,238,83,141,4,11,150,12,4,84,14,4,96,4,7,44,3,4,0,0,0,0,0,29,11,122,25,6
3308247694,1503014665515,2044,9,2,2,2,2,0,2,2,75,4,12,45,4,12,51,4,7,40,3,4,141,4,11,2,0,0,0,0,53,61,114,150,164,222,4,7,86,4,12,19,11,4,99,4,21,117,3,4,11,3,0,4,1,119,53,122,103,31
3281924323,1501257435423,2533,9,1,1,2,1,0,1,0,69,4,6,141,11,4,222,7,4,25,4,3,6,12,4,10,2,0,3,0,51,53,74,1,122,96,7,4,44,4,11,119,4,7,99,3,4,17,4,12,6,0,0,0,0,122,19,105,107,412
3318102397,1503689751931,2093,9,2,2,1,2,2,2,0,238,14,4,58,12,4,12,4,7,81,7,4,35,11,14,3,0,0,0,0,51,245,5,86,75,157,14,4,412,14,4,28,11,4,78,4,12,15,4,7,9,2,1,1,0,119,18,516,24,29
3321666808,1503953716704,2042,9,2,2,2,2,2,1,2,54,4,3,64,11,4,45,4,6,15,4,7,122,12,4,7,0,0,3,0,117,20,40,105,90,114,12,4,53,4,14,62,4,11,37,4,3,51,7,4,9,1,1,0,1,105,120,67,85,119
3324024015,1504115775603,2868,9,1,1,2,1,1,2,0,81,4,7,89,4,14,26,14,4,9,4,11,157,12,4,10,4,1,3,0,40,23,119,131,53,74,12,4,497,3,4,21,7,4,254,4,11,45,12,4,3,0,0,1,0,114,141,29,31,238
3257396770,1499630119421,1572,9,1,1,1,1,1,1,1,98,4,12,18,7,4,154,11,4,202,14,4,89,3,4,10,2,1,1,1,117,121,51,53,119,99,4,14,122,12,4,64,11,4,9,3,4,67,7,4,1,0,0,2,0,119,121,105,157,90
3312932100,1503332260322,1406,9,2,1,2,2,2,2,2,34,4,3,64,4,11,157,14,4,89,4,3,119,7,4,0,0,0,0,0,31,86,267,79,57,81,4,7,497,4,3,238,4,14,10,4,7,11,11,4,8,1,1,2,1,27,141,31,75,23
3329854701,1504544860022,2277,9,1,1,1,1,1,1,0,412,4,14,41,4,12,57,11,4,126,4,12,15,7,4,9,1,1,4,0,141,157,69,16,117,67,4,7,245,14,4,79,4,11,40,3,4,150,4,12,3,0,0,0,0,96,60,29,157,19
3325873395,1504266146241,2210,9,2,1,2,2,2,1,0,55,4,14,201,4,3,57,4,11,236,7,4,98,4,12,1,0,0,2,0,40,119,157,122,114,39,12,4,497,4,3,18,4,7,141,11,4,134,14,4,11,4,1,2,0,105,238,11,412,23
3282435268,1501294489334,1880,9,1,1,2,1,1,1,2,432,4,14,141,11,4,24,4,12,202,4,21,67,7,4,10,2,1,3,0,33,122,498,61,91,131,14,4,6,4,11,21,4,7,92,4,12,25,3,4,4,0,0,0,1,51,245,121,55,31
3321077365,1503917594226,1920,9,2,2,2,2,2,2,0,8,4,14,21,4,3,516,4,11,39,4,12,222,4,7,2,0,0,0,0,119,18,238,157,11,51,7,4,141,11,4,37,7,4,105,4,14,24,4,12,10,1,1,3,0,29,119,40,238,157
3317711111,1503665986871,1748,9,2,2,2,2,2,1,1,24,11,4,61,4,7,58,4,12,53,4,3,119,7,4,5,0,0,3,1,45,222,11,17,89,516,4,3,34,4,14,266,4,7,67,4,7,35,14,11,8,1,1,0,0,57,5,157,23,7
3316406047,1503585755072,2265,9,1,1,2,1,1,1,1,11,4,11,10,4,12,412,4,3,119,4,7,34,4,14,10,3,2,3,1,32,51,154,1,157,99,21,4,59,4,11,17,4,12,67,4,7,14,4,3,3,0,0,1,0,202,29,75,238,157
3328107932,1504432537091,2070,9,2,2,2,2,2,2,0,67,7,4,77,4,11,34,14,4,420,4,12,25,4,3,6,0,0,2,0,114,-1,238,40,18,516,4,12,157,4,12,429,7,4,412,4,3,2,6,11,8,1,1,2,0,96,80,18,17,141
3327508091,1504369336260,1707,9,1,1,1,1,1,1,0,40,4,3,3,12,4,18,7,4,9,4,14,254,11,4,10,2,1,3,0,117,119,238,122,16,55,14,4,64,4,11,67,7,4,89,3,4,31,4,12,4,0,0,0,0,119,38,122,141,19
3322021043,1503962717538,1414,9,2,1,2,0,0,1,2,412,14,4,79,4,11,202,4,7,134,3,4,91,4,12,0,0,0,2,0,238,24,157,90,53,59,4,11,111,4,3,131,21,4,222,4,7,40,3,4,6,0,0,0,1,75,6,31,238,114
3315680478,1503513025670,1659,9,2,2,1,2,2,1,1,202,4,7,516,3,4,27,12,4,59,11,4,99,21,4,4,0,0,1,1,157,16,141,51,18,96,4,7,127,4,12,126,14,4,154,4,11,37,4,12,9,2,1,1,0,57,31,29,113,114
3280375995,1501156623899,1568,9,1,2,1,1,0,1,0,51,7,4,122,12,4,141,11,4,25,4,3,61,14,4,10,2,0,2,0,53,23,157,58,-1,254,12,4,6,4,11,222,4,7,134,4,1,16,4,3,0,0,0,0,0,75,36,119,23,53
3330953214,1504620882550,2209,9,2,2,2,2,0,2,2,57,12,4,107,11,4,1,4,14,89,4,3,21,4,7,4,0,0,0,0,119,157,238,53,141,67,4,7,42,12,4,427,11,4,92,14,4,43,3,4,8,1,0,2,1,31,45,119,64,29
3320940039,1503882376239,1732,9,1,1,1,1,0,1,0,163,4,6,131,4,11,150,12,4,17,7,4,432,4,14,11,3,0,3,0,29,105,11,64,89,498,4,7,161,4,3,77,4,11,103,4,14,126,12,4,2,0,0,0,0,516,119,55,122,157
3322522060,1504014017882,1350,9,1,1,1,1,0,2,0,45,4,12,157,4,11,6,4,12,29,4,7,201,3,4,7,1,0,1,0,31,57,105,238,154,64,11,4,8,4,12,12,4,3,7,4,14,429,4,7,0,0,0,1,0,40,516,18,55,51
3321374914,1503936759938,2326,9,1,2,2,1,2,2,0,10,4,14,54,4,11,3,4,14,15,7,4,516,12,4,9,3,0,1,0,40,122,119,114,11,161,1,4,498,7,4,117,3,4,58,12,4,120,4,11,3,0,1,3,0,67,75,18,40,238
3268287765,1500324659777,1620,9,1,1,1,1,1,2,1,112,4,7,40,4,3,498,4,7,86,4,14,64,4,11,11,2,1,1,1,154,117,114,412,92,99,4,21,121,11,4,57,4,12,29,4,7,223,3,4,1,0,0,1,0,119,117,51,238,53
3238392597,1498399429512,1307,9,1,2,1,1,0,1,1,102,6,11,161,4,12,37,3,4,51,4,7,58,4,12,11,3,0,3,1,157,103,7,117,498,41,4,3,420,12,4,121,4,11,9,7,4,55,14,4,0,0,0,0,0,61,20,114,103,427
3304623663,1502808162295,1349,9,1,1,1,1,0,2,1,16,4,3,21,4,7,141,4,11,122,12,4,134,4,1,10,2,0,1,1,114,18,238,29,157,102,4,11,62,12,4,4,4,14,498,4,7,25,14,4,2,0,0,1,0,29,64,69,92,75
3327092114,1504350591261,2148,9,2,1,1,2,2,2,0,58,14,4,61,3,4,516,4,3,202,4,7,107,11,4,5,0,0,3,0,412,31,29,114,154,36,4,11,10,4,12,67,4,7,79,14,4,497,4,3,8,1,1,1,0,7,117,92,15,45
3257894880,1499683799916,1877,9,2,1,2,2,2,2,0,86,4,12,67,7,4,53,3,4,63,4,14,5,4,11,5,0,0,1,0,202,-1,92,157,154,11,4,12,24,4,11,236,7,4,44,3,4,61,4,6,9,2,1,1,0,497,51,20,157,412
3297442615,1502373583537,203,9,1,0,0,0,0,0,0,141,12,4,55,14,4,267,4,3,81,4,7,57,11,4,0,0,0,0,0,122,17,61,157,53,86,12,4,24,4,11,115,4,14,222,7,4,99,12,4,0,0,0,0,0,157,53,154,412,17
3223280690,1497460607084,1751,9,1,2,1,1,1,1,2,42,3,4,236,7,4,59,4,12,117,3,4,11,4,11,7,1,1,3,0,63,157,7,64,51,85,4,12,121,4,11,412,4,14,429,4,7,61,7,4,4,0,0,0,1,105,154,157,57,98
3330867296,1504615935330,1835,9,2,1,1,2,0,1,1,42,4,14,432,4,3,51,4,7,420,4,12,121,4,11,3,0,0,2,1,238,57,222,122,53,12,4,3,32,4,11,67,4,7,24,12,4,34,4,21,11,2,0,0,0,6,141,18,131,40
3279181392,1501073656798,1824,9,1,1,1,1,1,1,1,2,4,11,99,4,14,96,4,7,201,3,4,58,4,12,8,2,1,2,1,38,90,84,31,143,202,7,4,63,4,3,104,11,4,69,4,6,23,12,4,2,0,0,1,0,31,11,24,17,119
3302864061,1502681808641,2241,9,2,1,2,2,2,2,2,43,4,14,63,3,4,57,12,4,48,4,11,51,7,4,3,0,0,2,0,245,238,119,67,75,497,4,3,19,11,4,84,14,4,498,7,4,38,4,12,9,3,2,3,1,412,31,40,17,141
3331016802,1504625092410,1759,9,1,2,1,1,1,1,1,69,4,14,72,11,4,86,4,12,117,4,3,51,4,7,11,3,1,3,1,32,122,84,114,29,67,4,7,89,3,4,121,4,11,34,12,4,39,21,4,3,0,0,0,0,157,498,90,122,31
3233934307,1498088597633,1607,9,1,1,1,1,1,1,1,23,12,4,22,4,7,117,4,14,64,11,4,61,14,4,11,3,1,2,1,92,154,157,427,164,63,4,14,76,4,11,81,4,7,412,4,3,17,14,4,0,0,0,0,0,8,498,105,119,51
3324510819,1504170439551,2502,9,2,1,2,2,1,2,0,22,4,7,103,4,14,121,4,11,75,12,4,37,4,3,6,0,1,0,0,11,19,238,9,53,101,4,14,56,11,4,117,4,3,222,7,4,420,4,12,10,3,1,4,0,157,119,36,51,23
3275318047,1500818219551,975,9,1,1,1,0,0,1,0,67,4,7,223,3,4,105,4,14,79,4,11,41,4,12,4,0,0,1,0,157,64,141,-1,103,12,4,3,107,4,11,81,4,7,61,4,21,39,12,4,0,0,0,0,0,157,31,114,134,122
3311082357,1503225726740,1765,9,1,2,1,1,1,2,0,24,11,4,103,4,12,59,12,4,117,4,3,236,7,4,7,1,1,2,0,40,31,29,141,154,245,12,4,120,6,11,18,7,4,90,4,6,25,4,3,2,0,0,1,0,40,35,57,64,412
3317631126,1503658986064,2276,9,1,1,1,1,2,1,1,2,11,6,18,7,4,43,4,3,34,14,4,31,12,4,10,4,2,3,1,11,10,29,117,59,98,4,12,38,12,4,57,11,4,222,4,7,40,3,4,2,0,1,2,0,92,29,238,113,16
3331075185,1504627997792,2246,9,1,1,1,2,2,1,2,99,3,4,238,4,14,24,4,11,18,4,7,157,4,12,10,2,0,3,0,10,57,141,122,40,110,4,7,112,3,4,37,3,4,31,4,12,32,4,11,8,2,1,0,1,53,11,16,119,40
3324446315,1504165953185,2449,9,2,1,1,2,2,1,1,58,4,12,90,4,14,37,4,7,24,4,11,67,4,7,5,0,0,4,1,154,157,18,114,40,60,4,11,86,12,4,3,4,12,498,4,7,25,14,4,10,3,1,1,0,31,119,40,238,117
3324617649,1504183041825,2531,9,1,2,1,1,2,1,1,107,4,11,6,4,14,64,4,7,131,4,14,245,12,4,9,5,0,5,1,22,51,498,122,23,516,4,12,40,3,4,202,4,7,79,4,11,105,14,4,7,1,1,0,0,57,122,31,119,238
3322921028,1504037048407,1500,9,1,1,2,1,0,2,0,6,4,12,96,4,7,64,11,4,117,4,3,57,4,12,11,3,0,1,0,119,154,150,84,238,114,4,12,53,3,4,498,7,4,28,11,6,91,12,4,1,0,0,2,0,23,40,55,31,79
3322918249,1504038856619,1499,9,1,2,1,1,1,1,1,18,7,4,16,3,4,114,4,12,72,11,4,42,21,4,11,3,1,3,1,40,60,31,29,7,236,7,4,143,4,14,103,4,14,141,11,4,24,4,12,2,0,0,0,0,40,38,19,57,31
3330843439,1504613884482,1391,9,2,2,2,2,0,2,2,133,4,11,117,4,3,96,7,4,238,4,14,86,4,12,1,0,0,0,0,75,40,-1,33,8,59,4,11,82,4,12,126,4,14,202,7,4,143,4,14,8,1,0,2,1,122,157,40,31,18
3323948170,1504111309928,1827,9,2,1,2,2,2,1,2,18,4,7,11,4,11,98,4,12,38,4,12,267,3,4,4,0,0,1,0,238,75,31,67,412,113,11,4,86,4,12,4,14,4,3,4,14,119,7,4,11,3,1,2,1,238,40,31,117,29
3327837010,1504388684158,1250,9,1,1,1,1,0,1,1,121,4,11,98,4,12,29,4,7,40,4,3,74,4,7,6,1,0,2,1,245,119,122,9,53,26,4,14,107,4,7,266,4,14,24,4,11,19,12,4,0,0,0,0,0,31,80,122,201,134
3323954695,1504110419356,1676,9,2,2,1,2,0,1,1,79,11,4,7,4,14,122,12,4,16,7,4,119,21,4,2,0,0,1,1,57,412,105,1,29,59,4,12,117,3,4,96,7,4,157,14,4,154,11,4,7,2,0,1,0,53,40,31,141,266
3284094963,1501426987144,1849,9,1,2,1,1,1,2,2,75,4,12,99,4,14,21,7,4,57,4,11,37,4,3,7,2,1,1,0,238,56,67,119,157,412,3,4,31,11,4,110,4,7,114,4,12,63,21,4,5,0,0,2,1,59,6,25,119,141
3303802807,1502737797168,1988,9,2,1,1,2,2,1,1,19,4,11,115,14,4,412,4,14,119,7,4,31,4,12,4,0,0,2,1,114,141,57,122,245,86,4,12,90,4,14,59,4,11,498,7,4,497,4,14,10,2,1,2,0,236,157,122,134,40
3326529589,1504305260716,2346,9,2,2,1,2,2,2,0,67,4,7,53,4,14,3,4,14,22,12,4,48,4,11,4,0,0,0,0,40,31,113,157,238,58,4,14,21,7,4,111,4,3,69,1,4,141,11,4,9,1,1,4,0,117,40,92,245,119
3329974700,1504550292594,1330,9,1,1,1,1,0,1,0,35,14,11,84,4,14,119,12,4,110,4,7,25,4,3,11,3,0,2,0,75,412,18,157,31,79,4,11,202,7,4,236,7,4,37,3,4,92,12,4,1,0,0,0,0,201,154,18,238,157
3309065335,1503085642545,2164,9,2,1,1,1,1,1,0,96,7,4,57,11,4,40,4,3,8,4,6,31,4,12,9,2,1,2,0,75,67,117,53,157,18,7,4,35,11,14,37,14,4,27,12,4,61,4,21,7,1,1,1,0,126,51,412,38,119
3237843534,1498342916478,1342,9,1,1,1,0,0,1,1,63,14,4,92,4,12,119,4,7,161,14,4,64,11,4,7,0,0,2,1,58,122,105,38,51,497,14,4,202,4,7,103,14,4,157,4,12,60,4,11,0,0,0,0,0,105,154,114,117,67
3322825652,1504032968357,1727,9,2,1,2,2,2,1,0,45,12,4,223,3,4,18,4,7,83,4,12,102,11,4,1,0,0,1,0,134,61,516,38,31,59,12,4,40,4,7,498,4,3,34,14,4,5,11,4,7,1,1,2,0,412,51,105,154,157
3331316541,1504642090337,931,9,1,1,1,0,0,1,0,497,4,14,23,4,12,498,4,7,103,14,4,59,4,11,5,0,0,1,0,31,29,53,33,40,113,11,4,24,12,4,202,4,7,238,4,14,63,4,3,0,0,0,0,0,27,18,57,105,40
3326334223,1504293360091,203,9,2,1,0,0,0,0,0,150,12,4,245,14,4,141,4,11,14,4,3,202,7,4,0,0,0,0,0,53,154,103,31,55,11,4,11,516,3,4,50,12,4,63,4,21,51,7,4,0,0,0,0,0,64,105,157,15,25
3280574325,1501170027304,1218,9,1,1,1,0,0,1,0,114,12,4,236,4,7,131,4,11,126,4,14,201,4,3,3,0,0,1,0,122,238,154,53,19,141,11,4,163,6,4,92,12,4,79,3,4,22,7,4,3,0,0,0,0,23,86,53,238,154
3330347068,1504572086582,1299,9,1,1,1,0,0,2,1,432,4,14,103,4,14,67,4,7,57,12,4,11,4,11,5,0,0,1,1,117,113,157,12,119,154,4,11,114,4,12,61,7,4,81,4,7,89,4,14,1,0,0,1,0,92,238,119,16,40
3321538710,1503946603348,1624,9,1,1,1,1,0,1,0,64,11,4,16,4,3,45,4,12,81,4,7,50,4,12,9,2,0,2,0,11,29,412,238,53,110,4,11,267,7,4,18,21,4,79,4,7,59,4,12,2,0,0,0,0,-1,119,157,122,84
3238893812,1498420811481,954,9,1,1,1,0,0,1,0,17,4,7,267,4,3,23,4,12,41,4,3,98,11,4,4,0,0,1,0,113,16,114,105,51,12,4,3,28,11,4,29,7,4,157,14,4,92,12,4,0,0,0,0,0,122,238,11,90,53
3330051664,1504554227334,1468,9,2,2,2,0,2,1,0,497,3,4,24,11,4,498,4,7,57,12,4,90,14,4,2,0,0,1,0,16,117,141,31,40,121,11,4,45,14,4,222,4,7,59,12,4,99,4,21,3,0,1,1,0,29,18,238,157,40
3232042424,1497981878874,207,9,1,0,0,0,0,0,0,245,14,4,99,3,14,236,4,7,8,4,12,11,4,11,0,0,0,0,0,53,114,157,105,69,67,7,4,24,4,11,126,4,12,45,4,12,1,3,4,0,0,0,0,0,51,23,157,120,92
3304006497,1502748338628,195,9,1,0,0,0,0,0,0,157,4,12,222,4,7,25,4,14,64,11,4,50,4,12,0,0,0,0,0,23,119,53,39,11,105,4,14,21,7,4,24,4,11,1,4,3,84,12,14,0,0,0,0,0,6,23,134,75,19
3324821703,1504193702188,1686,9,1,1,1,1,0,1,1,41,12,4,44,3,4,203,4,11,245,4,14,222,7,4,11,3,0,2,1,201,238,240,53,23,35,14,11,412,3,4,157,14,4,498,4,7,150,4,12,1,0,0,0,0,23,53,24,11,122
3331180022,1504634937691,1838,9,1,2,2,1,0,1,0,61,4,6,40,3,4,62,11,4,119,4,7,19,12,4,8,1,0,1,0,-1,157,18,141,122,29,7,4,58,12,4,8,14,4,102,11,4,53,4,3,1,0,0,2,0,105,122,64,18,50
3325557934,1504215683439,2285,9,1,2,2,1,1,1,0,79,11,4,41,12,4,12,4,3,29,4,7,90,12,4,8,1,1,2,0,121,245,11,157,67,238,14,4,57,4,11,44,3,4,23,14,4,22,7,4,3,0,0,2,0,55,141,18,89,157
3330177049,1504561882393,2019,9,1,1,1,1,1,2,1,24,4,11,99,4,3,61,4,21,222,4,7,2,4,12,10,2,1,0,1,238,-1,18,31,-1,134,4,14,19,11,6,119,4,1,98,4,12,201,4,3,1,0,0,4,0,105,84,75,497,150
3317355538,1503614260356,1724,9,1,1,1,1,2,2,0,37,3,4,141,4,11,15,7,4,75,12,4,157,14,4,9,1,0,1,0,154,11,17,31,40,412,4,3,76,4,14,420,4,12,51,4,7,64,11,4,3,0,1,2,0,238,29,103,18,11
3326084974,1504279044200,1743,9,2,1,2,2,0,2,0,157,4,12,84,14,4,141,4,11,29,4,7,89,4,3,1,0,0,0,0,33,39,113,90,31,202,4,7,28,4,11,412,4,3,164,12,4,105,4,14,8,1,0,3,0,61,122,103,55,238
3303497432,1502725274715,1277,9,2,2,2,2,2,2,2,15,4,7,44,3,4,117,4,7,29,4,11,127,4,12,0,0,0,0,0,61,18,141,67,134,38,12,4,24,4,11,58,4,12,222,4,7,40,3,4,11,3,1,2,1,51,238,141,107,154
3297182761,1502370314491,1285,9,2,2,2,2,0,1,2,412,4,14,236,7,4,157,11,4,55,4,14,92,4,12,0,0,0,1,0,6,1,53,63,31,141,11,4,48,12,4,43,4,3,115,21,4,202,7,4,11,2,0,1,1,31,19,238,3,6
3320508616,1503854276699,1400,9,1,2,1,0,0,1,0,37,14,4,19,4,11,498,7,4,99,14,4,126,12,4,5,0,0,2,0,21,157,245,53,122,58,12,4,82,4,12,110,4,21,16,3,4,29,11,4,1,0,0,0,0,63,240,119,103,105
3320722042,1503863360836,1898,9,2,2,1,2,2,2,1,81,14,4,96,4,7,75,12,4,11,6,11,16,3,4,4,0,0,0,1,40,53,115,114,90,201,4,3,427,11,4,99,4,21,29,7,4,157,12,4,7,1,1,4,0,31,57,18,238,141
3329822051,1504541793226,2417,9,2,2,2,2,0,1,0,105,4,14,516,4,12,412,14,4,81,7,4,9,4,11,4,0,0,2,0,90,55,31,238,141,63,4,14,23,12,4,35,11,14,99,12,4,18,4,7,11,3,0,2,0,126,238,57,157,498
3301865721,1502637412112,1299,9,2,2,2,0,0,2,0,121,11,4,4,14,4,267,4,3,51,7,4,98,4,12,2,0,0,0,0,114,119,55,31,24,126,12,4,16,3,4,57,11,4,67,4,7,134,6,4,6,0,0,2,0,18,40,119,141,61
3288651274,1501743768180,1509,9,1,1,1,1,0,1,1,497,3,4,157,12,4,421,11,4,119,7,4,245,4,14,11,2,0,3,1,141,63,23,84,238,91,14,4,79,4,11,80,14,4,18,7,4,89,3,4,0,0,0,0,0,81,105,240,11,131
3236009522,1498237512461,1911,9,2,1,1,2,2,2,1,80,12,4,22,7,4,54,11,4,157,14,4,25,4,3,6,0,0,2,1,119,3,51,498,11,61,4,3,17,4,14,19,6,11,110,7,4,201,3,4,9,1,1,2,0,90,23,31,134,154
3306386606,1502906889795,2304,9,1,2,1,1,0,1,0,133,4,11,126,4,12,61,21,4,37,3,4,21,4,7,11,3,0,3,0,105,31,36,19,53,143,14,4,39,4,12,267,3,4,15,7,4,92,4,11,1,0,0,0,0,157,105,412,67,31
3317726150,1503667620127,1443,9,2,2,2,0,0,0,0,121,4,11,24,3,4,22,12,1,516,4,12,55,4,14,0,0,0,0,0,31,90,122,40,238,103,14,4,42,4,7,117,4,3,99,12,4,2,6,11,6,0,0,0,0,141,119,154,31,53
3321085535,1503917138691,1910,9,2,1,2,2,1,1,2,59,4,12,119,4,7,412,14,4,42,3,4,113,4,11,5,0,1,1,0,40,31,24,154,19,7,4,12,60,11,4,497,4,14,126,12,4,22,4,7,7,1,1,3,1,18,29,31,40,117
3320504087,1503853025695,2048,9,1,1,2,1,1,1,0,18,14,4,42,4,7,141,4,11,89,4,3,245,4,12,10,2,1,2,0,114,117,122,201,31,238,4,14,19,4,11,83,12,4,412,3,4,236,4,7,4,0,0,0,0,134,157,119,25,516
3311873200,1503263921126,1732,9,1,1,2,1,1,1,2,60,11,4,103,4,14,497,4,3,498,4,7,107,4,12,8,1,1,3,0,154,157,55,40,19,25,4,14,222,7,4,64,4,11,150,4,12,112,4,12,2,0,0,0,1,141,134,75,157,119
3301502893,1502619620655,1577,9,1,2,1,1,1,1,1,133,3,4,60,4,11,1,4,14,117,3,4,15,7,4,10,2,1,2,1,412,40,51,119,107,2,12,6,4,4,14,76,11,4,16,3,4,96,7,4,0,0,0,0,0,38,114,18,40,55
3331134013,1504630602170,1943,9,2,1,1,2,2,1,0,42,4,21,202,4,7,79,4,14,126,12,4,32,11,4,5,0,0,2,0,40,23,39,31,60,117,3,4,57,12,4,141,11,4,99,21,4,236,7,4,10,3,1,1,0,63,18,53,60,40
3313615938,1503397704031,1982,9,2,1,1,2,2,1,2,105,14,4,21,4,7,141,11,4,89,4,3,24,4,12,5,0,0,3,0,103,238,122,102,23,19,11,4,85,4,12,40,4,3,67,4,7,79,12,4,10,1,1,1,1,157,17,31,53,119
3330015833,1504553035178,1432,9,1,1,1,0,0,1,0,69,4,6,18,7,4,131,4,11,111,3,4,24,4,12,5,0,0,2,0,74,53,29,119,122,222,4,7,62,4,11,114,4,12,99,1,4,25,4,3,1,0,0,0,0,59,51,134,17,498
3328639654,1504455525664,2912,9,1,2,2,1,1,2,0,14,4,12,1,14,4,117,4,14,96,4,7,64,4,11,8,2,3,4,0,141,90,18,31,29,161,21,4,8,12,4,412,4,14,15,4,7,19,4,11,3,0,0,2,0,18,40,119,154,238
3329264569,1504475492108,2065,9,1,1,1,1,1,2,0,53,4,14,141,11,4,29,4,7,79,4,12,61,4,12,9,3,1,1,0,31,117,113,3,18,203,11,4,58,4,12,245,4,14,40,3,4,498,7,4,2,0,0,2,0,117,31,16,18,38
3319531217,1503786737564,1851,9,1,2,2,1,0,1,0,164,12,4,22,4,7,28,4,11,30,4,3,267,3,4,9,3,0,3,0,122,53,157,154,103,18,7,4,516,4,3,36,4,12,3,4,11,4,14,4,2,0,0,0,0,103,40,141,67,157
3316227786,1503577184392,1934,9,1,2,1,0,1,1,2,18,7,4,245,4,14,113,4,11,92,4,12,40,4,3,5,0,1,2,0,154,60,38,29,126,67,7,4,161,7,4,236,12,4,412,4,14,59,4,11,2,0,0,1,1,31,29,516,141,55
3330363027,1504569651239,1671,9,2,1,2,2,0,2,0,161,4,14,92,12,4,7,14,4,236,7,4,29,11,4,1,0,0,0,0,238,31,90,23,122,96,4,7,117,4,3,36,4,11,34,12,4,6,12,4,11,3,0,2,0,75,16,238,40,31
3319286010,1503772922974,1450,9,2,2,2,0,0,2,0,29,4,7,412,3,4,127,4,12,24,4,12,32,4,11,1,0,0,0,0,141,16,80,40,238,91,14,4,57,4,11,420,4,12,51,4,7,53,4,14,2,0,0,2,0,92,117,516,18,40
3317812436,1503672082323,1667,9,2,2,2,0,2,2,0,238,4,12,22,7,4,516,4,12,72,4,11,12,4,3,1,0,0,0,0,61,164,51,254,53,40,3,4,245,14,4,17,4,12,5,11,4,119,7,4,4,0,1,3,0,53,51,55,64,39
3323977927,1504113968472,2582,9,1,1,1,2,1,1,1,68,12,4,89,3,4,32,11,4,126,14,4,236,4,7,7,0,1,2,1,516,122,432,58,103,119,14,4,61,4,14,31,4,12,121,4,11,26,4,3,6,2,0,3,0,238,498,420,154,51
3315186781,1503487797934,986,9,1,1,1,1,0,1,0,48,3,4,4,4,14,59,4,12,79,11,4,18,4,7,7,1,0,1,0,119,31,117,40,141,15,4,7,21,3,4,27,6,14,24,4,11,13,4,6,0,0,0,0,0,81,53,41,11,141
3286070579,1501571596082,1903,9,1,2,1,1,0,1,0,202,4,7,143,4,14,99,4,21,98,4,12,58,4,11,10,2,0,3,0,157,80,412,43,57,51,4,7,37,4,3,31,4,12,141,4,11,115,4,21,1,0,0,0,0,57,7,122,154,107
3329116484,1504467241523,1812,9,1,1,1,1,1,2,0,38,4,12,12,4,14,18,4,7,57,11,4,91,4,14,7,1,1,0,0,141,33,64,29,117,126,4,3,497,14,4,498,7,4,150,4,12,60,4,11,3,0,0,2,0,121,421,29,40,117
3319950401,1503843859471,1824,9,1,1,1,1,1,1,1,236,7,4,117,4,14,10,7,4,11,4,11,80,14,4,9,1,1,1,1,40,164,31,24,57,78,4,12,33,4,11,53,4,3,238,4,14,429,4,7,4,0,0,2,0,103,141,114,157,31
3317639629,1503662357102,2789,9,2,2,1,1,2,2,2,25,4,3,516,4,11,21,7,4,134,4,3,238,4,12,9,5,0,2,0,11,103,85,67,53,82,4,12,35,11,14,202,7,4,161,4,14,91,4,14,11,2,1,3,1,99,53,420,18,11
3312045511,1503280112285,2350,9,1,2,1,1,1,1,0,141,11,4,104,4,7,54,12,4,223,3,4,61,4,21,9,1,1,4,0,157,119,117,40,16,238,4,14,57,11,4,25,4,3,96,7,4,67,4,3,3,0,0,0,0,122,31,114,157,412
3280752978,1501179952727,1236,9,1,1,1,0,0,1,1,245,14,4,5,11,4,57,4,12,21,4,7,40,14,4,4,0,0,2,1,114,154,11,17,75,25,4,14,119,4,7,24,4,12,53,4,3,113,11,4,0,0,0,0,0,96,412,150,117,19
3284267953,1501436985190,1329,9,1,1,1,0,0,2,0,42,4,12,412,4,3,51,4,7,113,4,11,10,12,4,4,0,0,0,0,53,92,75,157,26,6,12,4,201,4,3,2,11,6,18,4,7,134,6,4,2,0,0,1,0,92,90,141,107,31
3281008772,1501196650530,1720,9,1,1,1,1,0,2,1,154,11,4,21,4,7,22,4,7,33,4,12,105,14,4,11,3,0,1,1,161,92,53,115,122,114,4,12,20,4,12,223,4,3,18,7,4,141,14,11,0,0,0,2,0,110,25,31,6,157
3326427623,1504299299957,2143,9,2,2,1,1,2,2,1,39,4,14,82,4,12,15,7,4,59,11,4,11,14,4,8,3,0,3,1,69,122,157,90,99,150,4,12,201,4,3,64,4,11,84,12,4,18,4,7,10,2,1,1,0,238,40,105,498,157
3280923258,1501188529933,2017,9,1,1,1,1,2,1,1,51,4,7,61,4,6,427,11,4,111,4,3,24,4,12,8,1,1,3,1,119,6,154,56,59,141,4,11,29,4,7,163,6,4,41,12,4,53,4,3,5,0,1,1,0,38,57,31,6,154
3323149105,1504078736493,2141,9,1,2,1,1,1,2,0,59,12,4,117,3,4,18,7,4,45,4,3,28,14,11,11,4,1,2,0,105,114,119,497,64,40,4,3,238,14,4,60,4,11,15,4,7,84,4,14,4,0,0,1,0,33,1,86,16,11
3313792237,1503407657923,1627,9,1,1,1,1,1,2,1,58,12,4,9,11,4,245,14,4,29,4,7,117,4,14,9,2,1,1,1,16,40,75,141,63,157,12,4,84,4,14,12,4,3,236,7,4,11,11,4,2,0,0,2,0,122,105,119,1,53
3328296965,1504444681442,1482,9,1,1,1,1,1,1,1,236,7,4,223,3,4,202,7,4,120,6,11,75,4,12,10,2,1,2,1,122,114,7,31,117,57,12,4,141,4,11,222,4,7,115,7,4,89,14,4,0,0,0,0,0,18,157,105,238,80
3325109202,1504207692179,2190,9,1,2,1,1,1,1,2,16,4,3,222,7,4,60,11,4,23,4,12,45,4,14,11,4,1,3,0,238,18,36,105,141,85,1,4,51,7,4,9,4,11,80,14,4,497,4,3,3,0,0,0,1,67,31,11,75,40
3301035988,1502572518751,1396,9,2,1,2,2,0,2,0,40,4,3,21,4,7,102,11,4,41,4,12,90,4,14,0,0,0,0,0,141,75,117,157,29,222,4,7,80,4,11,4,4,6,56,4,11,63,14,4,10,2,0,1,0,122,6,3,412,238
3230155289,1497875392574,199,9,1,0,0,0,0,0,0,83,12,4,89,3,4,2,11,4,45,14,4,81,7,4,0,0,0,0,0,245,121,85,51,53,32,11,4,18,7,4,136,7,4,201,4,3,79,4,12,0,0,0,0,0,122,157,3,53,236
3324298485,1504131781024,2120,9,2,2,2,2,2,2,0,420,4,12,3,4,11,61,4,14,29,7,4,48,4,3,2,0,0,0,0,40,64,141,238,164,81,4,21,163,4,12,22,4,7,201,3,4,113,11,4,10,2,1,3,0,18,11,105,141,31
3296366918,1502299217614,1216,9,1,1,1,1,0,1,1,51,7,4,267,3,4,39,12,4,131,4,12,32,4,11,9,2,0,2,1,31,29,40,8,57,89,4,3,164,4,12,67,7,4,34,4,14,254,4,11,0,0,0,0,0,238,18,117,38,40
3290931323,1501929871427,1962,9,2,2,1,2,2,2,1,26,4,3,57,4,11,51,7,4,91,4,14,80,4,14,4,0,0,1,1,29,55,6,23,157,18,4,7,31,12,4,238,4,14,141,4,11,44,4,3,6,1,1,2,0,64,119,23,157,75
3283403883,1501356455201,1616,9,2,2,2,2,2,1,2,12,4,14,79,4,11,126,4,12,202,4,7,91,14,4,2,0,0,1,0,64,119,57,412,31,99,4,21,67,7,4,40,3,4,121,11,4,80,14,4,9,2,1,1,1,31,51,164,29,57
3234612735,1498152687392,2154,9,1,2,1,1,2,2,2,421,4,11,498,4,7,497,4,3,126,4,12,99,4,21,7,1,0,1,0,61,119,157,105,114,222,7,4,238,14,4,58,12,4,35,14,11,111,4,3,9,1,1,3,1,154,64,53,29,164
3322282148,1503994074913,2753,9,1,1,1,2,1,1,2,57,4,3,18,4,7,74,4,3,240,12,4,79,11,4,8,1,1,2,0,157,98,114,238,498,38,4,12,59,4,11,58,4,12,117,4,14,15,4,7,7,2,0,3,1,53,75,127,51,86
3326529387,1504305226255,2052,9,1,2,1,1,2,2,0,37,3,4,157,4,12,33,11,4,38,4,12,15,4,7,11,3,0,1,0,122,238,119,67,516,18,4,7,91,14,4,141,4,12,497,4,3,131,4,11,4,0,1,1,0,238,57,59,7,105
3327744864,1504383131612,1780,9,2,1,1,2,0,2,0,99,14,4,107,11,4,164,12,4,45,4,14,16,7,4,1,0,0,0,0,157,122,119,498,40,131,11,4,53,14,4,103,4,14,14,4,12,236,7,4,10,2,0,3,0,122,91,59,31,157
3329966175,1504550382666,1300,9,1,1,2,0,0,1,1,122,4,12,498,4,7,141,4,11,54,4,14,53,4,3,4,0,0,1,1,157,18,67,126,245,29,7,4,412,3,4,61,4,21,105,12,4,59,11,4,3,0,0,0,0,21,86,11,114,238
3293588943,1502113676712,1042,9,2,1,2,2,0,2,2,75,4,6,31,12,4,236,7,4,40,4,7,11,11,4,0,0,0,0,0,105,6,119,23,157,19,4,11,122,4,12,12,14,4,18,4,7,115,4,7,8,1,0,2,1,-1,420,114,238,57
3320039876,1503846354047,1885,9,1,1,1,1,0,1,0,18,7,4,86,4,6,115,4,21,33,4,11,201,3,4,8,3,0,3,0,45,17,157,238,58,222,7,4,50,12,4,105,14,4,57,11,4,67,4,3,2,0,0,0,0,141,122,17,53,11
3322657425,1504024392783,2186,9,2,1,2,2,0,2,0,99,4,3,17,4,12,103,4,14,81,4,7,141,11,4,2,0,0,1,0,53,45,6,59,29,119,7,4,14,11,4,115,4,12,238,4,12,57,4,12,10,3,0,3,0,157,516,40,53,25
3325085879,1504206562445,1560,9,1,1,2,0,1,1,1,110,4,7,92,4,12,79,4,11,163,1,4,16,3,4,5,0,1,3,1,53,238,38,40,31,117,4,14,99,4,21,498,4,7,113,4,11,150,12,4,1,0,0,0,0,18,28,29,40,157
3319662074,1503799141492,1210,9,1,1,1,1,0,1,0,2,11,6,40,3,4,110,4,7,74,4,12,69,6,4,6,1,0,1,0,18,19,141,-1,31,12,4,3,61,4,21,64,4,11,202,7,4,150,4,12,0,0,0,0,0,90,31,113,28,117
3296047473,1502276339846,1875,9,2,1,2,2,2,1,0,150,4,12,236,7,4,11,11,3,103,4,1,143,4,3,3,0,0,3,0,31,117,57,157,164,40,4,3,18,7,4,79,11,4,4,1,4,266,4,12,9,2,1,0,0,412,57,31,75,15
3324403446,1504139459038,2053,9,2,2,2,2,2,2,0,412,4,14,498,7,4,112,4,12,79,4,11,36,4,12,3,0,0,0,0,122,19,29,105,113,45,4,12,2,6,12,51,4,7,141,4,11,16,3,4,10,2,2,3,0,154,238,117,50,40
3290130776,1501851116236,2222,9,1,2,1,1,1,1,0,202,4,7,134,4,21,40,3,4,98,11,4,44,4,12,7,1,1,1,0,119,238,8,18,57,203,11,4,29,7,4,92,4,12,497,3,4,268,21,4,5,0,0,3,0,119,90,75,157,19
3243422237,1498687563517,1951,9,1,1,1,1,0,2,1,48,12,6,25,3,4,81,7,4,19,11,6,115,12,4,9,1,0,2,1,53,7,122,17,420,38,6,4,64,4,11,222,7,4,83,4,12,412,14,4,5,0,0,1,0,238,51,154,32,92
3317017547,1503598915741,2114,9,2,2,2,2,2,2,0,24,4,12,55,14,4,222,4,7,5,4,11,25,3,4,4,0,0,0,0,498,17,141,84,11,117,4,3,18,7,4,115,14,4,59,11,4,134,3,4,9,2,1,4,0,1,31,53,122,157
3331246452,1504636953772,2328,9,2,1,1,1,2,1,1,143,14,4,67,4,7,498,12,4,58,12,4,20,11,4,10,2,0,2,1,157,22,122,53,420,75,4,12,96,4,7,107,11,4,101,4,14,44,4,14,9,2,1,2,0,79,45,63,105,24
3267153340,1500250840987,2129,9,1,1,2,1,1,2,0,69,4,6,119,4,7,40,3,4,141,4,12,105,4,11,9,1,1,1,0,122,51,19,114,29,84,14,4,427,11,4,110,7,4,58,4,12,92,3,4,5,0,0,3,0,29,157,122,412,3
3287070656,1501616935597,2390,9,1,2,1,1,0,1,1,133,7,4,16,4,3,163,21,4,32,4,11,39,4,12,11,4,0,4,1,99,122,6,157,254,18,4,7,57,4,11,84,14,4,40,4,3,31,4,14,3,0,0,0,0,122,238,51,92,114
3263715773,1500038621714,1478,9,1,1,1,0,1,1,1,266,4,12,33,4,11,222,7,4,412,4,3,3,4,3,4,0,1,1,1,92,114,19,6,8,18,4,7,69,4,1,39,12,4,64,4,11,117,4,3,1,0,0,0,0,141,119,51,157,134
3306187242,1502897690079,2003,9,2,1,2,2,2,2,2,7,4,14,427,11,4,111,4,3,98,4,12,222,4,7,0,0,0,1,0,103,39,57,157,31,15,4,7,33,11,4,16,3,4,75,4,12,245,14,4,11,5,1,2,1,17,238,53,240,18
3215045277,1496919047025,193,9,2,0,0,0,0,0,0,236,4,7,4,14,4,78,11,4,17,4,3,80,4,12,0,0,0,0,0,157,122,134,240,105,98,12,4,143,14,4,84,14,4,121,4,11,202,4,7,0,0,0,0,0,105,154,23,51,114
3319967986,1503843366188,2158,9,1,2,2,1,1,1,0,68,12,4,11,11,4,63,14,4,143,4,3,202,4,7,9,2,2,4,0,79,238,53,40,114,131,14,4,24,4,11,119,14,4,1,14,4,17,3,4,1,0,0,0,0,114,90,75,80,117
3282431036,1501289694691,1580,9,1,2,1,1,1,1,0,412,4,3,141,4,11,91,12,4,27,14,12,202,4,7,11,3,1,2,0,11,154,-1,31,67,117,3,4,110,7,4,157,4,11,238,14,4,45,4,7,1,0,0,0,0,57,80,10,8,51
3315597398,1503511720345,1822,9,1,2,2,1,2,2,0,61,4,1,79,11,4,126,4,12,67,4,7,117,3,4,9,1,0,2,0,38,29,516,31,40,150,12,4,12,4,14,22,4,7,60,11,4,8,6,4,2,0,1,1,0,119,31,38,40,18
3248653405,1499023748783,1447,9,2,2,2,2,2,2,2,245,4,14,60,4,11,122,12,4,412,4,3,51,4,7,0,0,0,0,0,154,3,119,99,150,74,12,4,102,11,4,53,3,4,134,14,4,222,4,7,11,3,1,3,1,64,157,238,11,24
3265269916,1500136538991,1578,9,1,2,1,1,1,1,1,154,4,11,119,4,7,41,3,4,14,4,12,143,4,14,10,2,1,2,1,27,29,117,114,105,13,6,4,412,4,14,11,12,4,18,4,7,120,11,6,1,0,0,0,0,122,58,157,141,3
3279309346,1501083745403,1583,9,1,2,1,1,1,1,0,106,11,4,50,4,6,245,4,12,98,3,4,21,7,4,10,2,1,1,0,53,51,238,67,150,202,7,4,412,4,14,41,12,4,32,4,11,157,4,14,2,0,0,1,0,11,5,154,122,119
3289039215,1501779679602,1627,9,1,1,1,1,1,2,1,10,4,12,412,4,3,202,4,7,104,4,11,86,4,12,10,2,1,2,1,126,157,134,6,79,64,4,11,67,7,4,245,14,4,8,14,4,40,3,4,1,0,0,2,0,25,53,19,31,157
3329439053,1504515279502,2074,9,1,2,1,1,1,1,1,18,7,4,5,4,11,516,12,4,223,4,3,99,4,14,10,3,1,3,1,16,89,157,6,75,31,4,6,69,14,4,53,4,3,21,4,7,33,4,11,1,0,0,0,0,105,141,17,238,119
3277173489,1500934877941,1943,9,1,2,2,1,1,2,2,89,4,14,67,4,7,420,4,14,38,12,4,11,4,11,10,2,1,1,0,91,53,51,114,238,23,4,12,102,4,11,42,4,3,119,4,7,412,4,3,3,0,0,2,1,122,134,64,157,24
3317561865,1503653032646,2085,9,2,2,2,1,1,2,2,113,11,4,69,1,4,516,4,12,202,4,7,25,4,3,8,1,1,3,0,29,57,119,31,114,40,4,3,18,4,7,157,4,12,4,4,3,28,11,4,7,1,1,2,1,75,421,141,29,16
3323988500,1504114439706,1963,9,1,2,1,1,1,2,0,67,4,12,53,3,4,61,4,6,236,4,7,5,11,4,11,3,1,1,0,24,39,31,141,498,98,12,4,9,11,4,18,4,7,112,6,4,412,3,4,1,0,0,2,0,40,96,117,57,114
3322175999,1503980226383,1996,9,2,2,1,2,2,1,0,56,11,4,18,4,7,55,4,14,516,4,12,412,4,7,4,0,0,1,0,238,11,114,119,157,42,4,12,75,12,4,113,4,11,498,4,7,143,4,3,7,1,1,1,0,238,103,23,40,141
3319719897,1503826276315,1764,9,1,2,1,1,0,2,2,9,11,4,91,14,4,21,7,4,16,4,3,82,4,12,7,1,0,1,0,29,420,412,240,164,38,12,4,150,12,4,119,4,7,98,4,3,64,11,4,1,0,0,1,1,23,238,11,90,18
3328639133,1504455459185,2321,9,1,1,1,2,0,2,2,25,3,4,18,7,4,13,4,6,75,12,4,141,11,4,10,3,0,4,0,119,16,40,31,39,17,4,12,1,4,14,14,4,11,236,7,4,44,4,3,9,2,0,1,1,92,31,90,80,157
3326853083,1504347017359,1782,9,2,1,2,1,2,1,2,17,12,4,236,7,4,121,11,4,112,4,21,111,4,3,5,1,0,2,0,29,114,420,8,157,40,4,3,18,4,7,84,4,14,113,11,4,92,4,12,10,2,1,1,1,31,59,42,16,67
3289878900,1501832357221,1462,9,2,2,2,2,0,2,2,51,4,7,203,11,4,105,4,14,143,3,4,10,12,4,0,0,0,0,0,29,55,122,141,31,201,4,3,1,4,14,498,4,7,82,12,4,104,4,11,11,2,0,2,1,238,150,53,157,497
3287248995,1501629142187,1904,9,2,2,2,2,0,1,0,33,4,12,117,3,4,31,11,4,61,4,14,245,3,4,2,0,0,2,0,141,90,150,-1,53,24,4,12,29,4,7,32,11,4,40,4,3,91,4,14,10,2,0,1,0,157,150,53,143,122
3330137496,1504558839433,1772,9,2,1,2,2,2,1,0,121,11,4,114,12,4,99,7,4,80,4,12,21,4,7,2,0,0,1,0,141,157,238,19,122,222,7,4,75,4,12,112,4,14,74,4,7,24,11,4,11,3,1,1,0,238,420,23,53,105
3319819762,1503834991150,1834,9,2,1,2,2,0,2,0,79,4,11,498,7,4,497,14,4,157,12,4,69,4,14,3,0,0,2,0,238,62,61,55,58,412,4,14,110,4,7,150,12,4,154,11,4,101,6,4,8,2,0,1,0,18,122,117,29,11
3272157602,1500581239887,2119,9,1,2,1,1,1,2,0,203,4,11,25,4,14,238,4,14,68,4,12,29,7,4,10,1,2,2,0,64,31,154,117,202,59,12,4,222,7,4,412,4,3,61,3,4,57,4,11,4,0,0,2,0,31,19,113,114,67
3277617367,1500994837993,2553,9,2,2,2,2,2,2,0,31,4,3,72,4,11,131,4,14,17,4,21,67,7,4,6,0,0,1,0,25,51,89,19,126,9,4,3,15,7,4,238,4,14,157,4,11,266,12,4,10,1,1,3,0,92,84,11,53,21
3326375267,1504296026119,1942,9,1,2,2,1,0,1,2,21,4,7,245,12,4,25,4,3,86,4,12,11,11,6,11,4,0,3,0,114,157,122,141,238,202,7,4,84,4,12,60,4,11,105,4,14,43,3,4,3,0,0,0,1,420,16,122,92,31
3320718275,1503864799126,1540,9,2,2,2,2,0,2,2,76,4,11,37,3,4,31,4,12,117,12,4,202,4,7,1,0,0,0,0,141,107,40,6,99,164,4,12,96,4,7,101,4,6,412,14,4,64,4,11,11,3,0,2,1,119,40,113,432,141
3318194686,1503695654303,2975,9,1,1,2,2,2,2,0,41,4,12,33,11,4,69,4,7,497,14,4,18,7,4,9,1,1,1,0,-1,84,31,141,113,112,4,1,21,4,7,37,4,14,3,4,12,64,4,11,8,3,1,4,0,80,157,119,268,31
3329177901,1504470640469,2028,9,1,2,2,1,0,1,0,245,14,4,62,4,11,41,12,4,201,3,4,81,7,4,10,2,0,2,0,40,18,16,141,122,59,4,11,8,4,6,91,4,14,51,7,4,412,14,4,3,0,0,0,0,105,40,12,18,31
3321667680,1503953978150,1471,9,2,2,1,0,0,2,0,16,4,3,18,4,7,5,4,11,157,4,12,99,12,4,1,0,0,0,0,53,64,76,126,119,105,4,14,516,4,11,92,4,12,29,4,7,432,4,3,3,0,0,1,0,53,51,23,55,86
3231057492,1497942630572,2084,9,1,2,1,1,1,1,1,21,7,4,60,4,11,44,4,12,50,4,12,61,4,14,9,1,1,4,1,157,17,114,1,497,51,7,4,99,4,7,41,4,12,412,3,4,64,4,11,0,0,0,0,0,105,154,67,497,122
3329271937,1504474860287,1883,9,2,1,1,2,0,2,0,117,4,12,223,3,4,17,4,14,157,11,4,67,7,4,4,0,0,0,0,114,53,516,24,122,37,4,14,59,4,12,103,4,14,96,7,4,267,11,4,9,1,0,2,0,29,201,63,18,516
3322940229,1504039631419,1806,9,1,1,1,1,1,1,0,267,3,4,238,4,14,150,12,4,29,4,7,19,11,4,10,2,1,2,0,154,40,134,141,103,127,4,3,78,4,12,201,3,4,81,7,4,104,4,11,1,0,0,0,0,157,16,40,23,117
3273650107,1500682151327,2148,9,1,2,2,1,1,2,2,59,4,12,154,11,4,40,4,3,238,4,14,222,7,4,9,2,1,2,0,117,157,96,119,122,62,4,14,17,4,12,202,4,7,43,3,4,11,4,11,3,0,0,2,1,90,39,29,84,107
3321996933,1503965881947,2351,9,2,1,1,2,2,1,0,98,4,12,117,4,7,497,4,11,57,4,14,432,4,14,5,0,0,1,0,92,157,119,245,126,267,4,3,498,7,4,23,11,4,105,14,4,75,12,4,11,3,1,2,0,51,74,154,17,412
3326224538,1504287424119,1935,9,2,2,2,2,2,2,0,18,4,7,238,14,4,516,4,12,32,11,4,40,3,4,1,0,0,0,0,53,412,105,31,122,498,4,7,29,11,4,3,12,4,201,4,3,86,12,4,11,2,1,2,0,157,121,67,119,141
3327211866,1504353625833,2657,9,1,1,2,2,2,2,1,516,12,4,63,14,4,24,11,4,412,14,4,29,4,7,11,3,2,1,1,55,53,238,122,31,222,4,7,163,21,4,17,3,4,157,12,4,19,11,4,8,2,1,5,0,238,103,11,58,143
3292140473,1502012259139,1887,9,2,1,2,2,2,1,1,64,4,11,143,7,4,20,14,4,34,21,4,21,4,7,3,0,0,1,1,126,51,157,79,53,17,4,12,222,4,7,99,4,1,11,11,4,25,14,4,11,3,1,2,0,31,119,141,497,38
3254169599,1499423622198,1582,9,2,1,2,2,2,2,0,23,4,12,38,12,4,76,4,11,18,4,7,412,4,3,1,0,0,0,0,240,28,51,84,154,37,3,4,113,4,11,83,12,4,29,4,7,1,4,14,11,3,1,2,0,114,67,119,105,55
3276286144,1500905856468,953,9,1,2,1,0,0,1,0,89,4,3,134,4,14,19,11,4,42,4,7,35,14,12,2,0,0,1,0,51,122,31,1,114,18,7,4,141,11,4,99,3,4,240,12,4,92,14,4,0,0,0,0,0,21,119,51,154,86
3301641184,1502625637597,1919,9,2,1,1,2,0,2,0,18,4,7,201,3,4,68,4,12,121,11,4,105,4,14,2,0,0,0,0,117,40,11,8,122,141,12,4,161,4,21,133,11,4,412,4,14,15,7,4,10,2,0,4,0,75,55,420,157,31
3230014853,1497871512907,1647,9,1,2,1,1,0,1,0,64,4,11,84,4,14,202,4,7,86,4,12,412,4,14,9,1,0,3,0,55,122,105,51,133,81,7,4,89,3,4,420,4,12,25,4,14,107,11,4,0,0,0,0,0,11,122,105,157,69
3219118736,1497194243281,2298,9,1,1,1,1,1,1,2,63,3,4,33,4,11,20,4,12,103,4,14,202,4,7,10,1,2,3,0,412,157,154,61,122,1,14,4,21,7,4,113,11,4,115,21,4,43,4,3,3,0,0,0,1,64,114,105,157,90
3329144019,1504469052125,2378,9,2,2,1,1,1,1,2,35,11,14,78,12,4,157,4,3,498,7,4,201,4,14,8,1,1,4,0,8,427,143,80,119,29,4,7,236,7,4,39,4,12,412,3,4,59,11,4,8,1,0,0,1,98,114,238,57,67
3316157809,1503571288221,1996,9,1,1,2,1,2,1,2,91,4,14,16,4,7,1,12,4,18,21,4,35,11,14,8,2,1,3,0,119,40,57,516,55,92,4,12,267,3,4,59,4,11,222,4,7,245,12,4,5,0,1,1,1,24,29,31,105,40
3310174921,1503161336528,1818,9,2,1,2,2,0,2,1,5,11,4,86,12,4,115,7,4,67,12,4,201,4,3,2,0,0,0,1,11,105,91,119,202,99,4,3,19,4,11,62,4,12,55,14,4,51,4,11,10,2,0,3,0,64,53,31,17,134
3311143985,1503231392227,1835,9,1,1,1,1,1,1,0,53,14,4,141,11,4,36,4,12,498,4,14,136,21,4,7,1,1,2,0,63,11,31,91,238,421,11,4,222,4,7,412,4,3,7,12,4,122,14,4,4,0,0,0,0,24,31,114,63,81
3277520176,1500989289443,2034,9,2,1,1,2,2,2,0,51,7,4,57,11,4,163,6,4,8,4,12,412,4,3,1,0,0,2,0,157,105,154,119,134,202,4,7,14,4,12,37,14,4,61,4,3,59,11,4,9,1,1,2,0,157,238,141,117,31
3322318488,1503999563691,2597,9,2,2,2,2,1,2,0,202,21,4,9,11,4,63,14,4,112,3,4,157,4,12,8,1,1,0,0,119,31,122,40,90,85,12,4,238,14,4,120,6,11,29,4,7,117,4,3,11,5,1,5,0,119,40,8,141,58
3301503507,1502620075466,1732,9,1,2,1,1,1,2,2,103,4,14,25,4,14,51,7,4,141,11,4,98,12,4,10,2,1,1,0,40,238,498,114,38,115,4,21,67,4,7,16,4,3,39,4,12,102,4,11,2,0,0,2,1,240,119,8,29,91
3321479999,1503944179913,2263,9,1,2,2,1,2,1,1,222,7,4,40,4,3,83,6,11,141,14,4,1,21,4,8,2,0,2,1,238,91,122,245,90,157,12,4,44,4,3,67,4,7,99,4,21,107,11,4,6,0,2,3,0,51,-1,29,122,75
3293481527,1502101331884,1738,9,1,1,1,1,0,1,0,99,4,21,119,4,7,267,3,4,79,4,11,31,4,12,7,2,0,2,0,141,163,157,114,412,16,4,3,240,12,4,121,4,11,18,4,7,61,21,4,2,0,0,0,0,141,63,53,498,157
3240361677,1498508689575,2084,9,2,1,1,2,2,1,1,238,4,3,37,4,3,92,4,3,9,4,11,222,4,7,3,0,0,3,1,114,51,223,53,420,201,4,3,64,4,11,117,3,4,29,7,4,122,12,4,10,2,1,1,0,60,80,53,134,432
3296270264,1502293418851,1128,9,2,2,2,2,0,2,2,64,11,4,134,14,4,22,4,7,267,3,4,104,4,12,0,0,0,0,0,122,29,63,238,75,98,3,4,103,14,4,119,14,4,23,4,12,79,4,11,7,1,0,2,1,420,63,51,106,53
3282364076,1501284960926,1633,9,2,2,2,2,2,2,2,122,4,12,53,3,4,107,4,11,29,4,7,79,4,14,1,0,0,0,0,18,55,412,59,141,57,11,4,90,4,14,67,7,4,157,4,12,117,3,4,9,3,1,2,1,11,119,31,114,238
3299653551,1502500069523,1393,9,1,1,1,1,0,1,0,133,4,11,63,4,3,157,3,4,2,12,4,498,7,4,7,1,0,2,0,23,119,56,122,11,35,14,4,497,3,4,110,3,4,31,12,4,141,11,4,1,0,0,0,0,202,17,134,53,238
3290365178,1501867184832,1354,9,2,1,2,2,0,2,0,115,1,4,497,4,3,498,4,7,17,4,12,11,4,11,0,0,0,0,0,51,238,119,64,157,8,4,6,254,4,11,236,4,7,201,3,4,1,4,12,10,2,0,1,0,157,238,141,6,164
3262092473,1499909926160,1563,9,1,2,1,1,0,0,0,81,4,7,23,4,12,42,4,3,141,11,4,14,4,3,7,1,0,0,0,122,157,17,51,61,55,14,4,35,11,14,22,4,7,412,3,4,39,12,4,1,0,0,0,0,53,157,24,131,134
3329763971,1504539339630,2245,9,2,2,2,2,1,2,0,131,11,4,238,4,3,110,4,7,497,14,4,23,12,4,0,0,1,1,0,157,18,32,412,41,69,4,12,12,3,4,58,12,4,64,11,4,29,4,7,11,4,1,2,0,7,57,40,25,31
3302605105,1502666965814,1332,9,1,1,1,1,0,1,1,24,11,4,91,14,4,62,4,14,12,3,4,29,4,7,5,1,0,2,1,22,55,154,79,117,99,4,14,201,4,3,119,7,4,69,4,3,33,11,4,1,0,0,0,0,18,40,105,238,19
3318763210,1503715611945,1787,9,2,2,2,2,0,2,2,5,11,4,157,4,14,91,14,4,21,7,4,53,4,3,2,0,0,0,0,11,90,67,92,238,40,4,3,19,4,11,245,4,3,80,4,14,236,4,7,10,2,0,3,1,51,117,141,67,24
3275302824,1500816480345,1519,9,2,2,2,2,0,2,0,121,4,11,157,4,14,497,4,3,429,4,7,50,4,12,1,0,0,0,0,3,134,114,117,31,40,4,3,69,7,4,15,7,4,91,4,12,56,4,11,9,1,0,2,0,412,31,141,51,238
3266284261,1500212494572,2368,9,1,2,2,1,1,1,0,27,12,6,157,4,14,25,3,4,67,4,7,84,4,11,9,2,1,2,0,17,35,21,126,53,26,7,4,238,4,14,18,7,4,64,11,4,59,12,4,6,0,0,2,0,53,141,201,114,31
3311255370,1503236673253,1626,9,1,1,1,1,1,2,0,201,4,14,62,4,12,202,4,7,157,3,4,141,11,4,10,2,1,2,0,6,75,69,53,31,19,4,11,21,4,7,45,4,12,16,14,4,54,12,4,1,0,0,1,0,75,119,18,240,150
3323973139,1504112613640,3224,9,1,1,1,2,1,1,0,134,14,4,202,4,7,92,4,7,81,14,4,60,11,4,7,2,1,2,0,498,238,432,6,31,51,7,4,245,14,4,54,3,4,19,11,4,23,4,12,8,1,0,1,0,53,122,29,157,126
3329980876,1504549535873,2668,9,2,2,1,2,2,1,0,236,7,4,75,12,4,161,6,4,32,4,11,245,4,3,5,0,1,2,0,31,11,89,61,23,79,4,11,201,3,4,238,12,4,15,4,7,86,4,12,10,3,1,2,0,63,8,40,141,134
3317339945,1503616667227,2065,9,2,2,1,2,1,2,1,81,4,7,161,4,21,412,4,3,2,12,6,59,11,4,2,0,1,0,1,75,119,516,238,90,103,14,4,28,4,11,12,14,4,67,4,7,126,12,4,10,3,0,3,0,122,40,31,117,113
3313543913,1503383834513,1659,9,1,1,1,1,0,1,2,222,4,7,60,11,4,40,4,3,420,4,12,157,4,3,9,3,0,2,0,141,119,55,18,154,25,14,4,22,4,7,8,14,4,24,4,12,76,4,11,1,0,0,0,1,122,67,90,29,19
3331370781,1504643317333,3020,9,2,1,2,2,1,1,0,112,4,3,11,11,4,80,4,14,57,4,3,115,4,7,4,0,1,3,0,122,84,67,51,63,60,11,4,99,4,12,41,4,12,32,4,3,222,4,7,10,2,1,2,0,28,64,157,37,53
3323934142,1504109874595,1278,9,2,2,2,2,0,2,0,238,4,14,59,12,4,141,11,4,21,4,7,267,4,3,0,0,0,0,0,90,157,64,68,516,60,11,4,16,4,14,18,7,4,126,4,12,8,4,6,7,1,0,1,0,80,122,119,114,53
3326149828,1504283252151,2211,9,1,1,1,1,1,2,0,21,7,4,53,4,3,38,4,12,64,4,11,98,12,4,10,2,1,2,0,40,31,238,17,105,114,4,12,112,4,6,202,7,4,141,11,4,117,4,3,1,0,0,1,0,122,67,32,51,157
3330000707,1504551495558,2247,9,2,1,1,2,1,2,1,40,3,4,24,14,4,236,4,14,79,11,4,498,7,4,7,2,1,1,1,25,55,69,18,141,19,11,4,9,4,14,127,4,14,96,21,4,16,21,7,7,2,1,3,0,67,238,412,420,53
3324135044,1504121684611,1832,9,1,1,2,1,0,2,0,222,4,7,412,4,14,427,4,11,126,4,12,63,14,4,11,2,0,1,0,98,53,498,157,245,24,4,12,99,21,4,96,4,7,25,3,4,5,4,11,1,0,0,1,0,55,53,21,84,17
3327945998,1504396032187,2551,9,1,1,1,1,1,1,0,56,12,4,79,14,4,238,4,14,29,7,4,28,11,4,10,6,2,3,0,11,516,90,114,107,141,4,11,51,4,7,37,4,3,268,4,3,53,12,4,3,0,0,1,0,164,114,96,31,105
3315929503,1503529560720,1600,9,2,2,2,2,2,2,2,89,3,4,58,4,12,61,4,3,429,4,7,32,11,4,1,0,0,0,0,40,122,21,55,154,79,4,11,67,4,7,238,4,14,92,4,12,117,3,4,11,3,1,2,1,40,21,157,57,18
3322474789,1504011582651,1578,9,2,2,2,2,2,2,0,122,4,12,105,4,14,141,4,11,40,4,3,18,7,4,1,0,0,0,0,516,133,64,-1,55,67,4,12,31,12,4,45,3,4,236,4,7,29,11,4,9,1,1,2,0,64,157,117,238,57
3313868549,1503414809875,1974,9,2,1,1,2,2,2,0,25,14,4,10,12,4,29,4,7,31,11,4,202,4,6,2,0,0,0,0,157,53,119,40,134,18,7,4,121,11,4,1,4,14,432,4,14,84,14,4,9,2,1,3,0,55,122,105,114,131
3318952408,1503749880882,2122,9,1,1,2,1,1,1,0,9,4,11,201,4,14,24,12,6,7,4,14,236,4,7,9,1,1,2,0,40,29,516,157,67,16,4,3,61,21,4,18,4,7,19,11,4,150,4,12,2,0,0,1,0,40,154,59,57,31
3326238330,1504288706263,1785,9,2,1,1,2,0,2,2,126,12,4,51,4,7,34,4,3,238,4,14,141,4,11,3,0,0,0,0,31,40,18,105,6,33,4,11,267,4,3,99,4,14,62,4,14,202,7,4,11,2,0,2,1,-1,-1,-1,222,105
3305890106,1502883196335,2195,9,2,2,2,2,2,2,2,107,4,11,43,4,3,18,4,7,59,4,12,99,4,21,1,0,0,1,0,238,6,119,51,202,64,4,14,222,4,7,117,3,4,8,4,12,11,11,4,7,2,1,2,1,53,86,51,33,31
3324729549,1504190188316,1722,9,1,2,1,1,1,1,1,40,4,3,22,4,7,8,4,6,150,12,4,106,11,4,11,2,1,2,1,119,164,45,31,122,33,11,4,51,7,4,115,4,12,17,4,12,89,3,4,2,0,0,0,0,53,79,119,516,157
3318974237,1503750659983,2226,9,1,2,1,1,1,1,2,102,12,4,238,4,14,21,7,4,19,11,4,61,1,6,10,1,1,3,0,92,105,84,64,18,22,4,7,85,4,12,9,4,3,55,4,14,23,11,4,7,0,0,1,1,39,126,105,45,29
3301737904,1502633768444,1901,9,2,2,2,2,2,2,1,29,4,7,37,3,4,11,11,6,57,4,12,161,3,4,5,0,0,0,1,18,240,75,31,6,50,4,12,113,4,11,51,4,7,44,3,4,10,14,4,10,2,1,3,0,103,497,157,141,121
3319750143,1503831145055,1835,9,2,2,2,2,0,2,0,412,4,3,141,11,4,245,4,14,516,12,4,15,7,4,1,0,0,0,0,238,53,126,1,51,75,4,12,157,4,12,90,7,4,21,14,4,105,4,11,11,1,0,2,0,48,143,18,67,31
3256333665,1499547544488,1832,9,2,1,2,2,0,1,0,164,4,12,32,4,11,267,4,3,22,7,4,42,4,14,0,0,0,1,0,154,157,29,114,19,150,12,4,99,21,4,254,11,4,51,7,4,37,4,3,8,1,0,2,0,154,119,157,92,120
3331481652,1504650552596,2200,9,1,1,1,1,2,1,0,516,4,3,106,4,12,134,4,3,141,4,11,22,7,4,9,2,0,3,0,91,122,19,80,157,131,4,14,114,4,12,76,4,11,43,4,3,51,7,4,3,0,1,0,0,86,27,122,412,45
3325781946,1504253420192,1990,9,2,1,1,2,0,2,2,29,11,4,131,3,4,27,6,14,25,4,14,15,7,4,3,0,0,0,0,157,75,119,141,45,110,7,4,53,4,14,105,4,14,102,11,4,39,12,4,9,2,0,3,1,498,63,6,432,11
3290343122,1501866187742,1755,9,2,1,2,2,1,2,2,61,14,4,4,4,11,11,12,4,236,4,7,99,4,3,2,0,1,0,0,33,141,113,117,119,15,4,7,19,4,11,90,4,12,53,4,14,45,4,21,11,3,0,3,1,40,29,238,75,117
3285696012,1501528671200,1946,9,1,2,1,1,2,2,0,13,6,4,89,3,4,202,4,7,75,4,12,11,11,4,10,2,0,1,0,157,141,122,74,119,17,12,4,105,14,4,107,11,4,236,4,7,78,4,3,4,0,1,1,0,84,119,24,60,6
3325728764,1504248486192,2360,9,2,2,2,1,2,1,2,267,4,3,119,4,7,245,12,4,68,12,4,79,4,11,7,1,0,2,0,31,122,43,117,24,102,4,11,22,4,7,5,12,4,99,4,21,40,3,4,9,1,1,2,1,157,516,11,105,31
3313367795,1503355640972,1911,9,1,1,1,1,1,2,2,41,3,4,29,4,11,429,7,4,150,4,12,267,3,4,9,1,1,2,0,18,117,40,141,91,113,11,4,89,4,14,85,7,4,114,12,4,238,4,14,2,0,0,1,1,201,141,16,57,40
3280400695,1501158425023,1691,9,2,2,2,2,0,1,0,254,11,4,154,3,4,67,4,7,8,4,12,61,4,21,1,0,0,1,0,23,60,119,141,114,238,4,14,222,7,4,98,3,4,75,12,4,421,4,11,11,3,0,2,0,69,6,19,141,157
3295181020,1502215697446,191,9,1,0,0,0,0,0,0,245,12,4,19,4,11,236,7,4,40,4,3,127,4,12,0,0,0,0,0,8,157,53,51,121,75,12,4,69,6,4,113,3,4,25,3,4,202,4,7,0,0,0,0,0,157,55,122,31,57
3324426743,1504143944597,1698,9,2,1,2,2,2,2,2,25,3,4,19,4,11,15,7,4,75,4,12,1,14,4,2,0,0,0,0,238,157,141,114,11,27,14,6,90,4,6,23,11,4,497,14,4,498,4,7,10,2,1,2,1,238,31,29,122,141
3309463552,1503112948021,1801,9,1,2,2,1,2,2,0,201,3,4,429,7,4,24,4,12,1,4,14,113,11,4,8,3,0,1,0,11,122,53,141,420,99,21,4,19,11,4,114,12,4,67,7,4,98,3,4,6,1,1,2,0,53,64,157,91,75
3327991920,1504398600262,2183,9,1,1,2,2,2,2,2,38,4,12,29,11,4,117,4,7,236,4,7,43,4,3,8,1,0,0,0,18,157,69,238,119,412,4,3,498,7,4,266,12,4,131,11,4,42,12,4,7,2,2,4,1,40,157,31,113,238
3252502091,1499288709604,1599,9,2,1,1,0,2,2,2,266,14,4,22,4,7,117,4,3,45,21,4,33,4,11,3,0,0,0,0,154,119,157,103,122,24,4,12,77,4,11,497,3,4,18,4,7,3,12,4,3,0,1,3,1,498,103,51,56,16
3327757824,1504383896194,1929,9,1,2,2,1,1,1,1,90,4,6,222,4,7,126,4,12,427,4,3,9,11,4,8,1,1,2,1,238,154,40,268,236,11,4,11,61,21,4,22,4,7,497,4,3,516,12,4,5,0,0,1,0,141,122,154,157,134
3254166750,1499422192378,2023,9,2,2,1,2,2,1,2,497,4,3,50,12,4,80,4,11,101,4,14,22,4,7,3,0,0,1,0,114,103,157,119,254,54,4,12,69,3,4,78,4,3,57,4,11,202,7,4,7,1,1,1,1,61,90,11,154,53
3304430511,1502796035124,2124,9,2,2,1,2,2,1,0,121,4,11,6,12,4,16,4,3,10,3,4,18,4,7,4,0,0,1,0,75,157,31,119,106,238,14,4,83,12,4,51,7,4,76,4,11,117,4,3,8,1,1,2,0,57,157,122,55,29
3315434447,1503501790783,1730,9,1,2,2,1,0,2,0,126,14,4,24,4,12,412,14,4,17,4,7,11,11,4,7,1,0,3,0,141,90,134,54,117,64,11,4,18,7,4,58,12,4,245,12,4,201,14,4,4,0,0,1,0,119,40,143,238,51
3325672108,1504221859295,1523,9,1,2,2,0,0,2,0,143,14,4,75,4,12,64,11,4,67,4,7,62,4,12,5,0,0,1,0,17,420,105,154,141,81,4,14,53,4,3,11,4,11,20,14,4,22,7,4,2,0,0,1,0,141,117,122,40,86
3224475262,1497540469085,1987,9,2,2,1,2,2,2,1,51,7,4,24,4,11,83,12,4,8,4,14,111,3,4,3,0,0,0,1,498,64,38,28,157,15,7,4,34,12,4,57,4,3,113,4,11,114,4,12,9,2,1,3,0,154,122,19,105,157
3323133413,1504053575892,2335,9,1,2,2,2,1,1,1,101,14,4,203,11,4,91,4,14,51,4,7,516,3,4,8,2,2,5,1,157,114,29,34,117,240,4,12,136,4,7,432,4,3,79,4,11,429,4,7,8,4,0,0,0,31,238,12,60,154
3329077236,1504465122691,1512,9,2,2,2,2,0,2,2,222,4,7,25,4,3,79,11,4,238,4,14,86,12,4,1,0,0,0,0,53,57,245,29,64,114,4,12,16,3,4,131,4,14,21,4,7,107,4,11,11,3,0,2,1,105,157,45,23,154
3329775219,1504539897132,2094,9,2,1,2,2,1,2,0,236,4,7,122,4,12,412,4,3,102,4,11,161,14,4,3,0,1,0,0,103,60,18,420,157,101,12,4,58,4,12,53,4,14,141,4,11,21,7,4,9,2,1,3,0,91,420,11,121,67
3329738271,1504538222539,1503,9,2,2,2,2,0,1,0,23,14,12,106,11,4,44,3,4,15,4,7,105,4,14,1,0,0,1,0,412,157,222,64,61,4,6,4,55,4,14,36,7,3,5,12,4,121,4,11,11,2,0,0,0,238,45,-1,31,59
3319418063,1503779714636,1993,9,2,2,2,2,2,2,1,67,4,7,79,4,11,122,12,4,91,14,4,412,4,3,2,0,0,0,1,53,17,29,57,40,150,12,4,7,4,14,9,4,11,498,4,7,117,4,3,10,2,1,4,0,40,119,141,51,154
3327999361,1504405944383,2018,9,1,1,1,1,1,1,1,42,4,1,68,4,12,15,4,7,12,14,4,421,4,11,10,3,1,2,1,18,113,40,29,117,25,3,4,76,11,4,39,4,12,51,4,7,69,4,6,3,0,0,0,0,7,96,29,498,18
3305698568,1502847507421,1569,9,1,1,1,1,0,1,1,240,12,4,81,4,7,432,4,7,99,4,21,254,11,4,10,2,0,3,1,114,126,157,53,119,22,7,4,37,4,3,103,14,4,23,4,12,120,4,11,1,0,0,0,0,157,119,60,55,105
3282500805,1501310411132,212,9,1,0,0,0,0,0,0,6,4,6,141,11,4,412,4,3,134,3,4,18,7,4,0,0,0,0,0,64,157,53,122,119,238,4,14,51,4,7,111,3,4,254,11,4,41,4,12,0,0,0,0,0,80,96,5,122,105
3326528902,1504305014862,1623,9,1,1,1,1,1,1,0,127,14,4,102,11,4,58,4,14,16,4,7,51,4,21,6,1,1,3,0,157,238,57,498,40,81,7,4,53,14,4,11,12,4,141,11,4,90,21,4,1,0,0,0,0,412,31,119,157,201
3314603422,1503449725725,1185,9,2,2,2,2,0,2,2,164,4,12,90,14,4,64,4,11,67,7,4,117,14,4,0,0,0,0,0,18,238,24,54,141,29,4,11,8,4,14,57,12,4,40,4,3,222,4,7,7,1,0,1,1,61,412,19,126,79
3321683978,1503953172414,2172,9,1,2,2,1,1,1,0,96,4,7,2,4,11,201,4,3,86,12,4,99,4,21,6,1,1,4,0,141,103,53,35,67,77,11,4,516,4,12,69,4,6,37,3,4,222,4,7,3,0,0,0,0,7,29,157,134,238
3328360875,1504446168633,3277,9,1,2,2,2,1,2,0,107,11,4,29,4,7,111,3,4,115,4,7,17,3,4,11,4,4,1,0,157,26,498,105,64,99,4,11,89,4,3,41,12,4,61,7,4,119,4,7,8,1,0,3,0,18,238,31,122,53
3250598724,1499172380325,1321,9,1,2,2,0,1,2,2,75,12,4,427,11,4,119,4,7,40,4,3,69,6,4,7,0,1,1,0,114,51,64,157,84,115,6,4,236,4,7,107,4,11,5,14,4,412,14,4,2,0,0,1,1,51,84,114,154,86
3317351372,1503612110624,1004,9,1,2,1,0,0,0,0,19,4,11,133,4,14,96,21,4,40,7,4,75,4,12,4,0,0,0,0,42,16,113,238,31,497,4,3,58,12,4,18,7,4,141,4,11,50,14,4,1,0,0,0,0,31,61,117,150,412
3246654818,1498910093577,1487,9,1,1,1,1,1,2,0,56,11,4,29,4,7,117,14,4,43,12,4,10,12,4,9,1,1,2,0,114,119,105,19,154,201,3,4,75,4,12,7,14,4,11,4,11,202,4,7,1,0,0,1,0,154,51,498,53,119
3240185344,1498502982436,2812,9,1,1,2,1,2,2,2,412,3,4,45,4,12,98,12,4,17,11,4,222,4,7,10,2,1,2,0,64,11,122,103,157,89,4,3,18,7,4,69,4,21,58,12,4,32,11,4,7,0,1,3,1,157,99,51,24,105
3289208638,1501789090799,1403,9,1,1,1,1,0,1,0,86,4,12,4,4,14,497,4,3,21,7,4,19,11,4,10,2,0,1,0,412,28,498,61,31,201,3,4,57,12,4,51,7,4,1,4,14,141,11,4,1,0,0,0,0,157,11,119,245,154
3317107437,1503602731430,1214,9,2,2,2,0,0,2,0,245,4,12,427,11,4,164,4,12,12,3,4,222,7,4,1,0,0,0,0,18,57,31,141,40,35,14,11,202,4,7,41,4,12,63,14,4,136,6,4,6,0,0,1,0,113,236,141,29,31
3328614189,1504453937903,2020,9,2,2,2,2,2,2,0,67,4,7,245,11,4,89,4,3,14,4,12,38,14,4,2,0,0,1,0,21,141,59,29,157,150,12,4,22,4,14,99,4,21,1,4,14,77,11,4,8,1,1,2,0,53,75,92,55,157
3266936522,1500237130641,1250,9,2,2,2,2,0,0,2,57,4,11,42,7,4,497,3,4,119,4,7,48,12,4,1,0,0,0,0,126,114,154,121,134,61,4,7,29,4,7,104,4,11,40,3,4,141,4,12,10,3,0,0,1,133,82,126,31,38
3282838521,1501343759846,1980,9,2,2,2,2,2,1,0,236,4,7,164,3,4,32,11,4,75,12,4,85,4,3,3,0,0,1,0,67,122,89,157,141,99,21,4,86,4,14,105,4,11,223,3,4,51,4,7,11,4,1,2,0,114,122,119,1,23
3315750513,1503516850303,2544,9,2,2,1,2,0,2,0,51,4,7,238,14,4,412,3,4,164,11,4,92,12,4,4,0,0,0,0,122,91,157,141,53,236,7,4,267,4,3,32,11,4,61,21,4,54,4,12,10,3,0,2,0,33,31,53,516,157
3320503369,1503852794999,1394,9,1,1,1,0,0,2,0,61,3,4,64,11,4,67,4,7,122,4,12,34,4,3,3,0,0,1,0,516,-1,143,157,240,38,4,14,85,4,14,17,7,4,427,11,4,62,4,14,1,0,0,1,0,-1,40,31,236,-1
3322307945,1503998843383,199,9,1,0,0,0,0,0,0,106,11,4,134,4,21,222,4,7,67,6,4,117,4,3,0,0,0,0,0,51,157,29,31,238,40,3,4,3,4,12,236,4,7,61,21,4,107,4,11,0,0,0,0,0,103,-1,18,75,55
3309075535,1503086039918,2180,9,1,1,1,1,1,1,0,86,12,4,127,4,14,37,4,3,21,4,7,79,4,11,10,2,1,2,0,31,157,122,119,121,59,4,11,84,4,14,51,4,7,421,11,4,99,3,4,2,0,0,0,0,236,238,5,29,122
3329218863,1504473544744,2671,9,2,1,1,1,1,1,1,45,3,4,112,4,7,23,4,12,113,4,11,18,4,7,9,2,1,3,1,29,238,57,114,40,62,4,12,59,4,11,63,14,4,15,4,7,7,14,4,8,2,2,1,0,141,150,154,40,429
3264516467,1500101345900,2509,9,1,2,1,1,1,1,1,119,4,7,23,14,4,30,4,12,121,4,11,53,4,3,11,3,1,3,1,21,25,80,141,105,7,4,12,78,11,4,236,4,7,74,14,4,117,4,14,2,0,1,1,0,79,19,141,238,154
3327369092,1504361547319,2046,9,2,2,2,2,0,2,2,110,7,4,105,4,14,19,4,11,22,7,4,412,4,3,1,0,0,0,0,11,23,131,41,238,157,4,12,91,4,14,222,7,4,102,11,3,37,7,4,9,1,0,4,1,16,67,117,103,6
3323946264,1504110660681,1879,9,2,2,2,2,2,2,0,141,11,4,12,3,4,41,4,12,8,14,4,18,4,7,1,0,0,0,0,53,105,67,157,51,14,3,4,22,4,7,92,12,4,161,4,14,31,4,11,8,2,1,2,0,29,157,119,81,25
3290080511,1501846841735,2135,9,1,1,2,1,1,1,0,22,7,4,61,4,21,75,4,12,143,3,4,79,11,4,11,2,1,2,0,19,29,412,31,64,112,7,4,24,4,12,89,3,4,254,11,4,18,4,7,2,0,0,1,0,6,119,25,122,238
3238431795,1498401628577,1577,9,2,2,2,2,0,2,0,79,14,4,120,11,6,68,12,4,85,7,4,99,3,4,1,0,0,0,0,122,245,105,92,157,31,4,12,131,4,21,51,7,4,3,14,4,254,4,11,10,2,0,3,0,157,27,498,23,154
3287508362,1501677896816,199,9,2,0,0,0,0,0,0,236,4,7,105,4,12,134,4,3,35,3,11,267,3,4,0,0,0,0,0,55,121,122,53,31,92,4,12,412,3,4,222,7,4,45,14,4,64,4,11,0,0,0,0,0,126,31,238,67,86
3261102891,1499873655153,1455,9,2,2,2,2,1,2,2,24,4,12,14,3,4,64,11,4,38,21,4,67,4,7,2,0,1,0,0,154,157,114,51,103,222,7,4,20,4,11,86,12,4,61,4,14,223,3,4,9,2,0,2,1,113,51,11,157,122
3219829707,1497212893996,1313,9,1,2,1,0,0,1,1,29,4,7,432,3,4,120,4,11,17,12,4,115,4,3,6,0,0,1,1,67,254,105,53,85,238,4,14,106,11,6,21,4,7,40,3,4,240,4,12,0,0,0,0,0,55,498,24,114,157
3251720866,1499211408896,1515,9,1,2,1,1,1,1,1,58,12,4,115,4,3,5,4,11,222,7,4,412,14,4,11,3,1,3,1,157,51,117,498,23,16,4,3,64,11,4,85,4,12,67,4,7,38,4,12,3,0,0,0,0,154,51,117,131,114
3232372512,1497996104677,2242,9,2,1,2,0,1,2,0,81,7,4,104,4,11,37,3,4,84,12,4,83,12,4,6,0,1,2,0,92,23,51,105,61,117,4,12,26,4,3,15,7,4,254,11,4,134,14,4,4,0,0,1,0,157,64,105,53,29
3268233127,1500320980753,2074,9,1,1,1,1,1,1,1,2,6,11,23,12,4,412,4,3,38,4,12,202,7,4,11,2,1,3,1,90,203,154,24,54,61,4,21,22,4,7,35,11,14,40,4,3,122,12,4,1,0,0,1,0,51,154,99,3,24
3330659196,1504606288918,1486,9,2,2,2,2,0,2,2,80,4,14,157,14,4,51,4,7,23,11,4,99,4,21,1,0,0,0,0,86,266,122,238,92,3,3,4,67,7,4,89,3,4,203,11,4,50,12,4,11,2,0,2,1,119,21,134,420,64
3326333919,1504293233878,1651,9,1,2,1,0,0,2,0,32,4,11,115,4,14,75,4,12,67,4,7,412,3,4,6,0,0,0,0,89,114,238,420,29,516,4,12,62,11,4,63,14,4,498,7,4,91,4,14,2,0,0,2,0,24,64,90,18,53
3331504631,1504652526326,2111,9,2,2,1,2,2,1,0,254,4,11,432,4,12,92,4,14,18,7,4,89,4,3,5,0,0,2,0,-1,516,154,31,25,17,4,12,64,11,4,96,4,7,40,4,3,157,4,14,9,2,1,2,0,29,41,57,141,119
3322989576,1504042179487,1405,9,1,1,2,0,0,2,0,59,4,12,498,4,7,113,4,11,99,4,21,497,4,3,6,0,0,0,0,119,31,-1,238,157,86,6,14,11,6,7,89,12,21,79,4,11,222,4,7,3,0,0,2,0,84,75,40,122,48
3317183620,1503605029345,2320,9,1,2,1,1,1,1,0,32,11,4,143,4,14,75,4,12,498,4,7,84,14,4,11,4,1,3,0,92,29,103,6,31,150,12,4,18,7,4,90,4,14,53,4,3,5,4,11,5,0,0,0,0,24,238,141,1,11
3259267538,1499779661120,2051,9,1,1,1,1,1,2,2,29,7,4,121,11,4,23,4,14,157,4,14,40,4,3,10,2,1,1,0,240,51,7,114,154,16,4,3,67,4,7,92,12,4,101,4,21,427,4,11,4,0,0,3,1,119,498,64,7,55
3303911543,1502741793916,928,9,2,2,2,2,0,2,2,55,4,14,6,4,12,163,4,14,81,7,4,59,4,11,0,0,0,0,0,154,67,254,238,90,43,14,4,98,4,12,18,7,4,64,11,4,412,14,4,5,1,0,2,1,154,31,40,29,44
3321286107,1503931320979,2338,9,1,1,2,1,1,1,1,84,4,12,102,11,4,117,3,4,96,7,4,236,4,3,9,2,2,6,1,238,16,40,32,18,105,14,4,34,12,4,67,4,7,141,4,11,267,4,3,7,0,0,0,0,16,57,55,24,40
3286939930,1501613519663,2394,9,2,1,2,2,1,2,0,114,4,14,498,4,7,497,4,3,161,4,21,19,4,11,4,0,1,1,0,25,119,122,11,238,64,4,11,412,3,4,67,7,4,62,12,4,112,4,3,9,1,0,2,0,80,61,6,51,35
3326020685,1504274896983,196,9,2,0,0,0,0,0,0,119,7,4,31,4,12,53,4,14,103,4,14,121,4,11,0,0,0,0,0,498,6,141,83,105,67,4,12,134,4,14,19,11,4,115,7,4,164,3,4,0,0,0,0,0,157,154,141,238,38
3327997456,1504403304874,2235,9,1,1,2,1,1,2,0,164,4,12,40,3,4,429,7,4,4,12,4,154,4,11,9,1,1,2,0,16,75,119,31,157,51,4,7,432,14,4,141,4,11,3,12,4,114,4,12,4,0,0,2,0,31,84,157,122,67
3329724379,1504536913305,1210,9,1,1,1,0,0,0,0,83,12,4,59,4,11,103,4,14,12,4,3,110,7,4,4,0,0,0,0,117,17,245,141,498,267,3,4,81,4,7,104,11,4,99,4,12,92,4,12,0,0,0,0,0,53,122,51,141,157
3329920324,1504548906512,1814,9,1,2,1,1,1,1,2,238,4,14,157,4,12,18,4,21,60,11,4,44,4,7,10,3,2,2,0,117,33,429,55,16,19,11,4,412,3,4,110,4,7,59,4,12,8,4,14,2,0,0,0,1,27,202,40,48,117
3323023198,1504043382561,1442,9,2,2,2,0,0,2,0,268,4,21,43,3,4,114,12,4,113,4,11,29,4,7,4,0,0,0,0,31,498,154,40,238,41,3,4,157,4,14,12,14,4,18,7,4,141,11,4,5,0,0,2,0,31,75,238,40,117
3330011938,1504552081029,205,9,1,1,0,0,0,0,0,131,4,14,110,12,6,106,4,3,429,4,7,102,4,11,0,0,0,0,0,1,33,157,53,23,238,4,14,67,4,7,89,3,4,254,4,11,105,12,4,0,0,0,0,0,11,17,19,29,53
3311771928,1503258987795,2186,9,1,1,1,1,0,1,0,44,4,3,75,6,12,76,11,4,245,4,14,18,4,7,10,2,0,2,0,82,131,53,11,21,64,4,11,150,4,12,25,4,14,429,4,7,84,4,14,3,0,0,0,0,99,498,24,79,114
3329775876,1504540100812,1561,9,1,2,1,1,1,1,1,44,4,3,236,4,14,429,7,4,35,14,11,58,4,14,8,2,1,1,1,238,31,55,25,245,23,11,6,80,12,4,157,4,14,412,4,3,18,7,4,1,0,0,0,0,-1,122,516,91,119
3327537691,1504371855634,1917,9,1,2,1,1,1,2,0,61,1,4,56,11,4,38,12,4,236,4,7,37,3,4,8,1,1,1,0,141,18,157,1,55,51,4,7,267,4,3,4,4,14,75,6,12,57,11,4,5,0,0,2,0,11,122,91,29,114
3330127450,1504558681563,2312,9,1,2,1,1,1,1,0,16,3,4,202,7,4,92,12,4,10,12,4,79,11,4,7,1,1,3,0,53,266,28,103,157,76,4,11,67,7,4,150,12,4,90,4,14,63,3,4,3,0,0,0,0,498,122,19,127,412
3265583026,1500153345446,1572,9,1,1,1,1,1,1,0,22,7,4,122,4,12,59,11,4,40,3,4,90,4,14,6,1,1,3,0,38,29,23,498,126,79,4,11,103,4,14,24,4,12,497,4,3,202,7,4,2,0,0,0,0,134,50,154,51,114
3217589928,1497103791561,1131,9,1,2,1,1,0,2,1,103,4,14,254,11,4,157,4,12,40,3,4,236,4,7,10,2,0,1,1,119,99,64,122,154,67,7,4,161,14,4,432,3,4,19,11,4,23,4,12,0,0,0,1,0,54,7,62,122,119
3271885650,1500564351938,2545,9,1,1,1,1,1,1,1,5,4,11,201,4,3,39,4,12,115,4,14,498,4,7,11,3,2,5,1,154,420,69,238,122,51,4,12,2,11,6,1,4,14,202,4,7,53,14,4,7,1,0,0,0,154,122,119,141,23
3325743603,1504233414060,2032,9,2,2,1,2,2,1,0,163,4,3,22,4,7,86,12,4,12,4,3,64,4,11,3,0,0,1,0,157,516,238,23,154,29,4,7,40,3,4,91,4,12,79,11,4,8,6,4,9,2,1,3,0,119,516,56,238,18
3318908949,1503748531486,2113,9,2,2,2,2,2,2,0,82,4,14,40,4,3,51,7,4,11,4,7,114,4,14,2,0,0,0,0,23,53,75,121,31,412,3,4,28,11,4,99,4,21,236,4,7,98,4,12,11,3,1,3,0,238,63,157,105,53
3328005693,1504402860472,1902,9,1,2,1,1,0,1,0,126,4,12,236,14,4,18,7,4,154,11,4,16,4,3,10,3,0,3,0,238,245,40,55,34,8,14,4,51,4,7,44,3,4,12,4,11,157,12,4,1,0,0,0,0,6,122,141,90,11
3328018715,1504407703091,2000,9,1,1,2,1,0,1,1,236,21,4,89,3,4,58,4,14,67,7,4,102,11,4,8,1,0,4,1,119,29,43,6,31,18,7,4,122,4,12,11,11,4,40,3,4,105,4,12,5,0,0,1,0,19,23,157,238,29
3331329369,1504642992310,1563,9,1,1,1,1,1,1,1,29,4,7,245,12,4,104,11,4,53,4,14,23,4,12,11,2,1,3,1,113,-1,31,157,122,8,14,4,33,4,11,40,3,4,75,12,4,202,4,7,1,0,0,0,0,240,38,57,105,18
3272745431,1500646250962,1957,9,2,2,2,2,2,2,0,202,4,7,105,4,14,104,11,4,25,4,14,2,4,12,4,0,0,1,0,51,122,141,23,91,86,4,14,37,7,4,20,4,11,238,4,14,18,7,4,11,4,1,2,0,103,53,164,421,58
3331502127,1504651322999,2013,9,1,1,1,1,1,1,0,222,7,4,43,3,4,117,12,4,11,4,11,10,4,7,10,3,1,2,0,33,238,412,24,31,67,4,7,40,4,3,56,4,11,131,4,14,150,4,12,5,0,0,1,0,122,53,157,29,55
3329571417,1504526633379,1185,9,1,1,1,1,0,1,1,38,4,12,83,12,4,16,7,4,79,11,4,22,7,4,11,3,0,1,1,141,122,105,51,157,24,4,12,81,4,7,154,4,11,267,3,4,131,4,14,0,0,0,0,0,141,96,238,29,157
3306780243,1502929484462,198,9,1,0,0,0,0,0,0,45,14,4,23,6,11,238,4,14,21,4,7,43,3,4,0,0,0,0,0,14,119,7,53,11,222,4,7,68,12,4,141,4,11,157,14,4,412,3,4,0,0,0,0,0,3,119,63,122,75
3291278391,1501944410792,2107,9,1,1,1,1,1,1,1,68,4,12,157,4,14,40,4,3,59,11,4,15,4,7,10,4,1,2,1,57,51,412,31,122,236,7,4,79,11,4,16,3,4,41,4,12,105,4,14,4,0,0,0,0,53,412,141,7,126
3325991577,1504272520094,2255,9,1,2,1,1,2,1,0,202,4,7,69,4,12,59,11,4,79,4,3,131,4,14,8,1,0,4,0,222,55,90,67,119,45,4,12,154,4,11,83,12,4,40,3,4,42,7,4,3,0,1,0,0,122,103,238,157,53
3326260646,1504289268324,1972,9,2,2,2,2,2,1,0,106,12,4,141,4,14,79,4,11,15,4,7,48,4,14,3,0,0,1,0,53,63,157,40,6,18,7,4,62,11,4,164,12,4,117,3,4,245,21,4,7,2,1,1,0,31,75,17,420,122
3240390805,1498510570287,2449,9,1,1,1,1,2,1,1,420,4,12,11,4,11,1,14,4,21,7,4,37,3,4,10,4,1,4,1,51,117,497,157,134,17,12,4,131,4,11,222,4,7,103,4,14,412,4,3,7,1,1,0,0,238,80,122,157,154
3301536593,1502622845068,1905,9,1,2,2,1,1,2,0,83,12,4,1,4,14,202,7,4,25,3,4,57,4,11,9,2,1,1,0,107,238,18,80,134,254,11,4,99,12,4,412,3,4,21,4,7,31,4,12,1,0,0,1,0,19,53,3,38,122
3329301813,1504478025994,969,9,1,1,1,0,0,0,0,150,4,12,134,7,4,15,4,7,154,11,4,12,4,14,3,0,0,0,0,429,76,201,79,18,90,4,12,8,4,14,48,3,4,498,4,7,141,4,11,1,0,0,0,0,60,-1,53,69,516
3329074814,1504464511072,2419,9,2,2,1,2,0,2,0,202,4,7,32,4,3,36,4,12,78,11,4,31,12,4,5,0,0,1,0,114,55,122,141,11,2,6,12,37,4,3,99,4,14,64,11,4,81,7,4,10,2,0,2,0,67,119,238,102,53
3327306825,1504358216899,1899,9,1,2,1,1,2,1,0,119,7,4,33,4,11,86,4,14,61,4,21,44,4,12,10,3,0,1,0,141,223,51,40,18,68,12,4,16,3,4,99,7,4,60,4,11,67,4,7,2,0,1,1,0,57,412,113,31,238
3325944268,1504270275652,1910,9,2,2,2,2,2,1,0,18,4,7,91,4,14,68,12,4,11,11,4,89,3,4,1,0,0,1,0,90,64,53,17,31,74,4,14,40,3,4,59,4,12,113,11,4,51,7,4,11,3,2,2,0,29,57,119,157,31
3259852827,1499794729822,1880,9,1,1,2,1,1,2,2,58,4,12,105,4,14,236,7,4,11,11,4,40,3,4,6,1,1,0,0,134,61,119,122,154,157,4,12,202,4,7,127,14,4,412,14,4,79,11,4,5,0,0,3,1,51,7,29,42,154
3251306869,1499195289700,1681,9,1,1,1,1,0,0,2,112,6,4,126,4,12,45,4,14,1,4,7,203,4,11,9,1,0,0,0,498,157,63,121,238,117,4,3,67,4,7,2,11,4,17,12,4,41,12,4,1,0,0,0,1,29,53,122,21,22
3260154838,1499806610399,2227,9,1,2,2,1,1,2,1,105,14,4,53,4,14,81,7,4,86,12,4,121,4,11,10,3,1,3,1,122,498,25,23,11,24,4,11,98,12,4,268,4,14,412,3,4,202,7,4,2,0,0,2,0,119,122,7,154,64
3319193496,1503765299864,1622,9,2,2,1,2,2,1,2,86,4,12,222,4,7,104,11,4,238,4,14,16,3,4,2,0,0,1,0,412,157,40,29,105,117,3,4,24,12,4,67,4,7,90,4,3,131,11,4,10,2,1,1,1,141,114,134,51,516
3324239752,1504128664377,1861,9,2,2,2,2,2,2,0,99,14,4,37,3,4,51,4,7,141,4,11,75,6,12,3,0,0,1,0,28,11,53,67,9,267,4,3,22,7,4,59,12,4,121,4,11,38,4,12,8,1,1,1,0,25,31,122,516,29
3327782333,1504384709885,1603,9,1,2,1,1,0,1,1,497,3,4,141,11,4,122,4,12,238,14,4,51,7,4,10,2,0,2,1,16,40,103,114,119,161,21,4,98,4,12,15,4,7,44,4,14,113,4,11,2,0,0,0,0,31,245,18,40,29
3321226874,1503928614727,2029,9,1,1,1,1,1,1,0,516,11,4,15,7,4,115,4,21,80,4,12,32,4,3,8,1,1,3,0,36,238,105,29,157,21,7,4,25,4,12,16,3,4,76,4,12,64,11,4,3,0,0,0,0,157,69,134,31,40
3324830999,1504193503034,1885,9,1,2,2,1,1,2,2,105,14,4,150,4,12,117,4,3,110,4,7,31,11,4,10,2,1,0,0,222,498,157,53,80,254,11,4,122,4,12,134,21,4,42,4,7,143,4,3,3,0,0,2,1,112,55,141,18,36
3331068183,1504628533124,1834,9,2,1,2,2,2,1,0,115,4,12,40,4,3,516,11,4,57,12,4,96,7,4,1,0,0,3,0,18,31,117,53,34,412,3,4,119,7,4,33,11,4,420,12,4,61,7,4,9,2,1,0,0,122,7,29,141,84
3281065694,1501200224132,1526,9,1,2,1,1,0,1,0,29,7,4,107,11,4,164,4,12,131,4,12,12,4,3,10,2,0,2,0,157,105,238,122,114,8,4,6,37,4,3,126,12,4,64,4,11,81,7,4,1,0,0,0,0,36,141,238,84,21
3296100631,1502278039170,2469,9,2,1,2,2,1,1,0,238,14,4,6,12,4,56,4,11,37,3,4,18,7,4,4,0,1,3,0,141,143,99,31,154,222,4,7,12,4,3,121,4,11,41,12,4,268,3,4,10,2,0,1,0,412,51,157,40,141
3327755703,1504383257115,1844,9,2,1,2,2,2,2,2,51,4,7,79,14,4,201,3,4,31,4,12,141,4,11,0,0,0,0,0,117,119,40,154,122,11,4,11,267,4,14,83,12,4,498,4,7,4,4,6,11,3,1,4,1,117,18,29,105,16
3330068836,1504556249602,1334,9,2,2,2,2,0,2,0,21,7,4,45,4,6,75,4,11,412,4,3,8,4,12,0,0,0,0,0,1,67,238,48,122,40,4,3,68,4,12,29,7,4,56,4,11,84,4,14,11,2,0,1,0,17,-1,157,-1,-1
3330336045,1504570490103,969,9,1,1,1,0,0,1,0,201,3,4,222,7,4,41,12,4,64,11,4,79,4,14,2,0,0,1,0,516,117,84,29,238,75,12,4,141,4,11,497,3,4,18,4,7,157,3,4,0,0,0,0,0,91,3,33,238,122
3286155791,1501584359221,2331,9,2,2,2,2,1,2,0,268,4,3,117,3,4,48,12,4,222,4,7,64,11,4,3,0,1,0,0,31,238,63,5,134,50,4,12,53,4,3,33,11,4,202,4,7,157,4,14,11,4,1,4,0,122,498,8,154,31
3331119539,1504631791153,2174,9,1,1,2,1,2,2,0,107,11,4,115,7,4,41,4,12,238,4,14,432,14,4,7,2,0,1,0,122,79,25,157,92,5,4,11,24,4,12,412,4,14,67,4,7,236,3,4,2,0,1,3,0,157,119,75,516,63
3288201323,1501699692962,1831,9,2,2,1,2,0,2,1,412,3,4,54,4,14,202,7,4,5,11,4,126,12,4,4,0,0,2,1,53,23,64,141,58,31,4,12,29,4,7,62,4,12,41,3,4,89,4,14,7,1,0,2,0,122,91,67,117,238
3273665991,1500680089453,1398,9,1,1,1,1,0,1,2,63,4,3,119,4,7,120,11,4,127,4,6,114,4,12,10,2,0,2,0,154,37,134,238,157,163,4,14,64,11,4,80,14,4,267,3,4,18,7,4,1,0,0,0,1,238,420,89,19,31
3320530107,1503854829409,1637,9,2,2,2,2,2,1,2,89,3,4,122,4,12,11,4,11,61,4,7,202,4,7,2,0,0,1,0,40,31,412,92,57,41,4,14,64,11,4,119,4,7,267,4,3,90,12,4,10,2,1,2,1,53,157,412,40,516
3324155871,1504122336129,1923,9,1,2,2,1,1,2,1,99,14,4,78,3,4,202,4,7,19,11,4,141,12,4,9,2,1,2,1,238,31,154,117,18,59,11,4,58,12,4,412,3,4,236,7,4,245,14,4,4,0,0,2,0,25,31,238,497,420
3321083859,1503916128332,1247,9,1,1,1,0,1,1,1,429,4,7,37,14,4,59,4,11,99,7,4,516,4,12,5,0,1,1,1,96,245,157,238,119,141,4,11,41,4,12,432,3,4,122,12,4,67,4,7,0,0,0,0,0,157,79,53,75,105
3303813054,1502737955293,2144,9,2,2,2,2,0,2,2,133,14,4,25,3,4,64,11,4,55,14,4,112,4,14,3,0,0,1,0,17,53,154,238,122,21,4,7,63,14,4,10,4,11,40,3,4,141,11,4,11,3,0,3,1,91,6,53,11,51
3246796528,1498918904408,1508,9,2,1,2,2,2,2,2,122,12,4,64,4,11,163,4,14,43,3,4,202,4,7,0,0,0,0,0,238,157,51,119,3,34,12,4,18,4,7,117,4,3,103,4,14,121,4,11,9,2,1,2,1,134,53,238,67,113
3317001937,1503596356123,1760,9,2,1,1,2,2,1,1,157,12,4,51,4,7,134,14,4,421,11,4,37,3,4,2,0,0,1,1,59,39,67,75,516,64,4,11,62,4,12,115,4,21,21,4,7,267,4,3,8,1,1,2,0,18,67,31,141,497
3311956331,1503270541619,2486,9,2,2,2,2,2,1,1,59,12,4,113,11,4,18,7,4,37,14,4,30,4,3,4,0,1,3,1,53,157,19,114,40,33,11,4,21,7,4,412,14,4,41,12,4,238,4,14,9,3,1,2,0,75,31,57,29,202
3322023804,1503964351338,1785,9,1,2,1,1,2,1,1,42,4,3,121,11,4,48,3,4,498,4,7,126,4,12,11,3,0,2,1,18,-1,-1,266,-1,98,4,12,29,7,4,412,14,4,79,11,4,91,4,14,1,0,1,0,0,31,7,119,429,69
3330165279,1504561047390,198,9,2,1,0,0,0,0,0,64,11,4,10,4,12,131,4,12,412,3,4,110,4,7,0,0,0,0,0,90,122,432,31,53,85,4,14,81,7,4,41,4,12,44,4,12,76,4,11,0,0,0,0,0,157,53,80,75,-1
3277540213,1500989842564,2056,9,1,1,2,1,0,2,2,86,14,4,12,3,4,45,4,12,98,4,11,18,4,7,7,1,0,1,0,201,6,238,420,157,202,4,7,11,11,4,55,3,4,58,4,12,20,3,4,7,1,0,3,1,122,53,157,24,31
3275913304,1500849648173,1989,9,2,2,1,2,0,1,0,39,4,12,99,21,4,117,3,4,96,4,7,80,11,4,5,0,0,1,0,24,157,141,53,58,40,3,4,67,4,7,41,3,4,126,12,4,79,4,11,5,1,0,1,0,3,51,55,238,114
3310885991,1503195668231,1489,9,2,2,2,2,0,2,0,43,4,3,111,3,4,18,7,4,245,4,12,102,4,11,1,0,0,0,0,105,157,3,141,75,122,12,4,103,4,14,51,4,7,99,4,3,64,4,11,9,2,0,1,0,57,25,157,498,83
3322464196,1504011093468,1523,9,2,1,2,0,0,2,0,202,4,7,267,3,4,92,4,12,203,11,4,42,3,4,0,0,0,1,0,122,5,103,53,64,61,4,21,59,11,4,102,3,12,63,3,4,222,4,7,4,0,0,1,0,236,24,99,45,74
3321138036,1503922281726,1521,9,1,1,1,1,0,1,0,57,11,4,25,4,14,18,7,4,164,12,4,30,4,3,10,1,0,2,0,83,69,40,31,117,98,4,12,236,4,7,68,11,4,81,4,7,412,14,4,1,0,0,0,0,60,31,421,40,429
3307393080,1502988357162,1713,9,1,1,1,1,0,1,0,16,7,4,19,4,11,103,4,14,104,12,4,222,4,7,7,1,0,2,0,17,157,53,37,67,11,12,11,3,4,12,141,12,4,81,7,4,267,4,3,0,0,0,0,0,63,51,420,24,412
3315734875,1503518421917,2174,9,1,1,1,1,2,2,2,141,4,11,92,12,4,89,4,3,202,4,7,103,4,14,10,2,0,2,0,40,75,31,1,238,4,4,6,223,3,4,102,12,4,79,11,4,96,4,7,3,0,1,2,1,53,31,63,119,113
3302346180,1502656586532,1235,9,2,2,2,0,0,2,2,69,3,4,29,4,7,117,4,3,98,12,4,60,11,4,0,0,0,0,0,31,11,141,18,40,64,11,4,157,12,4,67,4,7,412,4,3,7,4,14,6,0,0,3,1,105,51,31,38,57
3237665616,1498333287860,1458,9,1,1,1,0,0,1,0,29,7,4,25,4,3,106,12,4,4,4,14,9,4,11,6,0,0,1,0,42,122,89,222,105,238,4,14,58,4,12,99,3,4,11,11,4,22,7,4,2,0,0,0,0,8,157,245,51,53
3323845725,1504107294074,1431,9,2,2,1,0,0,2,2,11,11,4,81,6,4,62,12,4,236,4,7,89,4,3,2,0,0,0,0,63,18,157,53,119,98,4,3,92,4,14,76,4,11,126,4,12,498,4,3,5,0,0,1,1,141,53,122,516,131
3319722948,1503821980547,2519,9,2,2,2,1,2,2,1,54,4,12,11,11,4,18,4,7,40,4,3,91,4,14,7,1,0,1,1,154,29,105,75,103,55,14,4,19,11,4,114,12,4,15,4,7,16,3,4,10,2,2,3,0,157,238,31,412,29
3249988943,1499108914356,1542,9,2,1,1,2,2,2,2,240,12,4,157,14,4,254,11,4,236,7,4,53,14,4,2,0,0,0,0,117,51,92,498,154,21,4,7,412,14,4,421,11,4,42,3,4,54,4,12,10,1,1,2,1,51,29,7,117,114
3319658261,1503813332512,1808,9,2,2,1,2,1,2,2,1,4,3,516,11,4,157,4,14,41,12,4,51,7,4,4,1,1,0,0,25,238,122,75,-1,5,11,4,119,7,4,90,14,4,92,4,12,27,11,6,10,2,0,3,1,266,53,104,238,19
3311426192,1503244614522,2933,9,2,2,2,2,1,1,2,33,4,11,143,3,4,222,7,4,92,12,4,90,4,3,11,7,3,1,0,40,157,64,122,31,84,4,14,37,4,14,86,4,12,21,4,7,121,11,4,11,7,0,4,1,11,31,64,157,150
3241040482,1498566525025,995,9,2,2,2,0,0,2,0,62,12,4,236,7,4,35,11,14,222,7,4,161,4,3,1,0,0,0,0,114,25,497,117,38,150,4,12,36,11,4,4,4,12,119,4,7,412,4,14,4,0,0,1,0,114,154,7,238,157
3321305080,1503933826986,1715,9,2,2,2,2,2,2,2,92,4,12,64,11,4,10,1,4,89,4,3,429,7,4,1,0,0,0,0,31,154,18,121,117,53,14,4,103,4,14,80,4,14,11,11,4,67,7,4,11,3,1,3,1,40,18,15,57,117
3327534502,1504370871139,2837,9,2,1,2,1,2,1,0,164,4,12,98,14,4,143,4,3,18,7,4,62,11,4,9,4,0,2,0,238,122,420,40,157,26,3,4,64,4,11,516,12,4,67,4,7,99,7,4,8,1,3,2,0,16,122,29,238,31
3252996427,1499328343512,1151,9,1,1,1,1,0,2,0,64,11,4,29,7,4,61,4,14,25,12,4,53,4,3,9,2,0,0,0,114,157,7,154,119,90,4,3,498,4,7,69,4,6,24,4,12,254,11,4,0,0,0,1,0,11,51,38,119,154
3302844204,1502680439126,1681,9,2,2,2,2,0,2,2,12,4,3,22,4,7,113,11,4,41,12,4,1,14,4,2,0,0,0,0,40,114,67,31,51,8,4,6,164,12,4,102,4,11,29,4,7,117,3,4,10,2,0,3,1,59,64,92,31,16
3314127110,1503426874643,2082,9,1,2,1,1,0,1,1,55,14,4,412,14,4,64,4,11,202,4,7,240,4,12,11,4,0,4,1,141,38,23,25,19,254,4,11,10,4,12,268,21,4,67,4,7,267,3,4,0,0,0,0,0,113,29,40,57,18
3322394655,1504007448169,1726,9,1,1,1,1,1,1,0,10,4,12,99,3,4,18,4,7,39,4,3,154,4,11,11,3,1,2,0,53,105,122,58,21,14,4,11,86,4,12,498,7,4,497,4,3,45,21,4,0,0,0,0,0,57,31,75,29,122
3264224871,1500067271867,1808,9,1,1,1,1,0,1,1,240,4,12,22,4,7,143,4,14,107,4,11,50,14,4,10,2,0,2,1,122,51,58,141,157,245,12,4,117,4,3,79,11,4,21,7,4,91,4,14,0,0,0,0,0,53,64,203,122,81
3328211714,1504437919329,2080,9,1,1,1,1,0,2,0,104,12,4,18,7,4,37,4,3,59,4,11,1,4,14,10,2,0,1,0,67,238,11,91,157,96,4,7,117,3,4,45,4,12,32,11,4,14,12,4,5,1,0,1,0,238,154,17,240,157
3324611624,1504180715282,1687,9,2,1,2,2,2,2,2,412,3,4,222,4,7,516,12,4,61,21,4,33,4,11,0,0,0,0,0,122,51,67,53,18,19,11,4,15,4,7,99,3,4,157,12,4,245,4,12,11,3,1,3,1,67,90,238,53,105
3263608708,1500032999017,1293,9,1,1,1,1,0,1,1,11,4,11,236,4,7,17,14,4,103,14,4,53,4,3,11,3,0,3,1,23,122,154,157,105,35,11,14,45,4,14,222,4,7,40,4,3,75,4,12,0,0,0,0,0,141,238,61,51,157
3317643338,1503660042320,2449,9,2,1,1,1,2,1,0,412,3,4,18,7,4,238,4,14,75,4,12,19,11,4,7,1,0,5,0,516,58,61,92,122,236,7,4,60,11,4,268,21,4,114,4,12,37,3,4,9,2,2,0,0,31,40,105,96,141
3305519954,1502838577221,1848,9,1,1,1,1,2,1,1,18,4,7,238,14,4,40,3,4,19,11,4,69,4,3,9,2,0,4,1,31,55,16,84,105,117,4,3,61,21,4,121,11,4,22,4,7,164,4,12,0,0,1,0,0,141,57,114,157,75
3291622324,1501952397482,1210,9,2,2,2,2,0,2,2,81,4,7,134,4,3,24,4,12,64,4,11,44,3,4,0,0,0,0,0,29,38,79,113,238,106,11,4,202,4,7,143,3,4,7,4,14,150,12,4,10,2,0,2,1,141,75,57,157,6
3257297032,1499624746928,204,9,2,0,0,0,0,0,0,161,6,4,23,12,4,121,11,4,53,4,3,110,4,7,0,0,0,0,0,498,38,11,154,157,92,12,4,24,4,11,101,4,12,40,4,3,42,4,7,0,0,0,0,0,7,154,119,113,114
3328928281,1504460146235,2053,9,2,1,2,2,2,2,0,32,11,4,157,3,4,62,14,4,202,7,4,201,4,3,1,0,0,0,0,141,29,64,516,114,27,12,6,53,3,4,5,4,11,67,7,4,161,3,4,9,1,1,3,0,103,498,17,141,18
3271049321,1500506757785,1135,9,2,2,2,0,0,2,2,254,4,11,99,21,4,25,3,4,236,4,7,27,6,12,0,0,0,0,0,-1,7,117,51,122,90,4,14,19,11,4,61,4,3,17,12,4,222,7,4,4,0,0,3,1,79,34,23,21,141
3325278205,1504210033284,2970,9,1,2,2,2,1,1,2,2,4,12,91,4,14,412,3,4,154,11,4,236,7,4,11,1,2,5,0,157,31,40,37,105,67,4,7,117,4,3,63,14,4,126,4,14,102,4,11,9,2,0,1,1,5,40,18,238,31
3283746726,1501402201499,1293,9,1,1,1,1,0,1,1,56,11,4,222,4,7,412,14,4,163,6,4,80,4,12,10,2,0,1,1,114,40,57,157,141,75,4,12,117,3,4,67,4,7,61,21,4,64,11,4,2,0,0,0,0,6,31,38,238,90
3331020406,1504626116741,1621,9,1,1,1,1,0,1,0,21,7,4,201,3,4,99,4,21,420,4,12,59,4,11,10,1,0,2,0,240,157,79,18,40,134,14,4,102,4,11,23,14,4,117,4,3,15,4,7,0,0,0,0,0,238,150,516,50,106
3307790409,1503000893592,1755,9,2,2,2,2,0,2,2,19,4,11,13,4,6,51,7,4,432,4,14,41,4,12,1,0,0,0,0,24,16,117,40,31,79,4,12,64,11,4,53,4,14,222,4,7,34,12,4,9,2,0,4,1,57,3,31,18,119
3328239258,1504442771659,1876,9,2,2,2,2,2,1,0,80,11,4,84,4,12,497,4,3,18,7,4,38,12,4,1,0,0,2,0,119,122,16,90,157,29,4,7,19,11,4,143,3,4,69,6,4,92,4,12,10,2,1,1,0,154,31,122,117,157
3258582252,1499707643523,2180,9,2,1,1,2,0,1,2,74,4,14,76,4,11,53,3,4,22,4,7,62,4,12,6,0,0,1,0,63,64,105,11,245,432,4,3,50,4,12,81,4,7,61,4,14,107,11,4,8,1,0,2,1,29,119,67,114,154
3322523496,1504014415281,2727,9,1,2,1,2,2,1,0,21,7,4,91,4,14,89,4,3,141,4,11,17,12,4,11,2,1,2,0,122,119,11,29,117,202,7,4,103,4,14,201,4,3,24,11,4,82,4,12,7,1,1,2,0,90,31,23,119,39
3295028235,1502208286114,1485,9,1,1,1,1,1,1,1,98,4,12,61,4,7,412,4,3,92,4,11,202,4,7,8,1,1,1,1,31,119,157,57,6,18,4,7,26,4,3,55,14,4,41,4,12,9,11,4,1,0,0,1,0,38,122,141,90,75
3328786552,1504457091681,2083,9,1,2,1,1,2,1,1,4,4,6,32,4,11,12,3,4,98,4,12,222,4,7,9,1,0,2,1,238,75,11,40,51,38,4,12,25,3,4,29,4,7,56,11,4,157,12,4,3,0,1,1,0,141,131,420,11,119
3325497655,1504212834506,1847,9,2,1,2,2,0,2,0,516,4,12,141,4,11,16,7,4,29,7,4,84,4,14,1,0,0,0,0,27,64,53,103,429,498,7,4,497,3,4,245,12,4,54,11,4,6,4,12,10,2,0,1,0,267,131,122,105,35
3274501486,1500758865720,2108,9,1,1,1,1,2,2,0,21,4,7,79,4,11,236,4,12,8,14,4,25,14,4,8,1,0,1,0,-1,31,51,6,266,60,4,11,432,3,4,39,12,4,45,7,4,84,4,12,3,0,1,2,0,141,117,240,38,238
3249185595,1499085312114,2017,9,1,1,2,1,0,2,1,38,4,14,75,12,4,429,7,4,53,4,3,56,11,4,11,3,0,1,1,134,24,91,51,29,157,4,14,64,4,11,25,3,4,119,7,4,61,4,21,4,0,0,3,0,29,23,122,238,412
3306765370,1502925104255,2002,9,1,1,2,1,0,1,0,157,4,11,31,4,14,67,4,7,25,4,3,17,12,4,8,1,0,2,0,141,238,24,11,53,78,11,6,51,4,12,4,4,14,21,4,7,412,4,3,3,0,0,1,0,33,141,90,6,122
3320678878,1503862446129,2220,9,2,2,1,2,1,2,2,43,4,3,29,4,7,79,4,11,105,12,4,114,4,12,5,0,2,0,0,59,16,18,40,38,80,12,4,8,14,4,64,4,11,119,4,7,432,3,4,8,2,0,5,1,53,157,117,51,516
3324367590,1504136134567,1865,9,1,2,1,1,1,2,2,222,4,7,122,12,4,254,11,4,89,4,3,136,4,3,8,1,1,3,0,44,238,498,23,105,59,12,4,21,7,4,72,11,4,103,4,14,25,4,3,3,0,0,1,1,2,67,16,11,29
3310996140,1503221239228,1863,9,2,2,2,2,0,2,0,157,12,4,51,4,7,53,3,4,23,4,11,4,4,14,1,0,0,0,0,24,119,122,134,5,74,4,12,25,3,4,141,11,14,202,4,7,17,4,14,11,3,0,3,0,236,80,11,55,238
3326080734,1504277844868,1974,9,1,1,2,1,1,1,0,267,4,3,28,11,4,119,7,4,126,4,12,84,4,12,8,1,1,3,0,238,154,122,141,117,498,7,4,79,11,4,412,14,4,33,12,4,99,21,4,3,0,0,0,0,80,117,29,18,40
3329632759,1504530837645,1386,9,2,1,2,2,0,2,0,29,4,7,89,3,4,516,12,4,54,4,14,11,11,4,0,0,0,0,0,53,154,40,31,122,141,4,11,114,4,12,51,4,7,245,4,12,37,4,3,10,2,0,2,0,412,31,122,238,64
3314298061,1503434767065,1471,9,1,2,2,1,0,1,0,59,11,4,141,4,12,16,7,4,136,21,4,429,4,7,7,1,0,2,0,157,29,11,117,40,105,14,4,18,7,4,89,3,4,2,12,4,121,4,11,1,0,0,1,0,157,119,245,75,40
3327863340,1504388035857,1744,9,2,2,2,2,0,2,0,96,4,7,26,4,3,78,4,12,79,11,4,134,4,6,2,0,0,0,0,92,141,113,157,67,136,3,4,29,4,7,75,4,12,107,11,4,40,3,4,11,3,0,2,0,105,31,412,103,3
3267537238,1500304547383,1535,9,2,2,2,2,2,2,0,103,4,14,41,21,4,11,11,4,202,7,4,92,4,12,1,0,0,0,0,157,29,64,42,420,222,7,4,131,11,4,53,4,3,30,4,12,85,14,4,10,2,1,3,0,29,119,157,8,64
3255157448,1499460264772,1660,9,1,1,1,1,0,1,1,62,4,12,107,11,4,7,4,12,222,4,7,143,3,4,10,2,0,3,1,122,157,63,38,39,113,11,4,34,4,14,267,4,14,18,4,7,54,4,12,1,0,0,0,0,114,119,157,134,53
3270642629,1500481333296,2574,9,1,1,2,1,2,2,0,80,14,4,115,4,12,17,4,11,14,3,4,21,7,4,8,1,1,1,0,122,238,412,53,114,497,14,4,119,7,4,157,14,4,60,4,11,86,12,4,5,0,1,2,0,113,38,122,8,90
3241664318,1498590360207,2232,9,1,2,2,1,1,1,1,121,4,11,37,14,4,41,3,4,22,7,4,1,14,4,10,2,2,3,1,498,39,29,154,114,5,4,11,119,7,4,157,12,4,7,1,4,432,4,14,3,0,0,1,0,51,61,69,114,105
3320500995,1503852119231,1660,9,1,2,2,1,1,2,0,40,3,4,29,4,7,113,11,4,33,12,4,134,4,6,7,1,1,1,0,117,412,16,84,122,12,4,14,60,11,4,4,4,3,18,4,7,75,4,12,5,0,0,1,0,91,119,16,157,117
3262589666,1499966540283,2678,9,2,1,1,2,1,2,0,245,4,14,17,4,12,51,7,4,24,4,11,44,4,3,6,1,1,1,0,89,157,141,84,23,238,14,4,27,6,12,32,11,4,53,4,3,236,4,7,10,3,0,3,0,122,154,25,11,114
3326112788,1504280954373,2051,9,1,2,2,1,1,1,2,69,6,4,10,12,4,120,4,11,67,4,7,40,3,4,5,1,1,2,0,119,35,53,157,28,117,4,3,21,4,7,5,4,7,91,4,14,427,4,11,4,0,0,0,1,238,64,134,157,11
3328164837,1504435557171,2294,9,1,2,1,1,1,1,0,122,12,4,79,11,4,89,4,3,51,4,7,4,4,14,8,1,1,2,0,119,141,154,33,157,55,14,4,67,4,7,201,4,3,39,4,12,19,11,4,5,0,1,2,0,141,34,40,1,107
3313622588,1503395520758,2590,9,1,1,1,1,2,2,0,5,4,11,54,12,4,40,4,3,18,7,4,8,4,14,11,4,1,0,0,11,420,141,-1,157,136,21,4,12,4,3,126,12,4,236,7,4,32,4,11,5,1,1,5,0,420,17,51,7,23
3329879498,1504546612466,1908,9,2,1,2,2,2,2,0,18,7,4,412,14,4,50,4,12,81,11,4,245,14,4,1,0,0,0,0,7,31,113,29,119,30,3,4,57,4,12,59,11,4,117,3,4,222,7,4,8,1,1,3,0,16,31,141,238,122
3327789940,1504386722483,1749,9,1,1,1,1,0,2,0,141,11,4,61,4,21,78,12,4,67,4,7,43,3,4,10,2,0,2,0,10,117,40,80,29,113,11,4,202,21,4,16,4,7,58,12,4,236,4,14,2,0,0,1,0,238,31,11,498,40
3322559004,1504018965468,1809,9,2,2,2,2,0,1,1,34,4,14,50,4,12,96,4,7,412,3,4,141,4,11,3,0,0,1,1,113,40,157,29,154,267,4,3,8,4,6,18,4,7,17,12,4,79,4,11,9,1,0,2,0,-1,117,31,55,122
3312039020,1503292043785,2570,9,2,1,1,2,0,1,1,236,4,7,44,4,3,76,11,4,24,4,14,75,4,12,4,0,0,2,1,412,141,11,150,7,64,4,11,25,3,4,4,21,4,92,12,4,18,7,4,9,3,0,2,0,40,103,23,31,119
3293932522,1502132087103,1900,9,2,1,1,0,0,1,0,113,11,4,40,4,3,79,12,4,51,4,7,115,4,21,2,0,0,1,0,119,141,238,122,75,127,4,12,150,4,12,18,4,7,24,4,11,117,3,4,4,0,0,2,0,154,31,119,38,157
3328235609,1504441710768,1461,9,1,1,1,1,0,1,0,59,14,4,29,7,4,16,4,3,74,21,4,154,4,11,10,2,0,2,0,9,157,55,40,18,79,4,11,36,12,6,117,3,4,105,14,4,222,7,4,0,0,0,0,0,131,11,75,18,67
3292559292,1502040926830,1920,9,1,2,2,1,1,1,2,25,3,4,57,11,4,157,12,4,18,7,4,38,4,21,11,3,1,1,0,51,154,119,31,40,67,4,7,89,4,14,84,12,4,5,11,4,61,4,21,3,0,0,2,1,75,238,58,16,31
3324657532,1504186406599,1958,9,1,1,1,0,0,1,0,254,4,11,92,12,4,238,4,14,119,4,7,99,3,4,7,0,0,1,0,18,141,164,29,75,154,11,4,17,3,4,498,7,4,10,3,4,41,4,12,1,0,0,0,0,63,157,122,117,67
3323679368,1504105611875,2022,9,1,1,1,1,2,2,1,34,12,4,223,4,3,90,4,12,59,11,4,202,4,7,10,2,1,1,1,38,18,150,141,29,63,4,14,427,11,4,31,4,12,119,4,7,3,4,12,2,0,1,2,0,7,412,40,117,53
3239754963,1498481621281,1104,9,1,1,1,1,0,2,1,101,4,3,236,4,7,63,3,4,58,4,12,64,4,11,8,1,0,0,1,105,157,117,29,114,38,4,14,254,11,4,23,3,4,119,4,7,412,14,4,0,0,0,1,0,92,51,117,84,29
3261161948,1499876590482,1656,9,2,2,2,2,2,2,2,26,4,3,102,11,4,103,4,14,240,4,12,67,4,7,3,0,0,0,0,157,122,29,141,114,31,14,4,64,4,11,429,4,7,44,3,4,24,12,4,9,1,1,3,1,154,19,91,29,51
3331315341,1504641765145,1696,9,2,2,2,2,0,1,0,92,12,4,59,11,4,1,3,4,202,7,4,53,4,3,1,0,0,1,0,18,91,141,266,31,238,4,14,75,12,4,497,3,4,131,4,11,222,4,7,10,2,0,1,0,90,40,16,55,157
3330364529,1504570839595,2935,9,2,1,1,1,1,1,0,104,4,11,266,4,6,21,7,4,81,4,14,57,4,14,9,1,2,3,0,51,84,31,119,18,432,3,4,99,4,21,110,4,7,126,4,12,141,11,4,10,1,0,1,0,84,157,89,23,122
3320570783,1503854987516,1603,9,1,1,1,1,1,1,1,202,7,4,6,4,12,1,4,14,64,4,11,63,14,4,9,1,1,3,1,11,24,122,40,67,113,4,11,516,4,12,45,4,12,201,3,4,18,4,7,0,0,0,0,0,67,90,16,114,53
3300780296,1502563993732,1698,9,1,2,1,1,2,1,2,59,4,12,61,4,6,106,4,11,497,4,3,67,4,7,10,2,0,3,0,7,25,117,75,238,64,4,11,18,7,4,99,21,4,23,4,14,63,4,14,5,1,1,0,1,19,40,157,53,75
3314197843,1503430756256,2095,9,2,2,1,2,2,1,2,429,7,4,238,14,4,35,11,14,63,4,3,23,6,12,5,0,0,3,0,117,31,119,497,6,127,14,4,67,7,4,8,12,4,64,4,11,40,3,4,10,2,1,0,1,55,31,18,163,105
3252211186,1499271408213,1532,9,1,1,1,1,1,1,0,119,4,7,24,11,4,133,4,14,143,3,4,69,4,14,7,1,1,2,0,157,238,412,92,122,78,4,3,84,4,12,61,6,4,67,4,7,5,11,4,1,0,0,1,0,55,34,51,236,122
3331122188,1504629752175,1004,9,2,2,2,2,0,2,2,45,3,4,98,4,12,117,4,3,82,4,11,429,7,4,0,0,0,0,0,113,157,29,498,497,43,4,12,79,4,11,412,14,4,18,4,7,238,12,4,10,2,0,2,1,38,40,60,31,59
3327580660,1504372762202,1846,9,1,1,1,1,1,2,0,267,3,4,121,11,4,4,4,14,18,4,7,83,12,4,11,3,1,3,0,40,157,29,141,114,98,4,12,15,4,7,24,4,11,10,4,6,37,3,4,1,0,0,1,0,40,92,122,29,11
3324971841,1504202612606,1627,9,2,1,2,2,2,2,0,498,7,4,25,4,14,42,4,12,78,4,12,203,4,11,1,0,0,0,0,29,91,40,18,150,90,4,12,161,3,4,113,11,4,22,4,7,92,12,4,11,3,1,2,0,497,38,96,60,29
3324830477,1504193448478,2290,9,1,1,1,1,1,1,1,134,4,3,81,7,4,117,4,3,29,4,11,41,4,12,10,4,2,5,1,121,16,113,498,18,223,4,3,222,4,7,157,4,12,131,12,4,59,4,11,1,0,0,0,0,238,38,40,16,18
3324944930,1504200741719,1008,9,1,1,1,0,0,1,0,67,4,7,45,4,21,79,11,4,40,4,3,92,4,12,2,0,0,1,0,516,11,154,238,16,31,4,11,412,4,3,112,4,6,51,4,7,164,4,12,0,0,0,0,0,238,119,18,157,63
3326435183,1504298706455,2034,9,2,2,2,2,0,2,2,3,12,4,57,4,11,163,7,4,67,4,7,412,3,4,2,0,0,0,0,114,238,11,31,25,59,4,11,157,4,12,89,4,14,498,4,7,268,4,12,9,3,0,2,1,126,238,497,516,117
3319876462,1503837301853,1847,9,1,2,1,1,0,1,0,429,7,4,516,3,4,56,11,4,63,12,4,78,4,12,7,1,0,2,0,40,91,75,23,31,141,4,11,30,4,12,53,3,4,92,4,12,67,4,7,0,0,0,2,0,31,16,11,17,114
3322731927,1504026092028,1997,9,1,2,2,2,1,2,2,19,11,4,99,21,4,62,4,14,29,7,4,497,4,3,9,2,2,3,0,154,113,40,92,141,254,11,4,44,4,3,51,7,4,24,4,12,134,4,1,8,2,0,1,1,59,40,238,117,18
3324131844,1504120960502,2184,9,1,1,1,1,2,2,1,81,4,7,112,4,6,33,11,4,126,4,12,201,4,3,9,1,0,2,1,57,157,412,141,29,161,3,4,516,3,4,96,7,4,64,4,11,133,4,14,5,0,1,2,0,16,57,60,40,31
3327932235,1504393811710,2466,9,1,2,1,1,1,2,1,29,4,7,516,4,14,117,3,4,161,4,21,104,4,11,8,3,1,3,1,-1,202,31,103,157,59,4,11,497,3,4,1,6,4,498,4,7,54,12,4,6,0,1,2,0,40,113,134,57,141
3328982938,1504461143784,1693,9,2,1,2,2,0,2,0,134,1,4,31,14,4,222,4,3,117,7,4,33,4,11,2,0,0,0,0,122,57,18,516,157,25,14,4,141,4,11,14,4,12,498,7,4,103,4,14,11,3,0,1,0,154,157,18,57,238
3329307354,1504480725817,1044,9,2,2,2,0,0,2,0,119,4,7,48,4,3,67,12,4,154,4,11,63,14,4,1,0,0,0,0,55,122,64,79,35,33,4,11,84,12,4,25,3,4,110,4,7,245,4,14,4,0,0,1,0,41,86,11,29,122
3285915801,1501540870588,995,9,1,1,1,0,0,0,0,121,11,4,103,14,4,223,14,4,81,7,4,10,12,4,3,0,0,0,0,3,31,92,11,16,64,4,11,131,14,4,17,12,4,45,4,7,53,14,4,0,0,0,0,0,30,58,7,157,75
3331138767,1504631987541,1785,9,2,2,1,0,0,2,2,33,11,4,161,21,4,37,7,4,18,4,3,236,4,14,2,0,0,0,0,238,31,113,117,141,96,4,7,38,4,12,16,3,4,62,12,4,79,4,11,7,0,0,3,1,60,157,40,29,64
3308511261,1503054553134,1699,9,2,2,2,2,2,2,2,45,4,21,222,4,7,201,4,3,5,4,11,80,12,4,0,0,0,0,0,122,157,245,24,75,134,6,4,161,4,3,126,4,12,59,4,11,236,7,4,10,1,1,4,1,53,105,498,141,31
3261473159,1499891676965,1997,9,1,2,2,1,1,2,0,117,4,3,67,4,7,103,4,14,113,11,4,141,4,12,8,1,1,2,0,122,11,157,114,51,498,12,4,81,4,7,44,4,3,55,14,4,121,11,4,4,0,0,1,0,122,53,236,64,131
3325942384,1504269748303,1783,9,2,2,1,2,0,2,0,154,11,4,76,3,4,203,7,4,150,4,12,136,3,4,2,0,0,0,0,236,53,126,113,157,39,4,12,5,4,11,99,4,3,238,4,14,15,4,7,10,2,0,2,0,119,31,92,105,122
3327759320,1504384256869,1740,9,2,2,2,2,2,1,0,238,14,4,121,4,11,8,4,12,44,3,4,29,4,7,3,0,0,1,0,117,157,40,45,75,105,4,14,79,11,4,67,4,7,89,4,3,24,4,12,11,2,1,1,0,75,157,18,31,141
3319647741,1503811639062,1855,9,1,2,2,1,1,2,1,82,11,4,202,7,4,412,4,3,157,4,14,6,12,4,9,1,1,2,1,51,45,238,75,122,84,4,14,92,4,12,89,14,4,99,4,21,21,7,4,5,0,0,1,0,29,55,86,119,240
3318870410,1503745239417,1429,9,1,2,1,1,1,2,2,161,4,14,3,14,4,51,4,7,11,11,4,8,4,14,8,2,1,1,0,103,150,23,29,24,53,4,3,18,4,7,126,4,12,64,4,11,105,4,12,3,0,0,2,1,25,119,164,157,238
3271037934,1500505900637,1501,9,2,1,2,0,2,2,2,28,11,4,21,4,7,34,4,6,40,3,4,55,4,14,3,0,0,0,0,64,19,154,126,157,89,3,4,67,12,4,69,4,3,7,4,14,24,4,11,5,0,1,3,1,113,51,154,11,53
3319883537,1503839304682,1168,9,1,2,1,1,0,2,1,85,4,14,119,7,4,412,4,14,136,4,1,203,4,11,8,1,0,0,1,57,18,31,150,121,201,3,4,113,11,4,4,4,6,429,7,4,82,4,12,1,0,0,1,0,92,29,117,40,31
3322665780,1504023948673,2459,9,2,1,1,2,0,2,0,81,7,4,412,14,4,126,4,12,64,4,11,42,3,4,4,0,0,0,0,157,154,117,40,245,121,11,4,10,4,12,143,4,14,131,4,14,202,4,7,10,2,0,4,0,40,141,105,24,75
3305892117,1502877719644,1398,9,1,2,2,1,1,1,1,11,4,11,67,4,7,201,3,4,34,4,14,5,12,4,7,1,1,1,1,57,53,141,23,31,245,14,4,92,4,12,412,3,4,429,4,7,64,4,11,2,0,0,0,0,31,134,58,86,40
3328356981,1504447435812,2233,9,2,1,2,1,2,1,0,4,14,4,11,4,11,412,4,3,236,4,7,80,4,14,6,1,0,1,0,92,55,51,67,154,202,4,7,37,14,4,134,21,4,127,4,12,113,11,4,10,2,2,3,0,57,516,19,18,157
3315917125,1503527979604,1878,9,1,2,1,1,0,2,1,58,4,12,25,4,3,154,11,4,81,7,4,34,12,4,11,4,0,1,1,141,43,122,11,40,412,3,4,57,4,11,101,21,4,498,4,7,39,12,4,1,0,0,1,0,157,516,31,429,238
3326085082,1504279117183,2300,9,2,1,1,1,2,1,0,79,11,4,16,4,7,67,4,21,91,4,14,58,12,4,6,1,0,2,0,40,238,55,53,18,412,3,4,34,12,4,59,4,12,119,7,4,62,11,4,8,1,2,2,0,40,18,122,117,29
3307516357,1502994485884,1145,9,2,2,2,2,0,2,2,90,4,14,89,3,4,19,4,11,67,4,7,122,12,4,0,0,0,0,0,114,25,103,157,63,429,4,7,154,11,4,85,12,4,38,14,4,40,3,4,6,1,0,1,1,57,157,69,18,11
3318778571,1503731196173,1798,9,1,2,1,1,1,2,2,40,3,4,4,6,4,18,4,7,14,12,4,64,4,11,11,4,1,1,0,96,57,60,119,31,5,4,11,67,4,7,38,12,4,412,4,14,157,4,12,2,0,0,2,1,57,92,154,121,119
3320564914,1503856022401,1429,9,2,2,2,2,2,2,2,497,4,3,4,4,12,29,7,4,79,4,11,23,4,14,2,0,0,0,0,33,117,57,40,150,412,4,14,92,4,12,18,4,7,127,4,14,24,11,4,10,3,1,2,1,8,40,498,141,16
3329357866,1504489405362,1601,9,1,1,1,1,0,1,2,222,4,7,31,4,12,53,14,4,77,11,4,25,14,4,11,2,0,2,0,18,122,17,157,7,67,7,4,44,4,3,27,6,12,63,14,4,64,4,11,0,0,0,1,1,51,114,90,29,238
3228750040,1497796524457,3378,9,1,1,2,2,2,1,0,110,21,4,254,4,11,18,7,4,43,3,4,17,12,4,10,2,3,2,0,75,429,1,80,164,25,14,4,105,14,4,51,7,4,62,4,11,420,12,4,10,5,1,3,0,498,157,19,238,122
3308631890,1503061350755,2522,9,1,1,1,1,2,2,1,57,4,12,29,4,7,32,4,11,90,3,4,25,14,4,7,1,2,4,1,117,75,31,40,1,16,3,4,67,4,7,141,4,11,64,4,12,103,14,4,3,0,1,1,0,53,238,18,19,11
3324209905,1504126056688,1637,9,1,2,1,1,1,1,1,119,4,7,44,3,4,84,4,12,19,11,4,4,4,6,10,2,1,3,1,31,40,154,141,238,115,4,21,150,12,4,21,4,7,43,3,4,113,11,4,3,0,0,0,0,31,238,412,6,38
3325101672,1504205704591,1983,9,1,1,1,0,0,2,0,412,14,4,67,7,4,6,4,12,134,3,4,35,14,11,6,0,0,1,0,238,18,40,202,16,96,4,7,91,4,14,57,12,4,141,4,11,432,4,14,1,0,0,2,0,11,75,55,40,29
3260269934,1499816116369,1932,9,2,1,2,2,0,1,1,29,11,4,79,14,4,104,4,7,134,14,4,4,4,21,1,0,0,1,1,157,114,240,51,498,90,4,12,267,3,4,121,11,4,67,4,7,6,4,12,10,2,0,2,0,114,154,38,157,51
3291884707,1501968320704,2012,9,1,1,2,1,2,1,0,5,4,11,48,4,7,15,7,4,79,3,4,8,4,14,10,2,0,1,0,7,119,122,53,23,90,4,14,61,4,7,51,4,7,121,4,11,82,4,12,4,0,1,0,0,122,266,141,64,53
3265755128,1500167073880,1633,9,2,2,2,2,0,2,0,119,7,4,120,4,11,412,4,3,115,4,14,92,14,4,1,0,0,0,0,105,122,51,11,154,157,14,4,16,3,4,83,12,4,21,7,4,111,11,4,8,1,0,2,0,23,63,53,498,35
3330134898,1504558101073,2735,9,1,2,2,1,2,2,0,31,11,4,245,4,14,498,7,4,37,4,3,83,4,12,10,3,0,3,0,117,238,157,75,40,96,7,4,105,14,4,59,4,12,78,3,4,82,11,4,6,0,2,1,0,57,18,29,19,516
3254100020,1499418183894,1542,9,2,2,2,2,2,1,2,203,11,4,498,4,7,223,4,3,61,4,21,122,12,4,0,0,0,1,0,114,51,64,98,90,34,4,12,202,7,4,58,12,4,11,11,4,26,4,14,10,2,1,1,1,150,105,38,114,55
3273669035,1500681778499,2187,9,1,1,1,1,2,2,0,35,11,14,51,4,7,267,4,3,126,4,12,42,3,4,9,3,0,2,0,238,114,53,64,119,141,4,11,91,4,14,24,12,4,18,4,11,412,4,14,6,0,1,1,0,157,11,3,150,119
3298947270,1502471229875,2219,9,1,1,1,1,2,2,1,62,4,11,112,4,7,15,7,4,26,4,3,90,4,12,11,3,1,1,1,119,57,75,141,40,117,4,3,85,12,4,154,11,4,115,4,7,21,4,7,6,0,1,2,0,29,16,119,28,141
3310820182,1503189255221,1846,9,2,2,2,2,2,2,2,254,4,11,117,4,3,51,7,4,69,4,6,19,12,4,4,0,0,0,0,420,119,64,53,238,23,4,11,104,4,12,222,7,4,161,4,3,61,4,7,9,1,1,3,1,53,83,11,1,238
3315739177,1503520131505,1901,9,1,2,1,1,0,1,0,25,14,4,41,12,4,154,4,11,497,3,4,21,4,7,7,1,0,2,0,119,11,78,18,117,53,14,4,157,4,14,32,4,11,516,4,12,103,4,14,3,0,0,0,0,45,36,119,122,131
3262440690,1499956665635,1573,9,1,2,2,1,1,2,2,98,4,3,164,4,12,51,4,7,254,4,11,103,4,14,8,1,1,0,0,154,117,141,238,80,99,4,21,81,7,4,40,4,3,157,4,12,11,11,4,7,0,0,2,1,-1,120,61,117,119
3323088635,1504050013184,1506,9,1,1,1,1,1,1,0,105,4,12,27,14,6,64,4,11,29,4,7,497,4,3,11,3,1,2,0,18,23,40,154,96,157,4,12,22,4,7,201,3,4,79,4,11,69,4,21,0,0,0,0,0,238,31,38,18,40
3296539650,1502309607558,1905,9,2,1,2,2,0,2,2,99,4,3,202,7,4,21,7,4,75,4,12,141,14,11,1,0,0,0,0,39,11,53,201,74,267,4,3,498,7,4,107,12,4,57,11,4,17,6,4,9,2,0,2,1,122,119,31,63,103
3225295605,1497607952697,2744,9,2,1,1,2,1,1,1,134,14,4,36,12,4,498,7,4,102,4,11,412,4,3,6,0,1,4,1,122,67,105,154,11,26,4,3,104,11,4,14,4,12,202,4,7,161,4,12,8,1,1,2,0,55,157,114,154,99
3329419020,1504513893349,1940,9,2,2,2,2,2,2,0,58,4,12,63,4,14,25,4,14,11,4,11,18,7,4,0,0,0,0,0,202,122,119,75,51,238,4,14,24,12,4,64,4,11,81,7,4,99,4,3,11,3,1,4,0,51,61,119,8,16
3329852880,1504544384801,1764,9,2,2,2,2,2,2,1,17,4,12,74,21,4,67,4,7,201,4,3,59,4,11,2,0,0,0,1,516,55,122,57,238,6,4,12,498,4,7,53,4,3,421,4,11,34,4,3,11,2,1,3,0,141,19,157,40,16
3227664523,1497730414938,1660,9,1,1,1,1,1,1,0,236,4,7,238,14,4,122,4,12,64,4,11,14,14,4,10,1,1,2,0,86,84,245,103,1,67,4,7,92,4,12,45,4,14,90,14,4,79,11,4,0,0,0,0,0,154,51,114,164,105
3273958806,1500727335472,980,9,1,1,1,1,0,1,0,117,3,4,68,4,12,141,11,4,163,4,14,222,7,4,9,2,0,1,0,103,157,119,3,55,22,4,7,121,11,4,61,4,6,54,4,12,37,4,3,0,0,0,0,0,114,-1,202,122,154
3236492492,1498262699783,1214,9,1,1,2,0,0,1,1,45,21,4,19,4,11,68,4,14,89,4,3,222,4,7,6,0,0,2,1,122,238,51,67,23,25,4,3,58,4,12,254,4,11,81,4,7,99,4,14,2,0,0,0,0,27,157,238,53,154
3324156225,1504122429761,2401,9,2,2,2,2,1,2,0,115,14,4,57,4,11,498,4,7,201,4,3,133,4,21,2,0,1,1,0,17,154,51,412,238,117,14,4,41,3,4,21,7,4,157,4,12,33,4,11,10,2,0,3,0,90,119,40,61,81
3329253212,1504474673487,1392,9,2,2,2,2,0,2,2,89,3,4,498,7,4,92,4,12,245,4,11,238,4,14,2,0,0,0,0,55,23,36,122,57,21,4,7,412,4,14,131,14,4,85,4,12,24,4,11,8,2,0,3,1,40,157,29,117,105
3232886108,1498055180660,1697,9,1,2,2,1,0,1,0,60,4,11,161,12,4,103,4,14,236,4,7,40,4,3,10,2,0,3,0,113,157,11,117,154,121,11,4,98,4,12,498,4,7,99,4,3,61,21,4,2,0,0,0,0,157,3,117,154,50
3326690011,1504339591420,2166,9,1,2,1,1,1,1,2,41,12,4,99,4,3,201,4,3,20,4,11,18,7,4,9,1,2,1,0,497,31,55,117,119,22,4,7,27,6,12,59,11,4,412,14,4,238,14,4,5,0,0,3,1,40,157,16,164,113
3320978452,1503901772471,1335,9,1,2,1,0,0,2,0,412,4,14,45,4,21,106,4,11,429,7,4,9,4,14,5,0,0,1,0,420,51,105,54,31,85,4,12,131,4,14,40,3,4,67,7,4,80,4,11,2,0,0,1,0,238,105,157,29,154
3322630302,1504022504043,2119,9,1,2,2,1,1,1,0,222,7,4,1,4,12,141,11,4,37,3,4,122,4,12,9,3,2,3,0,51,17,238,16,157,85,4,14,121,11,4,53,14,4,29,4,7,161,4,21,3,0,0,0,0,38,67,51,412,114
3238266027,1498392860398,1970,9,1,1,2,1,1,1,0,7,4,12,498,4,7,412,14,4,58,4,14,60,11,4,7,1,1,2,0,154,117,497,29,51,111,11,4,50,12,4,48,4,3,15,7,4,157,4,14,4,0,0,1,0,114,19,3,92,154
3319812645,1503832448767,1609,9,1,1,1,0,0,1,1,10,4,12,11,11,4,41,4,12,37,4,14,498,7,4,5,0,0,3,1,67,24,238,69,18,412,4,3,245,12,4,86,4,12,202,4,7,79,4,11,1,0,0,0,0,38,497,117,85,31
3329144417,1504469090533,1696,9,2,2,2,2,0,2,0,11,4,11,498,7,4,497,3,4,86,4,12,76,4,14,2,0,0,0,0,236,53,164,64,60,114,4,12,33,3,4,103,14,4,22,7,4,9,11,4,9,2,0,3,0,6,154,25,57,23
3324359974,1504137476526,2331,9,2,1,1,2,2,1,2,7,4,12,40,3,4,18,4,7,79,11,4,126,4,12,6,1,1,3,0,236,69,60,31,10,29,7,4,59,4,12,38,4,12,12,14,4,102,11,4,7,2,1,2,1,113,60,42,119,134
3328402626,1504448956432,2259,9,2,1,2,2,2,1,2,122,4,12,96,4,7,421,11,4,89,4,14,105,4,14,6,0,0,2,0,25,114,141,1,238,31,4,11,42,4,3,117,4,3,236,7,4,266,12,4,7,3,1,2,1,157,245,55,150,154
3298790711,1502461541751,2391,9,1,2,2,2,1,1,2,90,4,14,64,4,11,157,12,4,57,3,4,104,7,4,5,0,1,2,0,122,59,238,105,141,254,4,11,236,4,7,53,4,3,202,4,12,103,4,14,6,1,0,3,1,1,238,122,134,119
3275638784,1500836245405,1691,9,2,2,2,2,0,1,2,154,4,11,61,21,4,82,4,12,22,7,4,89,3,4,4,0,0,2,0,122,119,238,64,55,29,4,7,58,11,4,105,4,12,114,4,12,412,14,4,10,2,0,1,1,35,141,157,420,23
3312128657,1503309303436,2116,9,2,1,1,1,2,1,1,89,14,4,421,4,11,82,12,4,245,12,4,202,4,7,6,1,0,1,1,18,40,3,29,412,69,4,3,498,4,7,41,12,4,48,3,4,59,11,4,8,1,2,3,0,119,40,31,157,42
3250441614,1499152319327,1768,9,2,2,2,2,2,2,0,22,4,7,238,4,14,19,4,11,36,4,12,1,4,7,2,0,0,0,0,53,122,11,26,154,99,4,14,113,11,4,74,12,4,21,7,4,103,4,14,11,4,1,2,0,117,105,120,92,11
3329265001,1504475602195,2082,9,2,2,2,2,0,2,0,141,11,4,78,12,4,99,21,4,222,4,7,76,3,4,4,0,0,0,0,268,53,104,55,122,13,6,4,236,12,4,201,4,3,67,4,7,107,4,11,10,1,0,2,0,154,202,238,53,114
3327737308,1504383427082,1723,9,2,2,2,2,0,1,0,222,7,4,16,3,4,240,4,12,60,4,11,68,4,14,3,0,0,1,0,53,105,6,29,35,1,4,7,161,4,7,17,11,4,64,4,14,85,12,4,11,3,0,0,0,57,92,157,22,103
3324086896,1504119413165,2421,9,2,1,2,2,1,2,0,238,4,14,62,11,4,498,7,4,6,4,14,40,3,4,5,0,1,1,0,236,51,31,19,53,11,4,11,37,3,4,21,4,7,86,12,7,8,14,4,10,2,0,3,0,64,105,23,18,122
3323138410,1504076991884,1800,9,2,2,1,2,0,2,0,40,3,4,67,4,7,106,4,12,81,4,14,33,11,4,1,0,0,0,0,157,238,133,53,75,99,21,4,11,4,11,6,4,12,22,4,21,201,4,14,8,1,0,4,0,24,157,119,122,23
3330363463,1504569990998,1729,9,2,1,2,2,2,2,0,236,7,4,134,4,14,27,12,6,35,11,14,17,3,4,3,0,0,0,0,75,90,39,23,64,16,4,3,92,4,12,96,7,4,254,11,4,105,4,1,11,4,1,2,0,122,53,55,40,238
3253984847,1499383579551,2480,9,1,1,2,1,1,1,0,202,7,4,131,11,4,12,4,3,69,4,6,86,12,4,11,4,2,1,0,103,51,154,105,157,412,3,4,58,4,12,38,4,14,28,11,4,222,7,4,4,1,0,1,0,122,114,11,55,157
3323072921,1504047018828,1422,9,1,1,1,1,2,1,0,53,14,4,91,4,14,141,11,4,18,7,4,105,4,14,7,1,0,2,0,57,122,64,119,154,267,3,4,81,4,7,38,4,12,36,12,4,59,4,11,1,0,1,0,0,157,11,75,31,114
3249319348,1499089689398,1786,9,1,2,2,0,1,1,2,157,12,4,105,4,14,202,4,7,20,4,11,40,3,4,6,0,1,3,0,53,92,4,64,154,78,4,11,119,4,7,103,14,4,164,4,12,89,14,4,5,0,0,1,1,8,154,33,67,117
3219273585,1497200774266,197,9,1,0,0,0,0,0,0,111,4,11,161,3,4,114,4,12,15,4,7,412,14,4,0,0,0,0,0,157,117,3,154,55,89,4,3,24,4,11,150,4,12,105,14,4,29,7,4,0,0,0,0,0,28,51,238,119,157
3323263491,1504089258318,1673,9,1,2,2,1,1,2,2,60,4,11,163,6,4,63,14,4,18,4,7,122,4,12,10,2,1,1,0,31,143,11,40,92,115,4,21,412,3,4,15,7,4,114,4,12,104,4,11,5,0,0,1,1,117,40,31,29,86
3327867400,1504389197221,1230,9,1,2,1,0,0,1,0,497,14,4,127,14,4,29,4,7,421,11,4,157,12,4,5,0,0,2,0,11,64,92,117,18,111,4,3,98,4,12,115,14,4,67,4,7,141,11,4,2,0,0,0,0,57,1,240,64,119
3287723131,1501689868647,1622,9,1,1,1,1,0,2,0,29,7,4,33,11,4,40,4,3,86,12,4,103,4,14,8,1,0,0,0,164,157,141,75,25,51,4,7,53,3,4,13,6,4,27,6,12,24,4,11,2,0,0,1,0,23,238,157,154,141
3228022334,1497734294526,2508,9,1,2,1,1,0,1,0,127,14,4,157,12,4,14,4,11,236,4,7,201,3,4,10,2,0,3,0,36,105,45,238,29,38,14,4,498,7,4,25,3,4,164,12,4,32,11,4,3,0,0,1,0,119,51,53,105,122
3329870924,1504544311358,1319,9,1,1,1,1,0,1,1,11,11,1,429,4,7,412,4,14,85,4,12,61,4,21,6,1,0,2,1,-1,126,141,238,19,24,12,4,498,7,4,497,4,3,103,14,4,59,4,11,0,0,0,0,0,57,113,40,117,55
3291455523,1501946783617,2191,9,2,2,1,2,2,2,0,39,4,12,11,4,11,115,21,4,18,4,7,53,4,3,6,0,1,1,0,103,6,119,31,238,105,14,4,79,4,12,254,4,11,81,7,4,40,4,3,10,3,1,3,0,141,245,157,31,75
3317419861,1503627660864,1810,9,1,1,1,1,1,1,1,245,4,1,33,6,11,81,4,7,82,4,12,53,3,4,10,2,1,2,1,-1,103,40,64,114,4,14,4,143,3,4,157,4,12,236,4,7,516,4,11,2,0,0,0,0,238,-1,51,75,2
3293288770,1502065306609,1287,9,2,2,2,2,0,1,0,136,4,14,110,4,7,12,4,3,122,12,4,64,11,4,4,1,0,2,0,141,154,238,17,498,222,7,4,16,4,3,90,14,4,31,12,4,14,4,12,10,1,0,0,0,143,154,6,53,134
3271000386,1500502800664,2146,9,2,2,2,2,2,1,0,25,4,14,24,4,12,3,4,11,222,7,4,44,4,3,2,0,0,1,0,105,74,154,157,141,72,11,4,62,4,12,99,21,4,63,14,4,21,7,4,8,1,1,1,0,202,29,114,238,7
3272701614,1500641566473,1669,9,1,2,1,1,0,2,1,131,14,4,143,4,3,31,11,4,157,4,12,67,7,4,11,2,0,2,1,202,238,154,59,141,51,7,4,99,6,4,60,11,4,3,4,3,24,12,4,3,0,0,1,0,141,240,154,119,238
3331565016,1504660934908,985,9,1,2,1,0,0,2,2,516,4,12,14,4,11,53,3,4,157,4,14,412,7,4,3,0,0,0,0,33,141,119,31,238,37,4,3,11,6,11,67,7,4,103,6,4,39,12,4,1,0,0,1,1,29,51,80,131,40
3283576503,1501367276672,1240,9,2,2,2,2,0,2,0,40,4,3,498,4,7,203,11,4,150,4,12,45,4,12,0,0,0,0,0,31,122,412,119,53,24,11,4,18,7,4,89,3,4,67,4,7,1,14,4,10,2,0,1,0,119,122,157,51,21
3292659233,1502046575733,2135,9,1,2,2,1,1,1,0,98,4,12,18,7,4,268,4,7,79,4,11,412,3,4,8,2,1,1,0,141,238,31,19,105,222,4,7,126,14,4,497,4,3,17,14,4,62,4,11,5,0,0,2,0,157,64,53,238,141
3327231750,1504353844148,2342,9,1,1,1,1,1,1,0,112,4,3,63,4,14,36,4,12,5,11,4,81,7,4,9,2,1,4,0,154,141,117,105,31,157,4,12,57,11,4,16,3,4,18,7,4,163,1,4,1,0,0,1,0,31,141,24,113,11
3322933158,1504037731661,1559,9,1,1,1,1,0,1,0,412,4,14,59,4,11,516,12,4,99,4,21,18,7,4,8,1,0,2,0,154,122,40,117,238,62,4,11,24,4,12,90,12,4,22,3,4,202,4,7,2,0,0,0,0,40,31,75,29,33
3329928559,1504548743785,1173,9,1,1,1,1,0,1,0,24,11,4,4,4,6,67,7,4,117,4,14,420,4,12,9,2,0,2,0,154,84,53,122,31,43,3,4,23,4,12,32,4,11,41,3,4,429,7,4,0,0,0,0,0,18,6,29,40,113
3330762631,1504608379801,1637,9,1,2,1,1,0,1,0,53,3,4,60,4,11,202,7,4,115,4,3,85,4,12,8,1,0,2,0,238,3,201,105,157,90,4,12,111,4,12,412,4,14,154,4,11,110,7,4,0,0,0,0,0,-1,141,41,238,29
3319803391,1503832454838,1676,9,1,1,2,1,1,1,2,85,14,4,102,4,11,31,12,4,44,3,4,29,7,4,6,1,1,3,0,53,63,420,11,157,498,7,4,113,11,4,122,12,4,201,3,4,55,14,4,2,0,0,0,1,497,10,6,90,516
3331132984,1504630261919,1775,9,1,2,2,1,1,1,0,91,4,14,157,4,12,53,3,4,15,7,4,72,4,11,9,1,1,2,0,29,117,40,31,11,121,4,11,236,4,7,16,4,3,54,4,12,126,14,4,2,0,0,1,0,29,119,96,67,18
3330349317,1504574618055,2858,9,2,1,2,2,2,2,2,50,12,4,516,11,4,22,7,4,117,3,4,238,4,14,6,1,0,2,0,90,498,89,29,11,10,4,14,81,4,7,37,4,3,31,12,4,141,11,4,11,4,2,3,1,114,120,17,105,29
3323314862,1504094233704,2967,9,2,2,2,1,1,2,1,516,4,11,40,14,4,18,7,4,39,4,12,25,4,14,9,3,2,2,1,58,29,92,91,67,268,3,4,150,4,12,21,7,4,33,11,4,12,14,4,8,1,0,3,0,31,122,141,126,119
3327801957,1504384969004,1493,9,2,2,2,2,0,2,2,163,4,6,59,11,4,31,4,12,96,7,4,117,3,4,0,0,0,1,0,119,238,157,19,84,89,14,4,63,4,3,222,7,4,5,4,11,420,12,4,10,3,0,2,1,134,24,133,114,238
3268390814,1500328498073,1873,9,1,1,1,1,0,2,0,105,4,11,13,4,12,64,14,4,122,12,4,18,7,4,10,1,0,1,0,25,84,412,154,238,107,4,11,134,4,12,92,12,4,157,7,4,43,12,4,2,0,0,1,0,112,3,238,98,141
3326484155,1504300913370,982,9,2,2,2,0,0,0,0,157,4,3,11,11,4,96,7,4,238,12,4,16,4,3,0,0,0,0,0,25,24,53,516,18,90,4,14,236,7,4,40,3,4,92,12,4,141,11,4,4,0,0,0,0,53,-1,143,31,-1
3262156033,1499936886639,1203,9,2,2,2,2,0,2,2,51,4,7,154,4,11,16,3,4,103,4,14,91,12,4,0,0,0,0,0,157,497,29,105,117,23,12,4,42,4,7,96,4,7,53,3,4,121,11,4,9,2,0,1,1,141,85,143,25,11
3268510037,1500354354825,1745,9,1,2,2,1,1,1,1,24,4,11,80,4,14,44,4,3,110,4,7,61,4,6,6,1,1,3,1,497,122,154,114,141,134,4,1,92,11,4,8,4,6,14,4,3,202,7,4,5,0,0,0,0,51,412,154,119,84
3324639197,1504183967354,2345,9,2,2,2,2,1,1,1,21,4,7,103,1,4,25,3,4,157,4,12,102,4,11,2,0,1,3,1,516,113,117,29,40,18,7,4,41,12,4,99,4,21,53,4,14,33,4,11,11,5,0,2,0,84,31,117,40,154
3327858972,1504389642914,1730,9,1,1,1,1,0,1,0,89,3,4,81,4,11,103,4,21,51,4,7,157,12,4,9,2,0,3,0,113,238,516,63,40,90,4,12,57,4,12,53,4,3,222,7,4,24,11,4,3,0,0,0,0,63,122,11,31,497
3308618838,1503064178925,3606,9,1,2,2,1,2,1,0,90,4,21,64,4,11,133,7,4,40,4,3,114,4,12,8,2,0,4,0,412,31,157,-1,240,99,21,4,75,12,4,9,14,4,202,4,7,19,4,11,8,2,3,2,0,57,117,157,31,18
3319439849,1503782939312,1900,9,2,1,2,0,2,1,0,421,4,11,17,4,12,13,4,3,127,14,4,222,4,7,4,0,0,2,0,11,53,67,157,29,23,4,12,120,11,6,111,14,4,21,7,4,103,4,14,4,0,1,1,0,53,64,99,35,25
3308514707,1503056688917,2224,9,2,1,2,2,2,2,0,99,4,14,412,4,3,102,11,4,236,7,4,150,12,4,2,0,0,2,0,25,63,45,90,80,101,21,4,53,4,3,202,4,7,24,4,12,11,4,11,11,3,1,2,0,105,51,122,17,1
3275187871,1500811582166,2172,9,1,1,1,1,1,1,0,91,4,14,28,4,11,41,12,4,202,4,7,143,14,4,11,3,1,2,0,157,107,42,141,105,67,4,7,57,4,11,245,4,12,497,4,3,238,14,4,2,0,0,0,0,154,126,119,31,164
3326429830,1504299825089,2726,9,1,2,2,1,1,2,1,161,4,21,11,4,12,20,11,4,40,14,4,498,7,4,10,2,1,2,1,17,18,80,58,412,119,7,4,24,11,4,86,12,4,25,14,4,30,12,4,5,1,0,2,0,53,105,154,117,122
3322502664,1504013997241,1372,9,1,2,1,1,0,1,0,38,12,4,18,7,4,141,4,11,40,4,3,6,12,4,9,1,0,2,0,122,238,16,55,150,412,4,3,268,4,12,29,4,7,59,4,11,86,12,4,0,0,0,0,0,11,67,31,157,117
3255903557,1499533105486,1988,9,2,1,2,2,0,1,0,92,12,4,202,4,7,119,7,4,161,4,14,85,4,11,2,0,0,1,0,105,114,157,154,122,59,11,4,62,12,4,55,4,14,412,4,3,81,4,7,11,4,0,1,0,154,80,35,157,51
3329318411,1504481918895,1457,9,2,2,2,2,0,2,0,498,4,7,126,4,12,113,4,11,57,4,12,267,3,4,0,0,0,0,0,-1,31,117,18,40,16,4,3,98,12,4,429,4,7,121,11,4,103,4,14,11,2,0,2,0,75,40,29,117,154
3330926951,1504619381020,2161,9,2,2,1,2,2,1,2,103,14,4,22,7,4,37,11,4,11,4,12,33,4,11,5,0,0,2,0,157,18,53,92,59,222,7,4,34,12,4,40,3,4,121,11,4,8,12,4,10,3,2,1,1,18,238,141,119,31
3326531881,1504303115491,1826,9,1,1,2,1,1,2,0,157,4,7,103,14,4,53,4,3,78,4,12,60,4,11,5,1,1,1,0,31,18,498,420,141,15,7,4,64,4,11,238,14,4,92,4,12,40,3,4,4,0,0,1,0,122,516,105,84,18
3300277133,1502539285805,1877,9,2,2,2,2,2,1,0,103,4,14,43,4,3,141,11,4,81,4,7,157,12,4,0,0,0,2,0,-1,238,31,122,57,16,4,3,50,14,4,59,11,4,236,7,4,86,12,4,11,3,1,2,0,40,122,67,18,61
3330869491,1504616835685,2503,9,2,1,1,2,2,2,0,238,4,14,432,4,14,498,4,7,32,11,4,202,4,12,5,0,0,2,0,58,53,91,122,497,41,4,12,4,6,4,64,4,11,12,4,3,22,4,7,11,4,1,1,0,92,67,11,16,122
3322463220,1504010798738,1828,9,2,2,1,2,2,2,0,114,4,12,1,4,14,161,4,3,236,4,7,28,4,11,3,0,0,0,0,31,154,40,238,7,59,4,11,222,4,7,117,3,4,24,12,4,90,4,12,10,2,2,3,0,31,40,134,67,18
3227031222,1497701183015,1479,9,1,1,1,1,0,1,2,29,4,7,412,14,4,34,4,14,19,11,4,92,12,4,9,1,0,2,0,157,238,53,114,51,13,6,4,23,11,4,99,3,4,110,7,4,86,4,12,1,0,0,0,1,89,55,101,17,119
3321216341,1503928356258,1599,9,1,1,1,1,0,2,2,412,4,3,112,7,4,157,4,12,79,11,4,222,4,7,5,1,0,1,0,238,40,59,16,1,57,11,4,67,4,7,86,12,4,115,4,14,37,4,3,3,0,0,1,1,143,154,122,119,29
3304515203,1502803763258,2513,9,1,2,1,1,1,1,0,105,4,12,11,4,11,10,4,12,412,14,4,22,4,7,9,2,1,4,0,103,31,81,141,84,497,3,4,7,14,4,19,4,11,498,4,7,14,12,4,2,0,0,0,0,1,134,157,57,63
3323093405,1504047596611,1208,9,2,1,1,0,0,2,0,42,7,4,427,11,4,222,4,7,43,4,3,240,12,4,1,0,0,0,0,105,29,57,412,103,39,4,12,53,4,3,114,4,12,64,11,4,18,4,7,4,0,0,2,0,103,9,122,67,238
3252839314,1499312710832,1663,9,1,2,1,1,1,1,2,34,4,6,78,12,4,236,4,7,56,4,11,53,14,4,11,2,1,3,0,238,117,154,497,114,412,14,4,429,4,7,164,4,12,32,11,4,90,4,6,1,0,0,0,1,61,154,29,103,117
3306759931,1502928130434,1942,9,1,1,1,1,0,2,0,114,12,4,222,7,4,29,4,11,45,4,14,54,4,14,11,3,0,0,0,119,75,126,117,157,412,4,3,21,4,7,59,4,11,101,14,4,67,4,12,0,0,0,2,0,18,51,55,122,154
3329967719,1504550717676,2076,9,2,2,2,2,2,2,2,498,7,4,497,14,4,24,4,12,120,6,11,112,6,4,1,0,0,0,0,154,141,40,119,84,77,11,6,39,4,12,21,7,4,412,3,4,34,12,4,11,4,2,3,1,40,90,157,78,29
3329940037,1504549270883,1169,9,1,1,1,1,0,1,0,67,4,7,40,3,4,516,12,4,103,14,4,245,11,4,6,1,0,1,0,55,105,157,23,18,37,4,14,238,4,14,29,4,7,92,4,12,141,4,12,0,0,0,0,0,31,19,53,114,90
3322995442,1504041143222,1912,9,1,2,1,2,1,2,2,164,4,12,141,4,11,90,12,4,67,4,7,117,4,3,10,2,1,1,0,498,238,18,29,61,79,4,11,15,4,7,143,4,3,115,21,4,24,12,4,5,1,0,2,1,55,40,-1,53,57
3258524620,1499705212014,1816,9,1,2,1,1,2,1,1,3,4,12,18,4,7,157,4,3,101,21,4,33,11,4,10,2,0,2,1,29,38,91,154,412,64,11,4,98,12,4,222,4,7,163,3,4,432,14,4,3,0,1,0,0,38,119,7,154,51
3319700620,1503818566240,1975,9,2,1,2,2,0,1,2,78,12,4,64,4,11,45,4,3,101,21,4,81,7,4,5,0,0,2,0,31,141,75,238,18,245,4,14,15,4,7,57,4,11,99,3,4,68,12,4,8,1,0,1,1,84,105,114,51,122
3255311503,1499467767164,1489,9,1,1,1,0,0,0,0,25,3,4,36,12,4,222,4,7,131,4,14,64,4,11,6,0,0,0,0,24,240,134,105,157,412,3,4,81,4,7,79,4,11,58,4,12,84,4,14,2,0,0,0,0,238,77,498,101,75
3329076179,1504464863269,2048,9,2,2,1,2,0,2,2,498,7,4,57,4,12,141,4,11,16,3,4,85,4,14,3,0,0,0,0,11,157,53,105,92,61,4,6,117,7,4,114,12,4,33,4,11,96,4,1,10,2,0,2,1,31,80,40,18,157
3320938515,1503880912232,2284,9,1,1,1,1,0,1,0,9,11,4,245,4,14,85,4,12,67,4,7,16,4,3,10,2,0,2,0,58,141,202,122,121,110,4,7,54,4,11,14,12,4,10,6,4,53,3,4,1,0,0,0,0,19,157,498,119,122
3328513001,1504451194595,2102,9,2,2,2,2,2,1,0,69,3,4,79,11,4,3,4,12,63,4,14,22,4,7,1,0,0,1,0,122,29,238,498,254,141,4,11,110,1,4,98,4,12,267,3,4,21,7,4,8,2,1,2,0,412,84,154,157,81
3316320140,1503583001479,1811,9,2,1,2,2,0,2,1,25,3,4,150,4,12,81,4,7,11,4,12,45,4,12,2,0,0,0,1,86,91,516,64,51,3,14,4,113,11,4,62,4,12,21,4,7,89,3,4,8,2,0,3,0,122,75,40,119,31
3331023316,1504624086289,1392,9,1,1,1,1,1,1,1,429,4,7,86,4,12,64,11,4,37,4,3,63,21,4,7,1,1,2,1,238,18,19,90,40,25,3,4,516,12,4,134,4,14,254,11,4,498,4,7,0,0,0,0,0,91,67,141,31,29
3240373144,1498510872696,2595,9,1,2,1,2,2,1,1,3,14,4,20,11,4,83,4,12,222,7,4,40,3,4,10,2,1,2,1,11,203,157,67,429,25,3,4,236,7,4,75,4,12,136,21,4,19,4,11,8,1,2,2,0,157,238,203,154,80
3296498878,1502306504691,2144,9,2,2,2,2,0,1,1,110,7,4,113,11,4,81,4,14,111,4,3,11,12,4,5,0,0,4,1,51,157,223,143,141,102,11,4,75,6,12,103,14,4,54,14,4,29,7,4,10,3,0,0,0,3,157,53,15,31
3314472521,1503441287928,2060,9,1,1,1,1,2,2,2,29,7,4,5,4,11,105,14,4,16,3,4,83,14,4,9,1,0,1,0,40,37,75,2,157,117,4,3,32,4,11,23,4,12,4,4,6,18,7,4,7,0,1,2,1,238,11,67,122,254
3327542722,1504370633394,2209,9,1,2,1,1,2,2,2,99,12,4,236,4,7,154,4,11,40,4,3,41,4,12,8,2,0,3,0,117,157,67,18,80,29,7,4,34,4,14,62,11,4,16,4,3,30,6,3,7,1,1,1,1,75,119,55,157,33
3280535436,1501167189440,1679,9,2,1,2,0,2,2,2,64,11,4,51,7,4,201,4,3,26,12,4,75,12,4,1,0,0,0,0,53,31,91,113,57,82,4,12,61,21,4,29,11,4,44,14,4,202,7,4,7,0,1,3,1,19,40,38,119,31
3322344519,1504002468816,2041,9,2,1,1,2,0,2,2,89,4,3,498,7,4,131,4,12,58,12,4,11,11,4,5,0,0,1,0,122,90,143,42,31,102,4,11,91,14,4,85,12,4,26,7,4,223,3,4,10,3,0,3,1,25,420,157,19,53
3287762871,1501690233581,2319,9,1,1,1,1,0,2,0,141,11,4,35,3,4,57,4,14,84,14,4,126,4,12,11,4,0,2,0,154,114,67,105,122,134,4,11,24,4,12,53,4,3,103,4,14,236,7,4,3,0,0,1,0,157,3,22,105,30
3313170074,1503347247312,2432,9,1,1,2,1,1,2,0,45,21,4,267,3,4,122,4,12,81,4,7,141,11,14,11,4,1,2,0,114,119,7,75,6,427,4,11,202,4,7,412,4,14,31,12,4,69,4,6,1,0,0,2,0,-1,11,67,238,8
3329565191,1504527591193,1241,9,1,1,1,1,0,1,0,18,7,4,245,4,12,202,21,4,154,11,4,267,4,14,11,3,0,2,0,119,134,157,238,122,131,4,21,222,4,7,10,4,3,31,4,12,5,4,11,0,0,0,0,0,-1,53,157,161,24
3306553896,1502913820959,1466,9,1,2,1,1,0,2,0,83,4,12,40,4,3,96,1,4,29,4,11,25,14,4,6,1,0,1,0,103,11,157,86,75,141,12,4,5,4,11,222,4,7,412,4,14,161,1,4,1,0,0,1,0,1,8,84,53,24
3327510107,1504369810095,1592,9,2,2,1,2,0,1,0,99,4,12,24,12,4,79,11,4,117,4,3,96,4,7,3,0,0,1,0,31,40,412,238,157,6,12,4,4,4,6,89,4,3,28,4,11,202,4,7,9,1,0,2,0,141,75,18,119,126
3330225676,1504565038151,1698,9,2,2,2,2,2,2,2,143,14,4,29,7,4,105,12,14,59,4,12,64,4,11,1,0,0,0,0,157,113,40,117,16,201,4,3,121,4,11,90,14,4,21,7,4,126,14,4,10,1,1,3,1,40,117,238,122,67
3318863652,1503742201625,2544,9,2,2,2,2,2,2,2,86,12,4,22,7,4,432,3,4,254,11,4,85,4,12,5,0,0,1,0,5,201,122,105,99,91,4,14,11,4,11,516,12,4,18,7,4,13,4,3,10,3,1,3,1,75,122,157,143,53
3310122752,1503159753829,205,9,2,0,0,0,0,0,0,92,4,12,69,14,4,40,3,4,22,7,4,11,11,4,0,0,0,0,0,29,105,31,157,236,101,14,4,67,4,7,143,3,4,114,4,12,62,4,11,0,0,0,0,0,23,53,157,19,51
3322988281,1504041738162,1836,9,2,1,2,2,2,2,2,64,11,4,90,14,4,57,12,4,22,21,4,497,7,4,3,0,0,0,0,105,61,114,119,238,115,14,4,5,4,11,17,4,12,498,7,4,201,3,4,9,1,1,4,1,122,157,119,19,31
3282822643,1501341652468,1644,9,1,1,1,1,0,2,1,110,7,4,497,4,3,11,11,4,69,4,6,23,4,12,10,2,0,2,1,157,245,498,238,35,43,4,14,412,4,7,53,4,14,121,4,11,122,4,14,1,0,0,1,0,1,19,157,119,114
3326248377,1504288762522,2010,9,2,2,2,2,2,2,0,238,14,4,202,7,4,17,4,14,117,4,3,5,11,4,1,0,0,0,0,40,11,412,141,24,53,14,4,51,4,7,34,4,14,421,11,4,79,12,4,10,3,2,3,0,31,29,38,40,119
3256046837,1499542013573,1343,9,1,2,1,1,0,1,1,121,4,11,420,4,12,40,3,4,51,4,7,99,4,14,10,2,0,2,1,421,114,105,157,23,82,4,12,222,4,7,91,14,4,89,4,3,154,4,11,0,0,0,0,0,143,122,11,63,157
3326033129,1504275778003,969,9,1,1,1,0,0,1,0,3,21,4,23,12,4,54,7,4,67,4,7,203,11,4,4,0,0,1,0,119,122,266,55,53,105,12,4,201,3,4,22,7,4,121,11,4,84,12,4,0,0,0,0,0,222,17,80,53,131
3318751084,1503712099707,2011,9,1,2,2,1,1,1,0,69,4,14,203,11,4,412,4,3,114,4,12,96,7,4,11,3,1,1,0,29,516,40,119,141,30,6,4,12,14,4,429,7,4,79,11,4,157,4,12,3,0,0,2,0,40,31,117,516,75
3259339168,1499783577010,1888,9,1,1,2,1,1,2,1,236,4,7,61,4,1,114,4,12,89,14,4,64,11,4,10,2,1,1,1,122,53,134,105,51,37,3,4,202,4,7,3,4,14,254,4,11,92,4,12,4,0,0,2,0,498,38,58,157,164
3314955895,1503478707114,1752,9,2,2,2,2,2,1,2,45,4,12,141,4,11,161,3,4,29,4,7,86,14,4,1,0,0,2,0,40,24,23,75,11,111,4,3,51,4,7,203,11,4,103,14,4,240,12,4,10,4,1,1,1,18,105,40,114,67
3307046056,1502970539239,1619,9,1,2,1,1,1,2,0,6,4,12,35,11,4,37,4,3,61,4,1,18,7,4,10,2,1,2,0,29,31,40,157,122,15,4,7,79,4,11,497,14,4,57,4,12,99,4,12,1,0,0,1,0,9,11,141,40,119
3325295234,1504209331966,2390,9,1,2,2,1,2,1,0,18,4,7,64,11,4,115,12,4,17,4,14,53,4,3,9,1,0,4,0,113,29,3,238,31,202,7,4,45,12,4,141,4,12,79,4,11,111,3,4,5,0,1,0,0,38,238,122,154,51
3292897636,1502052038326,1602,9,1,1,1,1,0,1,0,29,4,11,74,4,14,122,4,14,67,7,4,25,4,3,10,2,0,3,0,238,114,412,141,121,61,7,4,21,4,7,53,4,3,64,11,4,31,4,12,0,0,0,0,0,154,157,75,238,57
3329963884,1504549821997,1779,9,2,1,2,2,2,1,2,57,4,11,150,4,12,38,4,12,16,3,4,96,7,4,5,0,0,2,0,18,157,29,17,238,41,4,12,202,4,7,112,4,12,59,4,11,43,4,3,8,2,1,0,1,122,157,29,53,141
3320772373,1503865929500,2028,9,1,1,1,1,0,1,0,89,4,3,78,12,4,18,7,4,37,4,3,141,11,4,8,2,0,3,0,60,119,238,412,106,67,4,7,107,4,11,497,4,7,50,4,14,98,4,12,0,0,0,0,0,17,157,101,161,40
3230718016,1497902675285,1744,9,1,1,1,1,1,2,1,37,3,4,236,4,7,23,4,14,99,14,4,29,4,11,11,4,1,2,1,7,157,64,51,268,32,11,4,54,4,12,92,4,14,119,7,4,201,4,3,0,0,0,1,0,157,238,67,154,105
3330080762,1504554410899,2094,9,1,2,1,1,1,1,0,19,4,12,29,11,4,40,4,3,119,4,7,134,7,4,9,2,1,3,0,90,64,412,25,31,37,3,4,59,4,12,141,11,4,38,4,12,51,4,7,3,0,0,1,0,86,11,201,122,18
3297446190,1502374815644,1715,9,1,1,1,1,1,2,0,23,4,12,154,4,11,16,3,4,67,7,4,8,14,4,11,3,1,1,0,55,157,53,31,141,33,11,4,126,14,4,119,4,7,40,3,4,245,12,4,4,0,0,1,0,31,117,64,157,141
3326413263,1504298060739,1790,9,1,2,2,1,0,1,2,141,11,4,43,12,4,157,14,4,18,4,7,412,4,14,8,2,0,2,0,31,498,516,44,38,32,4,11,75,4,12,236,7,4,143,14,4,134,21,4,3,0,0,0,1,53,61,119,41,117
3226584096,1497653179081,1986,9,2,2,1,2,0,2,0,58,4,12,421,11,4,103,21,4,18,4,7,143,14,4,3,0,0,0,0,157,238,114,89,11,67,4,7,41,4,12,254,4,11,201,4,3,161,4,21,10,2,0,4,0,53,427,90,43,28
3322420365,1504010006270,207,9,1,2,0,0,0,0,0,76,11,4,37,3,4,516,4,12,101,21,4,81,4,7,0,0,0,0,0,238,53,122,84,412,6,4,12,4,4,14,202,7,4,12,14,4,121,4,11,0,0,0,0,0,157,40,8,31,105
3244707372,1498766536879,2308,9,2,2,2,2,1,1,0,103,14,4,117,4,3,110,4,7,56,12,4,78,4,11,6,0,1,2,0,64,105,154,157,55,131,4,11,74,12,4,54,12,4,119,4,7,412,4,14,9,2,0,1,0,238,7,69,240,154
3323120680,1504051189394,2125,9,1,1,2,2,2,2,2,39,4,12,37,3,4,91,14,4,18,4,7,76,11,4,10,2,1,2,0,40,4,60,7,29,429,7,4,24,4,12,141,4,11,12,4,14,61,21,4,7,1,1,2,1,96,154,60,58,119
3293432899,1502095065098,1456,9,1,2,2,0,0,2,2,67,7,4,117,4,3,161,4,21,39,12,4,33,11,4,6,0,0,2,0,157,154,62,6,31,57,4,12,133,14,4,236,4,7,40,3,4,24,4,11,2,0,0,1,1,8,201,31,114,141
3315411053,1503500201580,1802,9,2,2,1,2,2,2,0,91,3,4,16,14,4,82,4,12,202,4,7,59,4,11,6,0,0,1,0,18,120,23,157,11,222,4,7,102,11,4,75,12,4,61,4,14,12,3,4,7,1,1,2,0,498,67,11,497,131
3247202054,1498938595136,2882,9,2,2,1,2,1,2,1,19,11,4,99,7,4,37,3,4,39,12,4,51,7,4,6,0,1,0,1,122,11,1,157,55,80,14,4,103,4,14,497,4,3,498,4,7,154,4,11,11,3,1,5,0,67,105,24,114,53
3257534370,1499635334791,2411,9,2,1,1,2,1,1,0,43,4,3,254,4,11,4,4,6,18,4,7,106,12,4,6,0,1,3,0,154,122,24,23,1,10,4,12,33,6,11,110,7,4,103,4,14,412,14,4,9,2,0,1,0,80,51,154,67,134
3313367874,1503355667512,1893,9,1,2,1,1,2,2,0,161,4,21,59,4,11,119,4,21,267,4,7,79,4,12,8,2,0,2,0,35,412,40,29,67,58,4,12,64,11,4,117,3,4,69,3,4,236,7,4,3,0,1,1,0,16,31,18,40,57
3327733779,1504382493792,1371,9,1,1,1,1,0,1,0,238,4,14,98,4,12,117,4,3,18,7,4,76,11,4,7,1,0,1,0,105,141,157,119,29,78,4,11,92,4,12,498,4,7,497,3,4,4,4,21,2,0,0,0,0,40,53,122,113,119
3328516438,1504451991373,1670,9,1,1,1,1,1,1,0,63,14,4,126,4,12,33,4,11,245,14,4,429,7,4,10,2,1,1,0,31,516,122,119,141,89,3,4,161,21,4,133,11,4,36,14,4,81,7,4,2,0,0,0,0,114,105,23,157,51
3323683516,1504103959999,1811,9,1,2,2,1,0,2,0,24,11,4,83,4,12,31,4,14,51,7,4,267,3,4,11,1,0,3,0,40,58,516,141,18,25,4,14,122,4,12,59,11,4,16,3,4,236,4,7,1,0,0,1,0,17,40,61,516,238
3327784088,1504385229586,1554,9,1,1,1,1,1,1,1,27,6,14,498,4,7,16,4,3,113,11,4,69,4,3,11,4,1,2,1,40,117,85,18,31,48,4,12,15,4,7,64,11,4,17,4,14,134,4,1,0,0,0,0,0,11,31,119,5,157
3276912720,1500920439573,1443,9,2,1,2,2,0,2,0,37,4,3,81,4,7,154,11,4,26,4,12,91,14,4,0,0,0,0,0,11,498,114,245,157,21,4,7,79,4,11,12,3,4,58,12,4,90,4,14,10,2,0,2,0,119,238,122,31,67
3327749426,1504384232845,1542,9,2,2,2,2,2,1,2,134,14,4,19,11,4,84,14,4,412,4,14,29,4,7,1,0,0,1,0,80,11,31,40,157,18,4,7,33,11,4,50,4,12,59,4,14,57,4,14,11,3,1,1,1,122,254,238,498,141
3319298452,1503773700233,1771,9,1,2,1,1,0,1,1,19,4,11,119,4,7,99,4,14,37,4,3,10,4,14,11,2,0,3,1,157,92,64,126,55,105,4,14,75,12,4,141,4,11,117,4,3,236,4,7,0,0,0,0,0,412,157,122,28,516
3326854215,1504347509951,1392,9,1,2,2,1,1,2,2,4,4,14,60,4,11,222,4,7,43,3,4,59,4,12,8,1,1,2,0,119,238,22,-1,7,202,4,7,412,14,4,31,4,12,90,12,4,77,11,6,2,0,0,1,1,79,121,40,57,39
3328785807,1504456957805,1549,9,2,2,2,2,0,1,0,37,4,3,29,7,4,150,12,4,61,21,4,64,4,11,2,0,0,1,0,154,498,157,18,122,96,4,7,40,3,4,32,4,11,136,4,6,81,12,4,9,2,0,2,0,114,105,55,31,238
3275084829,1500806220957,1877,9,2,2,2,2,0,1,1,80,12,4,111,3,4,141,4,11,84,14,4,202,7,4,6,0,0,2,1,21,412,98,238,203,19,11,4,498,4,7,113,4,3,18,12,4,99,3,4,10,2,0,0,0,11,41,51,268,64
3274023563,1500729175597,2202,9,1,2,1,1,0,1,1,27,12,6,238,14,4,64,4,11,29,4,7,91,4,12,8,2,0,3,1,60,157,51,85,19,75,12,4,498,4,7,77,11,4,126,14,4,53,7,4,4,0,0,0,0,17,99,131,164,222
3331260811,1504637766852,2563,9,1,1,1,1,0,1,1,154,4,11,202,4,7,432,4,14,92,12,4,245,4,14,10,3,0,2,1,114,157,238,122,31,67,7,4,141,11,4,61,21,4,53,3,4,20,4,12,3,0,0,0,0,40,119,25,122,-1
3223396369,1497468293511,1939,9,1,1,1,1,1,2,1,236,4,7,267,4,3,60,4,11,62,4,14,68,4,12,11,3,2,2,1,157,134,51,11,114,122,12,4,19,11,4,38,12,4,143,4,3,110,4,7,4,0,0,1,0,154,90,245,29,119
3265536106,1500151337794,2495,9,2,2,1,2,2,1,0,412,3,4,236,4,6,45,11,4,31,12,4,21,4,7,2,0,0,1,0,51,114,117,202,59,22,4,7,143,4,3,27,6,12,56,4,11,90,4,14,11,3,1,3,0,119,113,55,33,67
3325739930,1504251978316,1604,9,2,1,2,0,0,1,2,64,11,4,157,4,12,17,4,7,143,4,14,55,4,14,0,0,0,1,0,154,40,238,122,67,105,12,4,53,3,4,51,7,4,75,12,6,113,4,11,6,0,0,1,1,238,412,31,114,25
3252481801,1499286167776,1414,9,1,2,1,1,0,1,2,23,12,4,236,7,4,412,3,4,2,11,6,134,4,6,7,1,0,2,0,154,29,105,498,117,113,4,11,99,4,21,54,4,12,119,4,7,53,14,4,0,0,0,0,1,117,157,51,238,92
3323087099,1504049103809,1520,9,2,1,2,2,0,2,0,104,4,11,164,12,4,157,4,14,18,4,7,37,4,14,0,0,0,0,0,67,58,113,412,201,29,7,4,40,3,4,254,11,4,3,12,4,84,4,3,10,2,0,3,0,238,11,63,122,119
3277747134,1501001575998,2083,9,1,2,1,1,1,1,1,154,4,11,58,12,4,99,14,4,202,4,7,432,3,4,7,1,1,3,1,157,57,79,114,23,59,4,11,429,4,7,412,4,3,61,4,21,150,4,12,5,0,0,2,0,141,41,119,51,31
3321527985,1503946221783,1758,9,1,1,1,1,1,1,0,164,12,4,32,4,11,44,4,3,134,4,14,202,7,4,7,1,1,3,0,119,18,238,92,105,54,12,4,1,14,4,45,3,4,110,4,7,11,4,7,4,0,0,0,0,63,31,122,119,51
3327417175,1504363603311,1372,9,1,1,1,1,0,2,1,29,4,7,33,11,4,117,3,4,8,4,12,4,12,4,7,1,0,1,1,18,75,31,91,57,498,4,7,24,4,11,39,4,12,245,4,12,497,3,4,2,0,0,1,0,157,54,16,420,154
3310434358,1503166130375,2401,9,2,2,2,1,2,2,2,79,4,14,110,7,4,54,4,12,56,11,12,432,4,14,8,4,0,0,0,117,238,29,31,16,429,7,4,53,14,4,102,11,4,7,4,12,58,12,4,8,1,2,6,1,119,33,29,3,67
3312939496,1503335449909,2565,9,2,2,1,1,1,1,0,64,11,4,75,4,12,81,7,4,245,4,12,99,3,4,9,1,1,3,0,59,150,114,157,8,7,14,4,48,4,12,24,11,4,44,14,4,498,4,7,9,2,0,1,0,57,117,11,134,141
3309942047,1503155488431,1470,9,2,2,2,2,0,2,0,55,4,14,53,4,3,18,4,7,86,4,12,32,11,4,0,0,0,0,0,92,99,25,11,61,27,12,6,254,4,11,1,4,14,67,7,4,89,4,3,10,2,0,2,0,114,117,134,19,131
3225640141,1497627916929,2645,9,1,1,1,1,1,1,0,37,3,4,19,4,11,202,7,4,30,12,4,50,4,12,8,3,1,4,0,11,60,64,157,84,33,11,4,238,4,14,16,4,3,51,4,7,74,12,4,4,0,0,0,0,92,119,64,157,105
3318117851,1503691174621,1245,9,1,1,1,0,0,2,0,16,4,3,133,4,7,57,11,4,38,4,14,85,4,12,6,0,0,1,0,91,516,67,412,122,421,11,4,61,21,4,92,4,12,12,14,4,202,7,4,0,0,0,1,0,122,29,11,105,134
3326272893,1504290145506,1864,9,2,1,2,2,2,2,0,22,4,7,105,14,4,121,4,11,41,12,4,26,3,4,3,0,0,2,0,245,238,157,113,29,8,4,12,57,4,11,119,4,7,80,4,14,117,4,3,7,1,1,1,0,33,61,59,157,40
3324813691,1504194082042,932,9,2,2,2,0,0,0,0,44,4,3,85,14,4,36,12,4,119,4,7,107,4,11,0,0,0,0,0,122,38,40,154,157,8,4,14,141,4,11,98,14,4,18,4,7,59,4,12,4,0,0,0,0,29,157,134,154,64
3326755263,1504343227315,2202,9,1,2,1,1,1,1,2,497,3,4,141,11,4,238,14,4,50,4,12,498,7,4,11,3,1,3,0,119,51,157,64,6,236,4,7,245,4,14,25,3,4,105,12,4,32,11,4,1,0,0,0,1,37,92,157,103,516
3326870254,1504349836055,1740,9,1,1,1,1,0,1,0,78,4,11,86,12,4,14,4,7,202,7,4,99,21,4,9,2,0,1,0,412,119,58,103,157,89,4,3,75,4,12,51,4,7,154,11,4,61,6,4,0,0,0,0,0,11,119,-1,-1,122
3246758667,1498917035629,1791,9,1,1,1,1,1,1,0,69,4,3,9,4,11,106,3,4,5,14,11,114,12,4,9,3,1,3,0,67,122,80,84,115,154,4,11,432,4,14,420,4,12,4,1,4,202,7,4,4,0,0,0,0,157,24,11,119,103
3244662068,1498763130102,3043,9,2,2,2,2,2,2,0,4,4,21,105,11,4,22,7,4,112,4,12,412,4,14,5,0,1,2,0,238,154,51,7,61,134,4,14,76,11,4,429,4,7,17,4,12,497,4,3,10,2,2,2,0,3,51,48,238,119
3244423262,1498753197479,2591,9,2,2,1,2,2,1,0,121,4,11,112,14,4,67,7,4,58,12,4,16,4,7,3,0,0,1,0,498,92,61,157,119,18,4,3,222,7,4,163,21,4,107,4,11,114,4,12,11,4,1,1,0,56,119,8,105,498
3321460140,1503944025697,1980,9,2,1,2,2,0,2,0,11,4,11,24,4,14,75,6,14,96,4,7,16,3,4,2,0,0,0,0,131,89,61,114,119,51,4,7,412,4,3,45,4,21,154,11,4,150,4,12,8,1,0,2,0,55,105,40,114,157
3328563531,1504453541457,1623,9,2,1,2,2,2,1,0,498,4,7,131,14,4,58,12,4,117,4,3,32,4,11,3,0,0,2,0,141,16,29,21,7,222,4,7,40,3,4,8,6,4,19,11,4,240,12,4,10,1,1,1,0,11,84,119,29,67
3327074987,1504351229967,2416,9,2,1,1,2,1,2,0,498,4,7,40,4,3,245,4,12,64,4,11,68,4,12,7,0,1,1,0,53,238,79,122,157,117,4,3,29,4,7,37,7,4,60,11,4,26,4,14,8,1,0,4,0,67,59,141,150,516
3256904887,1499602656833,1326,9,2,1,1,0,2,2,0,121,11,4,51,4,7,412,14,4,103,4,14,24,4,12,1,0,0,0,0,7,119,38,-1,240,12,3,4,64,4,11,41,12,4,161,7,4,498,7,4,6,0,1,2,0,114,25,79,7,154
3329518574,1504524922618,2049,9,2,1,1,2,2,1,1,61,6,4,89,4,14,498,4,7,39,12,4,121,11,4,2,0,0,1,1,114,117,33,31,40,64,4,11,15,4,7,27,12,6,103,14,4,412,4,3,11,4,1,3,0,516,113,19,18,55
3246922088,1498923322188,1754,9,1,2,2,1,2,1,1,40,4,3,8,4,12,51,4,7,64,11,4,101,6,4,11,2,0,3,1,63,92,29,122,117,498,4,7,412,3,4,1,4,14,154,11,4,114,4,12,3,0,1,0,0,58,157,497,105,25
3329672396,1504533696093,2145,9,1,2,1,1,0,1,0,53,4,3,236,4,14,18,4,7,54,4,12,35,14,11,10,2,0,2,0,67,74,90,238,63,45,4,14,51,4,7,86,12,4,55,4,12,120,4,11,6,0,0,1,0,141,24,29,498,-1
3260892575,1499859100141,1959,9,1,2,2,1,1,1,0,120,6,11,58,4,12,89,4,3,61,21,4,104,7,4,11,2,1,2,0,25,498,119,63,53,202,7,4,34,4,14,60,4,11,412,3,4,31,12,4,4,0,0,0,0,238,67,114,157,7
3282775973,1501339477964,2120,9,2,2,2,2,2,1,0,59,11,4,29,4,7,150,12,4,92,14,4,25,4,14,4,0,0,1,0,141,64,238,498,31,202,4,7,40,3,4,24,4,11,45,4,14,14,12,4,10,2,1,3,0,412,75,141,157,31
3327601960,1504373410396,1953,9,2,2,2,1,1,2,2,40,4,3,498,4,7,61,12,4,60,4,11,79,12,4,5,1,1,1,0,16,18,113,141,157,421,4,11,90,12,4,266,12,4,12,4,14,29,4,7,8,1,0,2,1,38,16,119,96,141
3325312097,1504208522768,1964,9,1,1,1,1,1,2,0,68,4,12,40,4,3,4,4,6,33,11,4,18,4,7,9,2,2,0,0,57,119,157,141,105,267,4,3,96,7,4,2,4,11,122,4,12,61,6,4,3,0,0,2,0,126,29,114,59,119
3331065468,1504627748786,1858,9,1,1,1,1,1,1,1,157,14,4,412,4,3,114,4,12,110,4,7,9,4,11,11,4,1,1,1,40,29,67,238,16,33,4,11,31,12,4,222,7,4,267,3,4,236,4,14,0,0,0,1,0,19,29,40,18,117
3273898715,1500723534357,2326,9,1,2,1,2,2,1,2,117,4,3,101,6,4,67,4,7,157,12,4,111,11,4,7,1,0,1,0,63,122,121,51,23,31,11,4,92,4,12,202,7,4,53,14,4,4,14,4,9,1,1,3,1,134,25,141,119,154
3323990401,1504114925739,1737,9,1,1,2,1,0,1,1,141,4,11,45,3,4,3,4,14,122,12,6,22,7,4,10,2,0,2,1,114,11,157,103,23,412,4,3,18,4,7,90,4,14,86,4,14,102,4,11,2,0,0,1,0,51,58,91,16,5
3327109425,1504353089176,923,9,1,1,1,0,0,1,0,58,4,12,113,4,11,21,4,7,161,4,14,59,4,14,3,0,0,1,0,89,24,91,103,157,126,14,4,37,4,3,141,6,11,51,4,7,48,12,4,0,0,0,0,0,516,55,53,157,122
3331373273,1504644087593,1892,9,2,2,2,2,2,2,2,67,7,4,78,4,14,75,11,4,6,4,12,7,14,4,1,0,0,0,0,157,37,16,117,9,24,4,12,5,11,4,115,4,14,429,7,4,44,4,3,8,2,1,3,1,11,122,31,238,40
3323959817,1504111857079,1172,9,1,1,1,0,0,1,1,10,4,12,89,4,3,28,4,11,67,7,4,143,21,4,4,0,0,2,1,157,238,122,18,119,120,6,11,41,4,3,53,4,3,236,4,12,107,12,4,1,0,0,0,0,103,122,427,81,498
3321147155,1503922117497,1809,9,2,2,1,0,0,2,1,64,4,11,222,7,4,103,4,14,53,4,3,82,4,12,4,0,0,0,1,21,39,119,105,157,238,12,4,28,4,11,201,3,4,245,4,12,51,4,7,7,0,0,3,0,157,141,122,119,67
3258355348,1499695786048,2377,9,1,1,1,1,2,1,1,498,7,4,497,3,4,2,11,6,1,12,4,17,4,12,10,2,1,4,1,119,67,41,53,157,50,12,4,63,3,4,22,7,4,102,11,14,103,14,4,3,0,1,1,0,157,45,53,122,99
3330226889,1504565557828,1838,9,2,1,1,2,2,2,1,21,7,4,61,21,4,150,4,12,64,4,11,117,4,3,3,0,0,0,1,8,16,114,24,23,79,4,11,40,3,4,75,4,12,67,4,7,238,14,4,10,2,1,2,0,113,16,55,141,19
3318999022,1503755034321,1653,9,1,1,1,1,0,1,1,67,7,4,91,4,11,157,14,4,111,12,4,99,3,4,11,2,0,2,1,11,236,24,245,23,53,4,3,8,6,4,51,4,7,121,11,4,115,14,4,1,0,0,0,0,25,50,141,238,29
3328631799,1504453584712,198,9,2,1,0,0,0,0,0,222,7,4,28,11,4,86,4,12,53,4,14,115,4,21,0,0,0,0,0,119,154,122,55,64,103,14,4,16,4,3,141,4,11,18,4,7,24,4,12,0,0,0,0,0,238,117,31,40,29
3299234673,1502481237186,2275,9,1,1,2,2,1,2,0,63,4,14,11,4,11,86,12,4,53,4,3,110,4,7,8,1,2,1,0,23,238,122,114,74,141,11,4,31,4,3,57,4,12,115,14,4,15,4,7,6,1,0,3,0,18,114,157,412,121
3324424855,1504141640945,1854,9,2,1,1,2,2,2,0,81,7,4,114,4,12,117,4,3,74,21,4,31,11,4,3,0,0,0,0,120,91,80,516,90,62,14,4,28,4,11,429,4,7,412,4,14,98,12,4,7,1,1,3,0,141,53,64,157,40
3315422308,1503500767292,2000,9,1,1,2,1,1,1,0,432,4,14,236,4,7,102,3,11,136,1,4,92,12,4,10,2,1,1,0,119,154,18,238,131,48,4,12,141,11,4,29,4,7,40,4,3,45,4,12,4,0,0,2,0,119,11,18,498,114
3236858691,1498311917138,1496,9,1,1,1,1,0,1,1,40,4,3,57,12,4,254,4,11,25,12,4,29,4,7,6,1,0,2,1,23,11,58,238,154,32,11,4,67,4,7,84,14,4,92,4,12,117,4,3,1,0,0,0,0,11,2,105,143,122
3267063840,1500242089135,1823,9,2,2,2,1,2,1,2,267,4,3,61,4,6,10,4,12,21,7,4,5,4,11,8,1,0,1,0,53,67,51,122,154,23,4,12,25,4,3,38,12,4,18,7,4,92,11,4,9,2,1,1,1,11,157,154,119,238
3322508620,1504015784337,1837,9,2,2,2,2,2,2,0,31,4,11,18,4,7,157,4,12,37,4,3,96,4,6,2,0,0,0,0,11,238,29,84,141,117,4,3,8,6,4,59,4,11,67,7,4,82,4,14,11,2,1,3,0,40,113,38,141,61
3323124224,1504054559043,2352,9,2,2,1,2,2,2,0,141,11,4,41,12,4,222,7,4,16,3,4,122,4,12,3,0,0,1,0,157,53,29,67,31,61,4,14,143,4,14,79,4,11,51,4,7,516,4,12,11,3,2,4,0,236,29,134,31,238
3330135959,1504558443558,3148,9,2,2,2,2,2,2,2,111,3,4,45,4,14,429,4,7,64,4,11,17,12,4,10,3,0,3,0,122,92,113,238,90,53,3,4,157,4,14,23,11,4,31,4,12,21,4,7,11,5,2,3,1,51,59,29,498,81
3329375791,1504488981840,2034,9,2,2,2,2,0,2,0,141,4,11,99,21,4,22,7,4,85,12,4,201,4,3,0,0,0,1,0,119,53,105,222,18,122,4,12,31,4,12,63,14,4,236,4,7,19,6,11,10,4,0,2,0,69,11,133,51,18
3270918069,1500498542490,1367,9,2,2,2,2,0,0,0,64,11,4,74,4,12,268,14,4,497,4,3,81,4,7,1,0,0,0,0,117,24,157,53,89,3,4,12,141,11,4,18,4,3,122,12,4,412,4,3,6,1,0,0,0,201,157,23,236,154
3319433497,1503781066890,2111,9,1,1,2,1,1,2,0,59,4,11,62,12,4,268,4,7,111,4,14,22,7,4,7,1,1,2,0,90,29,157,102,117,516,11,4,412,4,14,79,4,14,41,4,12,15,4,7,2,0,0,1,0,498,6,18,201,55
3317244461,1503608995896,2382,9,1,1,1,1,2,2,0,105,14,4,22,4,7,59,4,11,412,4,14,133,4,3,9,1,1,2,0,55,18,117,119,40,57,11,4,121,14,4,266,4,12,245,12,4,202,7,4,5,0,1,2,0,8,157,51,40,119
3329024251,1504461983368,1086,9,1,1,1,0,0,0,0,9,4,11,105,14,4,267,3,4,119,7,4,39,12,4,3,0,0,0,0,121,40,236,18,64,8,4,12,157,14,4,35,14,11,63,4,3,202,4,7,0,0,0,0,0,114,238,16,57,12
3318815668,1503738041269,1873,9,1,1,1,1,1,1,1,53,4,14,110,4,7,245,12,4,56,11,4,62,4,12,10,2,1,3,1,432,58,38,64,18,238,14,4,25,4,14,119,4,7,141,11,4,45,4,12,1,0,0,0,0,55,157,40,16,29
3274111999,1500734939241,1666,9,1,2,1,0,1,1,2,25,14,4,20,4,11,51,7,4,84,4,12,41,4,3,4,0,1,3,0,105,122,126,104,19,22,4,7,50,4,12,14,4,3,78,11,4,43,4,14,3,0,0,0,1,23,53,420,122,119
3322405650,1504007835571,1676,9,1,2,1,1,2,1,0,267,3,4,222,4,7,11,11,4,133,12,4,105,4,14,6,1,0,3,0,31,7,55,157,141,121,11,4,24,4,12,13,4,6,18,7,4,497,3,4,1,0,1,0,0,238,157,29,59,40
3250065448,1499110480421,1333,9,2,2,2,2,0,1,0,412,3,4,64,4,11,21,4,7,27,6,14,103,4,21,1,0,0,1,0,3,143,20,238,80,57,4,11,223,4,14,498,7,4,53,3,4,157,4,12,8,2,0,0,0,115,29,154,67,114
3317336361,1503614562719,1248,9,1,1,1,1,0,1,1,203,4,11,3,12,4,85,3,4,86,14,4,22,7,4,9,2,0,1,1,105,64,114,53,103,84,4,12,104,4,11,157,12,4,117,4,7,202,4,7,0,0,0,0,0,63,90,105,245,238
3308971371,1503079361528,1160,9,1,1,1,1,0,1,0,16,3,4,238,14,4,67,4,7,10,14,4,33,11,4,11,3,0,1,0,34,157,80,89,114,96,4,7,63,3,4,91,14,4,64,11,4,39,4,12,0,0,0,0,0,157,29,40,117,75
3284085835,1501427028997,1451,9,2,2,2,0,0,2,0,157,4,11,267,4,3,15,7,4,236,4,3,86,4,12,2,0,0,0,0,57,107,31,75,141,33,4,11,134,3,4,111,12,4,29,4,7,14,4,14,5,0,0,1,0,141,27,154,6,238
3282209936,1501276202288,1438,9,2,1,2,2,2,2,0,245,12,4,29,4,7,12,4,3,32,11,4,6,12,4,0,0,0,0,0,21,67,75,157,92,122,4,12,19,4,11,236,4,7,412,3,4,61,4,14,9,2,1,1,0,157,119,238,57,114
3324865568,1504197648861,1761,9,1,1,2,1,0,2,0,79,11,4,84,4,14,141,4,12,516,4,3,67,4,7,10,2,0,2,0,119,75,31,154,157,98,4,11,21,7,4,27,6,12,223,4,3,238,4,14,2,0,0,1,0,1,134,201,25,122
3257867513,1499685022906,2888,9,2,1,1,2,2,1,0,412,4,14,45,4,14,254,4,11,29,4,7,58,4,12,8,1,1,3,0,157,23,25,3,53,101,1,4,107,11,4,26,3,4,51,4,7,24,12,4,10,4,1,2,0,114,134,53,67,238
3319819104,1503834814343,1456,9,1,1,1,1,1,1,1,121,4,11,117,14,4,18,7,4,36,4,12,99,21,4,11,4,1,2,1,75,154,157,516,40,59,4,11,29,4,3,16,4,7,24,4,12,1,4,14,1,0,0,0,0,516,40,92,67,134
3327869007,1504389700475,1336,9,1,2,2,1,0,2,2,67,12,4,20,4,11,4,6,4,497,3,4,15,4,7,8,1,0,1,0,40,75,-1,26,18,56,11,4,136,4,1,58,4,14,57,12,4,498,7,4,3,0,0,1,1,122,141,114,157,29
3279525182,1501095827457,2656,9,1,1,2,1,1,2,0,22,7,4,141,12,4,117,4,14,48,4,11,1,4,14,9,3,1,4,0,10,23,34,119,157,41,4,3,6,12,4,54,3,4,5,4,11,202,7,4,6,0,0,1,0,53,114,238,105,122
3322391351,1504006034386,1982,9,1,2,2,2,2,2,0,117,3,4,15,7,4,107,4,11,91,14,4,8,4,12,8,1,0,1,0,122,29,39,40,57,61,4,3,3,12,4,18,4,7,37,3,4,141,11,4,7,1,1,1,0,59,31,53,84,-1
3308041909,1503001445009,2242,9,1,1,1,1,1,1,0,121,4,11,53,7,4,6,4,12,236,1,4,45,7,4,9,2,1,3,0,157,105,80,36,498,240,11,4,267,3,4,3,4,12,63,14,4,22,4,7,2,0,0,0,0,238,107,103,51,25
3317074217,1503601348092,1396,9,1,2,1,1,1,1,1,432,3,4,92,12,4,67,4,7,57,11,4,236,3,4,8,2,1,1,1,157,4,238,51,29,119,4,7,61,4,21,40,3,4,24,4,12,254,11,4,3,0,0,0,0,516,7,18,31,122
3274660328,1500794975313,1684,9,2,2,1,2,2,1,0,90,6,4,19,4,11,412,4,3,80,4,12,51,7,4,2,0,0,1,0,157,8,55,122,31,67,7,4,5,11,4,75,12,4,99,4,21,53,14,4,11,3,1,1,0,141,238,55,245,122
3329686610,1504535064710,1677,9,1,1,1,1,1,1,0,21,4,7,13,4,6,81,11,4,98,12,4,29,4,7,7,1,1,2,0,40,238,103,122,497,222,4,7,41,12,4,163,3,4,8,14,4,59,11,4,1,0,0,0,0,157,31,238,67,57
3331188458,1504634753379,2356,9,1,2,2,2,1,1,2,9,4,11,54,4,12,91,14,4,40,4,3,67,4,7,7,1,1,4,0,11,157,122,113,114,23,4,12,99,4,21,18,7,4,79,4,11,37,3,4,8,3,1,1,1,53,42,31,134,29
3326284645,1504290687363,1921,9,2,2,1,2,0,1,0,51,4,7,157,12,4,141,11,6,497,3,4,48,4,12,4,0,0,1,0,53,154,31,122,412,75,12,4,84,11,4,90,4,14,89,4,3,203,4,7,7,1,0,2,0,36,29,53,91,122
3328000581,1504398605479,2203,9,1,1,1,1,1,2,1,78,12,4,54,11,4,1,14,4,18,4,7,412,4,3,11,4,1,2,1,17,74,223,25,11,222,4,7,105,14,4,53,4,3,23,4,12,141,4,11,5,0,0,1,0,119,81,122,84,67
3328115593,1504431669909,1659,9,2,2,1,2,2,2,2,498,4,7,7,4,14,421,11,4,133,12,4,497,4,3,2,0,0,0,0,91,157,18,53,238,103,4,14,141,12,4,16,4,3,64,4,11,236,4,7,10,1,1,4,1,63,113,92,238,119
3319878465,1503837845273,2060,9,2,1,1,2,2,1,2,429,4,7,63,4,14,102,11,4,39,4,12,61,11,4,7,2,0,3,0,107,75,40,117,427,497,4,3,23,12,4,84,4,14,67,7,4,35,14,11,9,1,2,2,1,161,3,45,16,64
3329518985,1504525114884,2024,9,2,1,2,2,1,1,0,38,12,4,31,4,12,29,4,7,427,4,11,43,4,14,4,0,1,1,0,157,18,53,141,119,131,4,14,25,3,4,98,12,4,67,7,4,11,11,6,11,2,1,2,0,16,40,89,238,105
3319710569,1503818470960,2020,9,1,2,2,2,1,1,2,497,14,4,91,4,14,31,11,4,15,7,4,98,4,12,10,1,2,2,0,61,154,119,90,113,48,12,4,53,4,14,84,4,14,498,7,4,64,4,11,7,1,0,2,1,412,29,117,141,421
3301002679,1502570419727,2383,9,2,1,2,2,2,2,0,121,4,11,79,12,4,18,4,7,105,4,14,25,4,3,2,0,0,1,0,6,23,29,31,122,202,4,7,28,11,4,12,3,4,131,14,4,114,12,4,10,2,1,2,0,238,154,55,141,86
3331166176,1504633722319,1855,9,2,1,2,2,0,1,0,412,14,4,21,4,7,75,12,4,22,7,4,245,4,11,6,0,0,1,0,64,29,119,157,45,254,4,11,74,12,4,122,12,4,96,4,7,161,4,14,8,1,0,1,0,53,238,57,103,67
3318039360,1503688709125,1886,9,2,1,2,2,2,2,0,86,4,12,24,11,4,43,4,3,79,4,14,222,7,4,4,0,0,1,0,19,92,51,201,122,10,7,4,498,4,7,40,4,3,59,4,12,28,11,4,9,3,1,2,0,141,119,18,29,31
3219282221,1497200522750,1491,9,2,2,2,0,0,2,0,136,12,4,104,4,11,43,4,3,98,4,12,81,4,7,3,0,0,1,0,53,92,55,154,11,54,14,4,157,4,11,23,12,4,143,4,14,110,7,4,5,0,0,1,0,105,117,114,80,154
3320479612,1503851886004,1730,9,1,1,2,1,1,1,2,67,7,4,238,14,4,141,11,4,8,4,12,37,3,4,9,1,1,1,0,267,105,40,57,117,122,12,4,33,11,4,43,4,14,103,3,4,21,4,7,5,0,0,2,1,40,28,113,31,45
3324784903,1504191708746,2266,9,2,2,1,1,0,1,0,112,4,6,104,11,4,96,7,4,133,4,14,43,3,4,5,1,0,3,0,23,105,122,75,24,89,4,3,11,11,4,222,7,4,74,21,4,141,4,12,9,1,0,1,0,157,245,53,91,236
3321474484,1503942663417,1654,9,1,1,1,1,1,1,0,26,3,4,18,7,4,48,11,4,24,12,4,1,4,14,11,4,1,3,0,11,68,40,31,516,64,11,4,12,3,4,50,4,14,67,4,7,75,4,12,0,0,0,0,0,29,31,40,516,157
3323075547,1504048292653,2412,9,1,1,2,2,1,2,2,14,12,4,157,4,11,497,3,4,498,7,4,69,4,12,9,1,1,2,0,114,7,238,202,6,24,4,14,58,4,12,34,4,3,222,7,4,5,4,11,7,1,0,2,1,36,238,8,67,119
3279715022,1501107716709,1458,9,2,2,2,2,2,2,2,62,14,4,99,21,4,412,3,4,5,11,4,29,7,4,0,0,0,0,0,498,154,102,84,117,51,7,4,61,1,4,11,4,11,497,4,14,245,4,12,11,2,1,2,1,31,141,64,114,59
3313942048,1503416254486,1659,9,2,2,2,2,0,2,2,75,4,12,117,4,14,103,14,4,28,4,11,222,4,7,1,0,0,0,0,58,122,238,40,25,45,4,21,81,4,7,16,4,3,104,4,12,107,4,11,10,2,0,2,1,105,53,63,157,89
3329076548,1504465015000,1933,9,1,2,1,1,1,1,1,412,3,4,236,4,7,63,14,4,84,4,12,59,11,4,9,2,1,4,1,117,157,122,40,105,24,4,12,28,4,11,238,14,4,67,7,4,497,3,4,3,0,0,0,0,75,117,31,40,64
3300257437,1502539386166,1816,9,1,2,1,1,1,1,1,121,4,11,44,4,3,18,7,4,85,4,12,245,4,14,9,2,1,4,1,122,157,238,55,23,63,4,14,115,4,21,141,11,4,58,4,14,119,4,7,1,0,0,0,0,75,21,154,117,122
3312041359,1503274580214,2328,9,2,1,1,2,2,2,0,75,4,12,18,7,4,29,11,4,127,14,4,90,4,3,4,0,0,0,0,114,40,105,141,11,157,4,3,57,4,12,17,4,3,222,4,7,19,4,11,11,4,2,4,0,16,79,40,119,412
3283744538,1501398712004,1846,9,2,2,1,2,0,2,1,99,4,21,29,4,11,267,4,3,67,7,4,84,4,12,4,0,0,0,1,50,134,19,51,6,59,4,11,82,4,12,412,4,14,222,4,7,55,4,3,10,2,0,3,0,41,122,134,245,157
3252315615,1499279117524,1706,9,1,1,1,1,1,1,0,53,4,14,85,14,4,29,4,7,78,4,12,35,11,14,9,2,1,2,0,134,223,117,19,119,67,7,4,57,3,4,121,11,4,99,14,4,75,12,4,0,0,0,0,0,122,23,103,69,114
3329806833,1504542792240,1054,9,2,2,2,0,0,2,0,69,14,4,3,4,12,21,7,4,516,14,4,60,11,4,0,0,0,0,0,67,51,236,40,64,33,4,11,102,12,4,497,3,4,498,7,4,61,3,4,2,0,0,1,0,31,64,119,141,238
3331540673,1504655647123,1542,9,2,2,2,2,0,2,2,17,12,4,516,3,4,38,14,4,103,14,4,254,11,4,1,0,0,0,0,238,126,90,245,54,157,14,4,67,4,7,8,12,4,64,4,11,37,4,3,10,2,0,1,1,29,238,16,143,11
3257309627,1499625566868,1915,9,1,1,1,1,1,2,2,16,3,4,76,4,11,1,4,14,50,4,12,51,7,4,9,2,1,2,0,29,114,7,157,11,13,4,6,121,11,4,75,4,12,53,4,14,18,4,7,3,0,0,2,1,61,92,19,157,154
3328913681,1504458745940,1431,9,2,1,1,2,0,2,2,203,4,11,222,4,7,25,4,3,41,4,12,127,12,4,2,0,0,0,0,18,141,112,79,121,421,11,4,58,4,12,498,7,4,61,1,4,497,4,14,8,1,0,2,1,8,79,141,40,157
3322404163,1504007176603,1572,9,1,1,1,2,1,1,2,421,11,4,157,14,4,38,4,12,82,14,4,412,3,4,10,2,1,2,0,134,31,18,498,64,40,3,4,121,4,11,111,12,4,110,21,4,236,7,4,4,1,0,0,1,53,141,8,51,31
3292258730,1502024301052,2341,9,1,2,1,2,2,1,0,107,4,11,75,4,12,18,4,7,268,4,21,44,4,3,9,1,0,2,0,92,238,-1,119,64,201,4,3,157,4,14,150,12,4,110,4,7,104,11,4,6,1,1,0,0,11,90,31,122,84
3325800590,1504252843744,2545,9,2,2,2,1,2,2,1,267,3,4,11,4,11,15,4,7,4,4,14,86,4,12,8,2,1,2,1,122,16,114,141,75,21,4,7,107,11,4,67,4,12,134,14,4,53,14,4,9,2,2,3,0,104,238,498,119,141
3325565715,1504215267410,2298,9,1,1,1,1,2,1,1,23,4,12,51,4,7,61,14,4,89,4,7,154,11,4,11,3,0,4,1,105,6,141,25,201,120,11,6,42,4,7,62,4,12,412,4,3,99,4,21,2,0,1,0,0,63,58,236,498,161
3322779914,1504031495224,2306,9,1,1,2,1,1,2,2,29,7,4,40,4,3,4,4,12,64,4,11,157,4,12,10,2,1,2,0,31,122,498,141,105,18,7,4,143,3,4,516,12,4,164,12,4,45,14,4,6,0,0,2,1,119,67,53,75,107
3311600634,1503250476624,1015,9,1,2,1,0,0,0,0,43,4,14,107,11,4,31,4,12,29,4,7,12,3,4,1,0,0,0,0,53,90,5,119,11,99,3,4,75,4,12,202,7,4,55,4,14,64,11,4,0,0,0,0,0,122,17,131,157,25
3289281823,1501790204842,1609,9,1,2,1,1,0,1,1,37,3,4,18,7,4,127,14,4,33,11,4,240,12,4,11,3,0,2,1,117,31,157,105,23,131,14,4,245,4,14,25,4,14,79,11,4,51,7,4,0,0,0,0,0,122,6,157,119,61
3223148751,1497453534947,1499,9,2,2,2,2,2,1,0,110,7,4,412,4,14,103,4,12,20,4,11,114,4,12,3,0,0,1,0,119,427,38,117,7,28,4,11,59,12,4,115,4,1,432,4,14,51,4,7,8,1,1,1,0,427,35,154,38,7
3326431284,1504297684215,2174,9,2,2,2,2,2,1,0,85,4,12,89,4,3,498,7,4,29,4,11,8,4,6,2,0,0,1,0,105,412,17,67,157,53,4,3,432,7,4,36,14,4,74,4,14,516,11,4,7,1,1,2,0,51,134,25,103,86
3219376832,1497204697082,1891,9,1,2,1,1,0,1,0,104,11,4,84,4,14,51,7,4,43,3,4,92,12,4,10,1,0,3,0,89,240,19,23,11,5,4,11,157,4,14,63,4,3,78,4,12,81,4,7,2,0,0,0,0,105,103,154,77,29
3329780765,1504538932104,2364,9,1,1,1,1,1,1,1,35,11,14,420,12,4,61,1,4,110,7,4,267,4,14,10,2,1,4,1,29,238,157,64,53,134,4,21,37,4,14,67,4,7,164,12,4,141,11,4,2,0,0,0,0,202,105,64,31,157
3328517642,1504452268618,1367,9,2,2,2,0,0,2,0,67,4,12,19,4,11,61,4,21,429,7,4,201,4,3,0,0,0,0,0,33,122,8,134,40,111,3,4,41,12,4,29,7,4,76,11,4,1,12,4,6,0,0,2,0,154,412,11,101,18
3306951245,1502957797543,1635,9,2,2,2,2,0,2,2,268,4,1,11,4,11,150,4,12,236,7,4,89,4,14,2,0,0,0,0,157,131,92,51,154,103,4,14,202,4,7,44,4,3,240,4,12,113,11,4,8,1,0,2,1,112,92,57,18,31
3330694089,1504604232447,1800,9,1,2,1,1,0,1,1,105,4,14,19,11,4,75,4,12,222,4,7,37,4,3,10,2,0,3,1,18,254,90,31,11,63,4,14,497,4,3,96,4,7,9,4,11,82,4,14,4,0,0,0,0,16,498,24,157,238
3331276083,1504639246641,1640,9,1,2,1,1,1,1,1,69,4,3,34,12,4,31,11,4,429,7,4,412,4,14,10,2,1,2,1,245,157,25,91,38,119,4,7,497,4,14,61,4,21,8,12,4,141,11,4,0,0,0,1,0,24,40,90,161,18
3263354979,1499987925525,2402,9,1,1,2,1,0,1,1,117,3,4,28,4,12,238,4,14,22,7,4,113,4,11,9,1,0,4,1,105,141,53,154,157,412,4,3,30,21,4,119,4,7,202,4,7,92,4,11,3,0,0,0,0,31,157,122,141,29
3320953386,1503885952341,2654,9,1,2,2,2,2,1,0,16,4,3,236,4,7,59,4,11,45,4,12,41,4,12,6,1,0,3,0,157,64,92,40,117,238,4,14,21,7,4,516,4,12,79,11,4,44,3,4,9,1,1,1,0,75,498,29,122,40
3325279880,1504210453100,2054,9,2,1,1,2,2,1,1,25,14,4,516,4,12,121,11,4,202,4,7,163,21,4,4,0,0,1,1,29,157,134,141,122,79,4,11,136,3,4,18,7,4,20,4,11,39,4,12,8,1,2,3,0,57,266,103,40,238
3328234047,1504441317507,1381,9,1,1,2,1,0,1,1,15,7,4,161,21,4,48,4,14,117,4,3,32,4,11,7,2,0,2,1,141,157,29,120,114,85,4,14,516,4,12,254,4,11,9,4,3,119,4,7,2,0,0,0,0,420,154,18,31,122
3281183748,1501230767414,967,9,2,2,2,0,0,2,2,45,21,4,98,4,12,110,4,7,254,4,11,89,3,4,0,0,0,0,0,141,238,51,86,102,90,12,4,53,4,3,236,4,7,83,11,4,122,14,4,3,0,0,1,1,25,157,31,24,117
3327407223,1504363579973,2070,9,2,1,1,2,1,1,0,5,4,11,25,4,3,18,7,4,45,4,14,57,4,12,4,0,1,2,0,53,122,23,238,75,37,3,4,34,4,14,11,4,11,36,12,4,222,7,4,8,2,0,2,0,122,55,16,119,157
3314472442,1503441241517,1532,9,2,2,2,2,2,2,0,89,3,4,48,12,4,18,7,4,105,4,14,33,4,11,2,0,0,0,0,154,119,238,10,90,7,14,4,236,4,7,75,12,4,427,4,11,63,14,4,9,1,1,2,0,53,31,238,122,164
3325565017,1504215019482,3047,9,1,2,1,1,1,1,0,102,4,12,25,4,14,498,7,4,497,4,3,35,14,11,9,3,1,2,0,82,92,55,222,103,51,7,4,78,4,11,267,4,3,99,4,12,240,12,4,6,1,0,2,0,53,131,64,92,157
3328564336,1504453783334,2202,9,2,1,1,2,2,1,2,43,4,14,41,4,12,18,4,7,39,4,14,141,4,11,4,0,0,2,0,117,8,92,154,412,119,7,4,103,4,14,16,3,4,54,4,12,79,11,4,10,2,2,1,1,114,84,157,29,40
3327229339,1504356184017,2097,9,1,2,1,1,1,1,0,113,4,11,63,4,14,222,4,7,25,12,4,17,4,12,11,4,2,4,0,16,84,53,141,238,8,12,4,110,4,7,34,4,14,106,11,4,40,4,3,1,0,0,0,0,18,157,236,122,24
3327855822,1504388718184,1906,9,2,2,2,2,2,1,0,117,7,4,121,4,11,29,4,3,61,3,4,75,12,4,1,0,0,1,0,157,154,119,114,164,58,12,4,202,4,7,60,4,11,238,4,14,40,3,4,11,3,1,1,0,11,23,31,90,141
3221803526,1497364469073,1137,9,2,2,1,0,0,0,0,85,12,4,267,4,3,64,11,4,8,4,6,96,4,1,1,0,0,0,0,201,117,427,143,157,61,21,4,51,4,7,92,4,12,412,3,4,421,11,4,3,0,0,0,0,117,427,7,154,75
3311260086,1503238391810,1892,9,2,1,2,2,2,2,0,141,11,4,63,3,4,81,7,4,103,14,4,6,12,4,0,0,0,0,0,31,91,119,-1,75,62,11,4,17,12,4,25,12,4,1,3,4,21,7,4,11,3,1,3,0,40,31,53,80,202
3258230589,1499690736604,1879,9,2,1,2,2,2,2,0,58,4,12,79,11,4,101,4,7,51,4,7,412,3,4,1,0,0,0,0,114,19,24,119,157,117,4,3,69,4,6,154,11,4,29,4,7,39,4,12,11,3,1,3,0,240,3,38,119,157
3322753424,1504029348522,1597,9,1,2,1,0,0,1,0,40,7,4,141,11,4,223,4,12,91,14,4,18,21,4,6,0,0,2,0,105,119,17,498,157,23,4,12,19,11,4,43,3,4,112,21,4,67,4,7,1,0,0,0,0,117,5,51,126,238
3309163714,1503089437286,1841,9,1,1,2,1,1,1,1,17,14,4,223,3,4,21,4,7,105,4,12,254,4,11,9,2,1,4,1,75,31,157,114,51,150,4,12,14,4,3,18,4,7,131,4,11,245,4,12,3,0,0,0,0,238,-1,28,34,157
3273948821,1500727401904,1488,9,2,2,2,2,2,2,2,236,7,4,412,4,3,92,4,12,134,4,14,19,4,11,0,0,0,0,0,122,89,11,90,16,45,4,14,254,11,4,23,4,12,245,4,14,498,7,4,11,4,1,2,1,24,105,64,51,157
3324947769,1504201584595,1594,9,2,1,2,0,2,2,0,141,4,11,122,12,4,98,4,14,22,4,7,136,14,4,3,0,0,0,0,238,114,266,57,157,1,14,4,31,4,12,498,4,7,107,4,11,59,3,4,2,0,1,2,0,516,67,201,45,157
3323500000,1504102965232,1851,9,2,2,1,2,2,2,0,141,4,11,516,12,4,81,14,4,115,4,12,18,7,4,4,0,0,1,0,154,238,31,90,63,40,4,3,42,12,4,498,7,4,14,4,12,56,11,4,11,3,1,1,0,16,119,75,8,33
3281854390,1501254007834,1270,9,1,1,2,0,0,1,0,10,12,4,141,11,4,89,4,3,238,4,14,22,7,4,5,0,0,2,0,64,114,6,134,11,34,4,14,67,7,4,143,4,3,76,4,11,74,4,12,1,0,0,0,0,31,157,122,25,236
3327950347,1504398478238,2002,9,2,2,2,2,0,1,0,114,12,4,141,11,4,84,14,4,22,4,7,201,4,3,1,0,0,2,0,122,55,40,51,53,119,7,4,16,7,4,86,4,14,35,11,14,117,4,3,11,4,0,1,0,122,498,134,28,32
3326687732,1504336967591,2224,9,1,1,2,1,1,2,2,245,14,4,37,4,7,222,7,4,516,12,4,141,11,4,10,3,1,1,0,89,69,86,119,105,22,4,7,25,4,3,59,4,12,64,4,11,103,4,14,5,0,0,3,1,34,150,412,28,53
3326866314,1504348369179,1376,9,2,2,2,2,2,2,2,37,3,4,22,7,4,36,14,4,11,6,11,4,4,14,2,0,0,0,0,238,31,8,86,51,134,4,14,120,4,14,5,4,11,114,12,4,67,4,11,9,1,1,2,1,63,31,57,238,-1
3330061559,1504554432611,2159,9,1,2,1,1,2,1,0,17,4,12,161,3,4,59,4,11,61,4,7,18,4,7,11,4,0,1,0,126,29,238,141,114,222,4,7,38,4,12,64,11,4,92,12,4,40,4,14,4,0,1,2,0,31,57,34,113,122
3322769002,1504031043438,2010,9,2,2,2,2,1,2,0,119,4,7,103,14,4,113,11,4,117,4,3,85,12,4,1,0,1,0,0,126,29,38,40,141,62,4,11,16,4,3,42,4,7,236,7,4,86,14,4,8,1,0,3,0,38,498,40,497,18
3310543946,1503170564711,2684,9,1,1,2,1,1,1,1,78,4,12,19,11,4,55,4,14,25,4,14,202,4,7,11,3,2,5,1,69,245,75,29,4,81,4,7,45,4,3,98,4,11,115,4,6,58,12,4,4,0,0,0,0,53,154,157,122,238
3327509678,1504369758777,2039,9,2,2,1,2,2,2,0,91,14,4,82,4,12,497,3,4,498,7,4,141,4,11,4,0,0,3,0,157,31,119,75,64,84,4,12,81,7,4,40,4,3,154,11,4,105,4,12,9,2,1,1,0,122,16,157,117,516
3319192137,1503764956485,1655,9,1,1,1,1,1,1,1,29,7,4,201,3,4,31,4,12,161,7,4,107,4,11,10,2,1,2,1,16,238,117,40,-1,12,3,4,98,4,12,34,4,12,102,4,11,202,4,7,0,0,0,1,0,126,238,38,117,18
3327650933,1504376126417,1604,9,1,1,1,1,1,1,1,421,11,4,31,12,4,63,6,4,498,7,4,497,14,4,9,1,1,2,1,141,40,103,157,53,516,4,12,18,7,4,99,4,21,267,4,3,79,4,11,0,0,0,0,0,91,119,114,117,238
3325722398,1504229764219,1134,9,2,2,2,0,0,2,0,33,11,4,98,12,4,412,4,14,202,4,7,163,14,4,0,0,0,0,0,25,91,427,84,51,103,4,14,516,4,3,35,6,11,31,4,12,222,4,7,5,0,0,1,0,122,80,53,498,157
3250326435,1499126096037,1603,9,2,1,2,2,0,2,2,55,4,14,202,7,4,412,14,4,421,11,4,75,12,6,0,0,0,0,0,114,38,3,29,92,115,14,4,119,7,4,267,3,4,58,4,12,35,11,14,10,1,0,2,1,90,114,38,154,60
3264784763,1500110100923,1606,9,1,1,1,1,1,2,0,12,3,4,202,7,4,134,6,4,74,4,12,59,4,11,7,1,1,0,0,141,60,91,154,20,497,3,4,121,11,4,82,4,12,101,4,1,498,7,4,4,0,0,1,0,114,64,238,7,412
3328089566,1504432678799,1869,9,1,1,1,1,2,1,0,81,4,7,14,4,14,41,11,4,103,14,4,48,4,12,6,1,0,2,0,117,38,114,8,113,26,4,3,36,4,12,19,4,11,85,4,14,429,7,4,1,0,1,0,0,11,141,18,92,40
3308809447,1503073925548,1405,9,2,2,1,2,0,2,0,5,4,11,7,4,14,17,4,12,412,4,3,420,4,12,1,0,0,0,0,53,103,105,55,119,19,11,4,86,12,4,51,7,4,45,3,4,131,12,4,8,1,0,2,0,238,141,21,122,6
3310544823,1503170935391,1941,9,1,2,2,1,1,1,0,69,4,3,412,4,3,17,12,4,48,11,4,119,4,7,9,1,1,3,0,110,80,90,19,111,101,4,12,131,4,11,105,4,12,53,3,4,22,4,7,2,0,0,1,0,84,157,245,67,16
3329357628,1504489061638,2242,9,1,1,1,1,2,1,2,238,4,14,75,6,12,24,4,11,45,14,4,4,7,4,11,4,0,4,0,114,-1,223,31,141,105,7,4,497,14,4,498,7,4,11,4,11,131,21,4,8,1,2,0,1,33,28,59,18,157
3258694746,1499714238023,2059,9,1,1,1,1,0,1,0,60,4,11,222,4,7,163,4,14,143,4,3,58,12,4,9,2,0,3,0,117,157,154,164,5,69,4,11,202,4,7,114,4,12,55,12,4,16,4,3,4,0,0,0,0,113,53,122,51,54
3327602304,1504373514015,1492,9,2,1,1,2,1,1,2,85,4,14,102,4,11,201,3,4,59,12,4,18,4,7,3,0,1,1,0,40,57,31,29,141,15,7,4,55,4,14,53,14,4,33,11,4,126,4,12,8,1,0,1,1,157,40,29,38,96
3325661455,1504221159880,2048,9,2,2,2,2,2,2,0,119,7,4,113,11,4,99,4,7,126,4,12,53,4,14,8,1,0,3,0,79,141,238,40,498,59,11,4,31,12,4,143,4,14,163,6,4,18,4,7,7,2,1,1,0,20,16,131,103,-1
3328968050,1504460338181,1907,9,2,1,2,2,2,1,0,61,7,4,236,4,7,267,3,4,39,4,12,19,11,4,2,0,0,1,0,31,141,18,238,40,412,14,4,29,4,7,86,12,4,107,11,4,99,14,4,10,2,1,1,0,114,238,31,92,157
3329712622,1504536270208,1609,9,1,1,1,1,0,1,1,58,12,4,15,7,4,497,3,4,64,11,4,163,4,7,7,1,0,2,1,122,40,157,31,18,161,4,12,107,4,11,412,4,14,202,4,7,516,12,4,2,0,0,1,0,40,29,498,238,119
3329353137,1504484355906,2058,9,2,1,1,2,2,1,0,45,4,7,16,4,14,105,14,4,80,4,14,104,11,4,3,0,0,1,0,103,29,114,17,157,141,4,11,53,3,4,498,4,7,69,4,6,24,4,12,11,2,1,2,0,67,119,25,19,81
3324872018,1504196724307,2503,9,2,1,2,2,1,1,0,102,4,11,29,4,7,10,4,14,223,3,4,516,12,4,3,0,1,4,0,150,429,99,12,122,17,12,14,25,3,4,59,11,4,157,4,14,110,4,7,10,3,0,1,0,122,12,119,64,31
3328119921,1504433561116,2165,9,1,1,1,1,2,1,0,67,7,4,110,4,21,134,4,1,412,4,3,141,4,11,9,2,0,2,0,122,31,238,40,202,114,4,12,4,4,21,18,7,4,36,11,4,117,4,3,4,1,1,1,0,238,121,53,29,150
3330478898,1504597779418,1044,9,1,1,1,1,0,1,1,236,4,1,150,4,12,40,3,4,51,4,7,60,4,11,7,2,0,1,1,69,59,31,29,117,85,12,4,498,4,7,53,14,4,164,12,4,113,4,11,2,0,0,0,0,141,31,79,29,117
3322570647,1504016588347,1741,9,1,2,1,1,1,1,1,412,4,3,107,4,12,516,4,11,90,4,14,67,7,4,8,2,1,2,1,18,238,58,157,222,29,4,7,223,3,4,105,4,21,31,11,4,3,4,12,1,0,0,0,0,-1,84,35,114,267
3324618155,1504183186399,1658,9,2,2,2,2,0,1,0,497,4,14,498,4,7,50,14,4,13,4,6,36,4,11,1,0,0,1,0,119,23,-1,238,11,55,4,14,154,11,4,86,12,4,67,4,7,40,4,3,10,2,0,0,0,114,89,157,90,122
3325512448,1504211397972,196,9,2,0,0,0,0,0,0,37,3,4,15,4,7,161,4,1,31,4,12,427,11,4,0,0,0,0,0,154,63,105,238,117,1,14,4,64,4,11,18,7,4,43,4,3,58,12,4,0,0,0,0,0,3,8,141,-1,-1
3328968826,1504460515698,1390,9,1,1,1,0,0,1,0,59,11,4,4,4,12,117,3,4,107,14,4,22,4,7,5,0,0,2,0,29,24,40,58,143,18,7,4,8,4,12,79,4,11,90,12,4,89,4,3,1,0,0,0,0,157,67,16,31,238
3230612424,1497897455526,1676,9,2,1,1,2,0,1,1,24,11,4,115,4,21,164,4,12,412,4,3,429,4,7,6,0,0,2,1,103,19,498,17,240,75,4,12,222,4,7,34,4,7,99,4,7,245,4,11,6,1,0,0,0,157,134,117,238,105
3229254148,1497816379757,1558,9,2,1,2,2,2,1,1,19,4,11,157,12,4,412,4,3,18,4,7,63,4,14,0,0,0,1,1,122,238,53,25,164,29,7,4,111,14,3,90,4,14,2,6,12,98,4,11,9,2,1,2,0,64,154,24,105,84
3328318050,1504445512212,1958,9,2,2,2,2,0,2,0,51,7,4,122,4,12,59,4,11,69,14,4,89,4,3,2,0,0,0,0,29,105,40,31,119,222,4,7,64,11,4,267,3,4,17,14,4,45,12,4,9,1,0,4,0,240,53,238,40,8
3275693684,1500837616204,1781,9,1,1,1,1,1,1,1,103,4,14,121,4,11,40,4,3,202,4,7,8,4,12,11,3,1,3,1,141,154,19,31,157,150,12,4,29,7,4,131,4,11,61,4,3,16,3,4,2,0,0,0,0,154,238,119,31,114
3266580073,1500219404121,1942,9,1,1,2,1,1,1,2,64,11,4,117,4,3,79,4,12,29,4,7,238,14,4,7,1,1,2,0,202,8,154,38,7,61,4,21,18,7,4,157,4,3,421,4,11,412,3,4,6,0,0,1,1,126,134,38,121,8
3317616232,1503660968243,1511,9,1,2,2,1,2,2,0,67,4,7,154,4,11,48,4,12,412,14,4,61,14,4,9,1,0,2,0,40,420,11,122,157,99,4,21,236,4,7,79,11,4,114,12,4,117,3,4,3,0,1,1,0,113,119,105,24,90
3294865113,1502197407188,2000,9,1,1,1,1,0,1,0,67,7,4,82,4,14,12,4,3,35,4,11,41,3,4,11,4,0,3,0,57,81,75,51,19,18,7,4,25,14,4,5,4,11,29,4,14,26,4,3,1,0,0,0,0,119,141,223,31,63
3312932581,1503332466236,2415,9,1,1,1,1,2,2,0,56,11,4,98,4,14,34,4,14,15,7,4,27,12,6,10,2,1,3,0,38,141,113,61,126,6,4,12,64,4,11,4,12,4,21,4,7,432,4,14,5,0,1,3,0,31,157,38,16,40
3326487787,1504301985242,1814,9,2,1,2,2,0,2,0,62,4,11,53,4,3,6,12,4,51,7,4,42,3,4,1,0,0,0,0,105,90,28,31,122,164,4,11,114,12,4,25,4,3,15,7,4,17,14,4,11,3,0,1,0,157,60,57,40,238
3329064884,1504464262860,1273,9,1,1,1,1,0,1,1,131,4,14,17,4,12,23,11,14,119,7,4,117,3,4,10,2,0,2,1,11,157,53,58,122,81,4,7,223,4,12,28,4,11,101,4,14,420,12,4,0,0,0,0,0,157,122,12,45,25
3326544923,1504304050551,1441,9,2,2,2,0,0,2,0,99,21,4,37,14,4,43,4,3,203,11,4,98,12,4,1,0,0,0,0,8,157,3,238,114,223,12,4,64,11,4,267,3,4,18,7,4,45,21,4,3,0,0,2,0,121,154,114,31,10
3326845506,1504347654544,1481,9,1,1,1,1,0,1,0,516,4,11,432,4,3,96,4,7,238,4,14,86,12,4,9,2,0,1,0,29,122,157,16,141,39,4,12,103,4,3,44,4,3,119,7,4,60,4,11,0,0,0,0,0,27,11,63,59,122
3320499038,1503854412226,1482,9,1,1,1,1,0,2,1,79,4,11,63,4,7,150,12,4,222,7,4,25,3,4,11,2,0,0,1,56,122,51,80,11,412,4,3,59,4,11,62,4,12,105,4,14,67,4,7,0,0,0,1,0,117,238,157,40,84
3253702704,1499367551100,1494,9,2,2,2,2,0,2,2,11,11,4,90,4,12,119,7,4,201,4,3,92,12,4,2,0,0,0,0,8,35,143,29,154,412,3,4,51,7,4,64,4,11,2,12,4,163,4,6,7,1,0,3,1,114,134,34,154,79
3281970505,1501259736543,1927,9,2,1,1,1,2,2,1,33,4,12,14,3,4,24,4,11,202,4,7,41,4,3,5,1,0,1,1,119,6,141,122,31,40,4,3,102,11,3,110,7,4,62,4,12,112,4,14,11,3,1,3,0,19,57,119,55,6
3254220547,1499424265249,2446,9,2,2,1,2,1,1,1,84,14,4,51,7,4,20,4,11,99,4,12,412,14,4,5,0,1,1,1,55,114,90,25,122,16,7,4,61,4,6,150,12,4,64,11,4,29,21,4,8,1,0,2,0,157,39,238,24,7
3330494459,1504588466271,1432,9,2,2,2,2,0,2,0,22,7,4,120,11,6,50,14,4,89,4,14,58,4,14,0,0,0,0,0,14,18,157,67,141,122,4,12,4,12,4,35,4,14,64,11,4,21,7,4,9,1,0,1,0,117,238,157,5,90
3252997479,1499329297501,1148,9,1,1,1,1,0,1,1,41,12,4,412,4,14,55,14,4,22,7,4,64,4,11,11,3,0,2,1,157,38,498,114,154,8,4,12,18,7,4,42,4,3,32,3,4,106,11,4,0,0,0,0,0,15,29,7,11,92
3327352708,1504359878322,2244,9,1,1,2,2,1,1,0,18,7,4,63,3,4,11,12,4,154,11,4,61,4,14,8,2,2,1,0,51,53,238,23,67,161,4,21,13,4,6,516,4,11,110,4,7,12,4,14,7,1,0,2,0,75,67,119,157,412
3321667570,1503953936584,2685,9,1,1,2,1,1,2,2,201,4,3,21,4,7,24,4,12,113,11,4,150,4,14,10,1,2,0,0,31,122,63,238,69,64,11,4,412,14,4,22,4,7,62,14,4,61,4,7,7,0,0,3,1,51,497,31,55,54
3323082925,1504047189262,2077,9,2,2,2,2,1,1,0,54,12,4,16,4,3,21,4,7,14,11,4,236,14,4,3,0,1,1,0,40,154,57,238,18,150,12,4,141,11,4,53,4,14,222,7,4,61,4,7,8,3,0,3,0,38,117,40,31,201
3328112495,1504430141609,1587,9,1,1,1,1,0,1,0,92,12,4,64,11,4,497,4,3,202,4,7,81,4,21,6,1,0,3,0,-1,122,119,141,31,21,7,4,7,4,12,516,4,3,107,11,4,157,14,4,1,0,0,0,0,105,6,238,53,31
3326271651,1504289695356,1876,9,2,2,1,2,0,2,1,1,14,4,498,7,4,25,3,4,2,11,6,58,4,12,3,0,0,1,1,157,238,53,122,105,114,12,4,91,4,14,64,4,11,16,3,4,222,7,4,9,1,0,1,0,141,63,67,29,39
3219616179,1497209347959,1021,9,2,2,2,2,0,2,2,119,4,7,122,12,4,60,4,11,45,14,4,103,4,1,4,0,0,0,0,117,114,29,8,498,412,4,14,58,12,4,51,4,7,127,4,12,154,4,11,9,3,0,1,1,25,55,38,427,157
3237707085,1498335980578,2055,9,2,2,1,2,2,2,0,38,4,14,30,12,4,37,7,4,222,4,7,131,11,4,5,0,0,0,0,7,3,114,53,157,51,7,4,43,3,4,1,4,12,79,11,4,122,4,12,10,2,1,3,0,412,157,117,3,154
3322937647,1504038895178,1395,9,2,2,2,2,2,2,2,37,3,4,58,12,4,42,4,21,121,11,4,8,6,4,1,0,0,0,0,33,38,80,119,57,81,4,7,101,4,21,5,4,11,240,4,12,16,4,3,9,1,1,2,1,40,117,24,18,7
3324405293,1504141186304,1973,9,1,1,1,1,1,1,1,19,11,4,17,4,12,29,7,4,53,4,3,134,3,4,11,2,1,3,1,31,28,80,119,157,86,4,12,498,4,7,126,12,4,238,4,14,79,11,4,2,0,0,1,0,40,91,141,31,157
3326099316,1504280292302,2525,9,2,2,2,2,2,2,1,40,4,3,90,14,4,23,4,12,29,7,4,33,11,4,5,0,0,1,1,41,18,31,122,141,81,4,7,99,4,21,120,4,11,57,4,12,44,4,3,8,2,2,4,0,114,268,53,122,25
3266496127,1500215656933,1274,9,1,1,1,1,0,1,1,41,3,4,115,7,4,223,3,4,67,4,14,120,11,6,9,2,0,2,1,412,80,141,154,122,23,4,12,69,3,4,117,3,4,5,11,4,15,7,4,0,0,0,0,0,141,17,157,86,114
3296533584,1502307838695,2045,9,1,2,2,1,0,1,1,37,3,4,240,12,4,18,7,4,45,14,4,121,11,4,7,1,0,3,1,122,38,75,79,119,80,4,11,4,1,4,222,4,7,86,4,12,117,3,4,5,0,0,0,0,91,141,40,122,55
3319942730,1503841855173,1842,9,1,1,1,1,0,1,0,103,4,7,121,4,11,143,14,4,81,4,7,17,12,4,9,2,0,1,0,105,23,5,85,238,7,4,12,498,4,7,133,11,4,44,4,3,516,4,12,0,0,0,0,0,90,119,23,55,157
3267430500,1500295840275,1621,9,1,2,1,1,0,1,0,141,11,4,412,4,3,110,4,7,45,4,21,58,12,4,9,1,0,2,0,119,67,114,105,154,5,4,11,21,7,4,34,4,14,201,3,4,92,4,12,0,0,0,0,0,105,64,51,86,25
3250073629,1499112290372,1602,9,2,2,2,2,0,2,0,67,7,4,105,14,4,161,4,3,74,12,4,32,4,11,1,0,0,0,0,143,238,50,157,92,38,4,12,267,4,3,78,4,11,119,4,7,150,12,4,11,3,0,3,0,51,92,157,154,412
3298513784,1502450505901,1648,9,1,1,1,1,0,1,1,222,4,7,41,4,12,86,4,12,117,3,4,19,11,4,11,3,0,3,1,131,17,245,53,2,25,3,4,28,11,4,7,12,4,67,7,4,78,4,12,0,0,0,0,0,122,31,432,53,63
3329928664,1504548739947,1519,9,2,1,2,2,2,2,2,117,3,4,61,14,4,96,4,7,5,4,11,24,4,12,2,0,0,0,0,119,40,113,38,53,429,4,7,497,4,14,421,11,4,79,12,4,112,6,4,9,2,1,3,1,53,40,29,31,412
3324517885,1504174670340,1816,9,1,1,2,1,1,2,0,497,4,3,18,7,4,80,4,12,42,4,7,57,11,4,8,2,1,1,0,113,60,31,105,117,141,11,4,79,14,4,51,7,4,53,14,4,24,4,12,1,0,0,1,0,40,27,238,90,29
3260263029,1499812786612,2367,9,1,1,2,1,1,2,1,154,11,4,3,4,12,202,7,4,63,3,4,45,4,21,10,1,1,0,1,114,122,119,238,157,61,4,14,58,4,12,90,4,14,67,4,7,254,4,11,4,0,0,5,0,17,51,7,105,157
3312429690,1503322458540,1930,9,2,2,1,2,2,2,1,222,4,7,163,21,4,53,4,3,59,11,4,24,4,12,4,0,0,0,1,18,31,122,238,23,150,12,4,103,14,4,236,7,4,89,3,4,113,4,11,9,2,1,3,0,157,40,48,105,31
3282267928,1501278742669,1180,9,1,1,1,0,0,1,1,38,4,14,117,4,3,17,12,4,222,4,7,80,11,4,5,0,0,1,1,114,131,238,11,122,412,14,4,103,14,4,2,12,4,3,4,11,67,4,7,1,0,0,0,0,11,57,498,157,84
3327655836,1504377626163,1700,9,2,1,1,2,2,1,0,12,4,14,134,4,7,59,4,12,113,4,11,202,4,7,4,0,0,1,0,412,29,40,121,38,25,4,14,18,7,4,76,11,4,42,4,1,14,12,4,10,1,1,0,0,28,79,60,119,40
3296415170,1502302037131,1365,9,1,2,1,1,1,1,1,40,3,4,24,4,11,22,7,4,115,4,12,23,12,4,10,2,1,2,1,119,41,498,7,75,18,4,7,57,4,11,26,4,3,6,6,12,38,4,12,1,0,0,0,0,122,31,157,62,29
3327793663,1504385339791,1287,9,1,1,1,1,0,1,0,25,4,3,18,7,4,5,4,12,77,4,11,84,14,4,7,1,0,1,0,23,119,53,105,91,56,11,4,1,7,4,110,4,7,516,12,4,267,4,3,0,0,0,0,0,119,141,103,420,83
3324207284,1504125357856,2596,9,1,2,2,2,1,1,0,150,4,12,143,4,21,22,4,7,56,11,4,25,3,4,9,1,1,3,0,64,40,516,157,245,53,4,3,63,14,4,5,12,4,106,4,11,81,4,7,6,1,0,2,0,122,121,133,31,119
3327890679,1504390111807,1953,9,1,2,1,1,0,1,1,161,7,4,202,4,7,432,4,14,64,4,11,420,12,4,11,3,0,3,1,105,412,126,40,238,222,4,7,80,4,14,117,4,3,121,11,4,13,4,6,0,0,0,0,0,105,14,75,412,31
3324839666,1504196045082,2175,9,1,1,1,1,1,1,0,202,7,4,98,12,4,99,21,4,40,4,3,78,11,4,9,2,1,4,0,117,157,34,38,161,113,11,4,429,4,7,39,12,4,7,4,14,412,14,4,2,0,1,0,0,57,69,119,141,16
3322616228,1504021117413,1367,9,2,2,2,2,2,2,2,16,4,3,13,4,6,81,4,7,126,4,12,56,4,11,1,0,0,0,0,117,12,141,75,24,14,12,4,99,4,21,121,4,11,18,7,4,267,3,4,8,1,1,2,1,238,154,122,40,117
3320805892,1503869897456,2622,9,2,1,2,2,1,2,0,31,4,12,18,7,4,254,4,11,37,4,14,61,4,3,4,0,1,1,0,75,114,238,201,67,59,4,11,16,3,4,157,14,4,141,12,4,202,4,7,9,1,1,4,0,-1,84,24,238,121
3324198004,1504125248212,1446,9,2,1,2,0,0,2,2,59,4,11,126,4,12,53,4,14,134,21,4,42,7,4,0,0,0,0,0,37,75,29,64,80,68,4,12,15,7,4,12,4,3,35,14,11,131,4,14,5,0,0,1,1,67,27,238,141,119
3253442194,1499352229517,2020,9,1,2,1,1,0,2,0,105,14,4,106,11,4,58,12,4,21,4,7,25,4,3,9,2,0,1,0,154,134,114,498,117,18,4,7,24,4,12,61,3,4,11,11,4,40,4,3,2,0,0,1,0,119,157,8,117,20
3287802242,1501693504492,2287,9,2,1,1,2,0,2,0,64,11,4,63,4,14,39,4,12,201,3,4,67,4,7,4,0,0,0,0,38,36,240,238,53,98,14,4,51,7,4,17,4,11,61,21,4,54,12,4,9,1,0,4,0,119,68,29,31,114
3329921243,1504546826164,2284,9,1,2,2,1,2,1,0,40,4,3,5,11,4,126,12,4,131,14,4,15,4,7,7,1,0,3,0,29,23,53,107,164,106,11,4,37,3,4,18,7,4,7,4,12,122,12,4,5,0,1,0,0,17,64,236,103,119
3328985350,1504461756309,2467,9,1,2,2,2,2,2,0,86,12,4,134,4,3,141,4,11,201,4,14,236,4,7,9,1,0,1,0,59,113,53,23,45,15,7,4,64,4,11,44,3,4,36,4,12,157,4,14,7,1,1,3,0,420,11,105,89,18
3330339087,1504573305704,2987,9,2,2,2,2,2,1,1,122,4,12,74,14,4,81,7,4,412,3,4,5,11,4,7,0,0,3,1,23,11,24,150,105,86,4,12,163,7,4,119,4,7,25,4,3,121,11,4,9,1,1,2,0,157,150,105,75,53
3325082651,1504205697362,1879,9,2,2,1,2,2,2,2,55,4,14,11,4,11,24,4,12,18,4,7,43,4,3,3,0,0,0,0,119,31,40,103,105,35,11,14,497,4,3,96,4,7,54,4,12,99,14,4,10,2,1,3,1,29,19,154,238,16
3326473962,1504300630469,2153,9,2,2,1,2,2,1,0,5,4,11,63,14,4,157,4,12,18,7,4,2,4,12,5,0,0,2,0,119,25,31,53,17,516,4,12,99,21,4,202,7,4,117,4,3,141,11,4,7,1,1,1,0,31,238,1,420,19
3285822368,1501533382840,2384,9,1,1,1,1,1,1,0,61,4,14,35,11,14,98,4,12,51,4,7,412,4,3,11,4,1,4,0,7,157,3,245,64,202,4,7,27,4,12,134,4,6,76,4,11,223,4,3,1,0,0,0,0,31,121,119,11,60
3311413654,1503243301567,955,9,1,1,1,0,0,1,0,98,4,12,202,4,7,25,14,4,6,4,11,497,4,3,2,0,0,1,0,412,67,157,122,238,83,12,4,111,4,3,429,4,7,154,11,4,74,21,4,0,0,0,0,0,115,122,51,40,31
3330155994,1504560936159,2115,9,2,2,2,2,2,1,0,31,11,4,238,4,14,412,3,4,21,14,4,24,12,4,2,0,0,1,0,117,40,57,58,119,157,12,4,103,4,14,44,4,3,5,4,11,29,7,4,10,2,1,2,0,19,114,90,141,18
3299522440,1502490735399,1841,9,1,1,1,1,1,2,0,498,4,7,497,4,14,4,14,4,254,4,11,141,4,12,9,1,1,1,0,17,31,121,157,412,11,11,4,14,12,4,53,4,14,18,7,4,103,4,14,5,0,0,3,0,38,63,61,57,157
3327542334,1504370477818,2252,9,1,2,1,1,1,1,1,21,7,4,150,12,4,90,12,4,19,6,11,432,4,3,11,5,2,3,1,59,53,11,420,222,412,14,4,22,7,4,99,4,3,126,4,12,106,4,11,1,0,0,0,0,67,136,105,114,157
3329156570,1504469924689,1465,9,2,2,2,2,0,2,0,99,14,4,55,4,14,81,7,4,64,4,11,17,4,14,1,0,0,1,0,-1,103,412,84,53,67,4,7,516,4,12,111,4,3,113,4,11,105,4,14,5,1,0,1,0,122,11,141,45,238
3309453269,1503111657555,1467,9,2,2,2,2,2,1,0,150,4,12,61,4,6,429,7,4,497,4,14,64,4,11,0,0,0,1,0,114,53,96,164,29,117,3,4,67,4,7,121,4,11,115,4,12,50,4,12,8,1,1,1,0,18,157,40,75,31
3290946152,1501932348253,1669,9,1,1,1,1,1,2,1,41,4,3,236,4,7,420,12,4,90,14,4,11,12,11,11,2,1,0,1,238,29,51,103,75,31,4,12,56,4,11,40,4,3,99,4,1,18,4,7,1,0,0,3,0,117,157,238,21,141
3322657516,1504024489237,1591,9,1,1,1,1,0,1,1,61,4,21,18,4,7,64,4,11,25,4,3,23,4,14,11,3,0,2,1,-1,157,119,90,55,60,4,11,101,14,4,117,3,4,24,4,12,81,7,4,0,0,0,1,0,29,55,58,40,114
3266727858,1500226957749,2204,9,2,2,2,2,2,2,0,89,14,4,141,11,4,29,7,4,115,4,21,41,4,12,4,0,0,0,0,51,114,238,134,59,61,4,21,202,4,14,81,4,7,17,7,4,54,11,4,11,5,2,4,0,157,238,119,51,11
3320032786,1503844447984,1964,9,1,2,2,1,0,2,2,90,6,4,143,4,3,75,12,4,51,7,4,28,4,11,9,2,0,1,0,31,16,157,134,121,50,4,3,202,21,4,267,7,4,64,11,4,126,12,4,4,0,0,2,1,103,6,11,240,122
3254142075,1499419274004,1427,9,2,2,2,2,2,2,2,17,4,14,62,11,4,111,14,4,69,4,6,202,7,4,0,0,0,0,0,7,29,157,154,51,103,14,4,412,3,4,83,11,6,498,7,4,58,4,12,9,2,1,3,1,154,114,20,29,19
3322715821,1504027075380,1588,9,1,1,2,1,1,2,0,81,4,3,79,4,11,29,4,7,99,6,4,14,4,12,6,1,1,0,0,122,119,5,114,1,238,14,4,64,11,4,12,14,4,236,4,7,92,4,12,4,0,0,1,0,33,19,90,24,18
3331268401,1504639760702,1889,9,1,2,2,1,1,2,0,29,4,7,203,11,4,516,3,4,34,21,4,114,14,4,10,3,2,1,0,157,238,24,91,-1,44,3,4,15,4,7,122,4,12,5,4,11,84,4,14,5,0,0,2,0,157,432,133,67,53
3329910792,1504546427676,2438,9,1,2,1,1,1,2,0,121,4,11,412,4,12,134,4,3,22,7,4,23,4,12,8,3,2,2,0,92,1,11,18,141,31,4,12,15,4,7,16,4,3,238,14,4,19,11,6,4,0,0,2,0,122,67,40,222,516
3304014050,1502747492732,2503,9,1,1,1,1,1,2,2,20,4,11,81,4,7,25,14,4,115,4,21,39,12,4,10,3,2,4,0,238,141,412,122,57,23,14,4,16,4,3,22,4,7,254,11,4,105,14,4,4,0,0,1,1,154,131,157,117,40
3318948109,1503751654461,1456,9,1,1,1,1,0,1,0,11,11,4,98,4,12,38,21,4,222,7,4,412,4,3,8,1,0,2,0,89,37,53,80,238,29,7,4,164,12,4,19,4,11,157,12,4,105,14,4,0,0,0,0,0,53,75,51,67,115
3331726005,1504699782847,1667,9,1,2,2,1,0,1,0,23,4,12,11,6,11,245,4,14,202,7,4,412,4,3,11,3,0,3,0,24,238,121,89,67,28,4,11,86,12,4,21,14,4,12,7,4,91,4,14,4,0,0,0,0,105,89,29,119,122
3304520509,1502801955733,2055,9,1,2,1,1,1,2,0,163,4,6,98,4,12,21,4,7,16,3,4,64,4,11,9,1,1,2,0,53,141,31,412,238,25,4,14,63,4,12,36,11,6,67,3,4,110,7,4,3,0,0,2,0,119,498,56,238,40
3244933999,1498776193584,1916,9,1,1,1,1,1,1,1,78,4,12,50,4,14,11,4,11,63,4,14,202,4,7,11,2,1,3,1,122,157,119,105,117,24,11,4,23,4,12,29,4,7,432,14,4,99,4,14,1,0,0,0,0,103,157,92,64,114
3329057112,1504464636122,914,9,2,2,2,0,0,2,2,79,11,4,3,4,12,1,21,4,117,3,4,29,7,4,0,0,0,0,0,157,24,96,238,103,12,14,4,5,11,4,58,12,4,134,4,14,21,4,7,4,0,0,1,1,7,35,105,53,-1
3277795242,1501003911469,1807,9,1,1,1,1,1,1,2,21,4,7,432,4,14,61,14,4,240,4,12,56,4,11,9,2,1,4,0,141,55,238,39,53,89,4,3,17,14,4,31,11,6,8,21,4,202,4,7,1,0,0,0,1,90,119,154,59,150
3316408768,1503586812613,1622,9,1,1,1,1,0,2,0,19,11,4,134,4,14,497,3,4,498,7,4,92,12,4,8,1,0,2,0,420,31,51,21,157,85,4,12,222,14,4,412,3,4,8,12,4,32,11,4,2,0,0,1,0,29,105,516,114,31
3330338275,1504572425437,1522,9,2,2,2,2,0,2,2,80,14,4,99,4,21,516,4,11,202,4,7,412,4,3,0,0,0,0,0,157,105,497,238,92,40,4,3,98,11,4,96,4,7,42,4,3,24,12,4,10,2,0,2,1,157,238,105,141,117
3280858219,1501186985969,1762,9,2,1,2,2,2,1,1,68,12,4,12,4,14,81,4,7,238,4,14,19,11,4,3,0,0,1,1,154,7,157,119,31,429,7,4,77,4,11,126,3,4,59,12,4,201,4,14,8,1,1,2,0,57,412,31,154,202
3314399314,1503439622384,1441,9,2,2,2,2,2,2,0,202,4,7,497,3,4,92,4,11,7,12,4,27,4,12,1,0,0,0,0,18,40,90,157,53,126,12,4,64,4,11,131,3,4,412,4,3,498,4,7,11,3,1,2,0,40,164,117,154,29
3330335837,1504570312012,2020,9,2,2,1,2,0,1,1,16,4,3,202,7,4,45,4,14,102,4,11,84,4,3,3,0,0,2,1,53,67,11,23,245,19,12,4,2,11,4,18,7,4,12,3,4,115,14,4,10,2,0,1,0,11,157,17,51,7
3330912030,1504617197399,1210,9,2,2,2,0,0,2,0,89,14,4,74,4,12,51,7,4,427,11,4,101,6,4,0,0,0,0,0,498,122,412,75,90,29,4,11,164,4,12,96,4,7,99,4,21,432,3,4,1,0,0,1,0,105,3,39,67,238
3272518144,1500630151892,1552,9,2,1,2,2,2,2,1,222,7,4,412,4,3,24,4,11,21,21,4,10,14,4,1,0,0,0,1,11,58,202,51,119,61,4,21,3,12,4,107,11,4,53,4,3,18,7,4,9,1,1,2,0,122,141,157,105,119
3327079729,1504352910619,1218,9,2,2,2,0,0,2,2,10,4,12,2,11,6,498,4,7,61,4,14,117,3,4,0,0,0,0,0,57,113,31,238,92,103,4,12,29,4,7,157,4,3,102,11,4,26,3,4,3,0,0,2,1,18,31,105,40,38
3255665464,1499519931629,1839,9,2,2,1,2,2,2,2,57,4,12,26,4,3,60,11,4,202,7,4,126,4,14,2,0,0,0,0,20,51,412,92,134,84,14,4,110,7,4,421,4,11,432,4,14,114,12,4,9,2,1,3,1,29,154,-1,80,23
3328769586,1504457679681,1963,9,2,1,1,2,2,1,2,40,3,4,164,12,4,89,4,11,119,4,7,7,12,4,3,0,0,1,0,16,117,38,18,31,29,4,7,79,11,4,161,12,4,267,4,3,59,4,12,11,3,1,2,1,105,57,117,18,516
3324193070,1504123906698,1973,9,2,1,2,2,2,2,0,64,11,4,92,4,12,134,4,7,21,4,7,40,4,3,4,0,0,2,0,69,31,105,141,122,497,4,14,119,7,4,50,4,14,79,11,4,114,4,12,8,1,1,1,0,122,7,412,141,16
3316229074,1503577909251,2619,9,2,2,1,2,2,2,0,238,4,14,222,4,7,412,4,3,516,4,11,14,4,12,6,1,0,0,0,103,-1,114,498,51,6,12,4,23,4,11,127,14,4,429,4,7,432,14,4,11,5,2,5,0,40,75,117,29,18
3311596413,1503252657347,2948,9,1,1,2,2,2,2,1,43,14,4,113,11,4,91,4,14,122,4,12,67,7,4,10,3,0,0,1,40,136,16,141,57,69,21,4,202,7,4,58,4,12,64,4,3,59,4,11,10,4,3,4,0,40,89,57,117,31
3329306773,1504480369036,1680,9,1,2,2,1,0,1,2,21,7,4,24,11,4,16,4,3,68,12,4,84,14,4,9,1,0,2,0,63,122,119,245,92,115,4,7,202,7,4,141,11,14,91,4,14,64,3,4,3,0,0,0,1,113,238,40,105,23
3320790506,1503868278125,1484,9,2,2,2,0,2,2,2,4,4,12,119,7,4,78,4,11,90,12,4,12,3,4,2,0,0,0,0,238,157,40,141,516,150,4,12,110,6,4,19,11,4,51,4,7,267,4,3,4,0,1,2,1,126,92,157,154,516
3323044501,1504043999504,2188,9,2,2,1,2,2,1,0,33,11,4,268,3,4,202,7,4,23,4,12,412,4,14,2,0,0,2,0,17,236,60,39,154,43,4,3,67,4,7,79,4,11,61,4,14,80,4,14,11,4,2,1,0,55,122,18,40,143
3318900517,1503745184753,1869,9,2,2,2,2,2,2,1,59,11,4,131,4,14,267,3,4,22,7,4,266,4,12,1,0,0,0,1,64,7,86,24,51,48,12,4,38,12,4,498,4,7,107,4,11,43,4,7,11,4,1,3,0,245,157,238,516,122
3329614581,1504530956101,2933,9,1,1,1,1,2,1,0,34,4,14,28,11,4,432,3,4,98,4,12,67,7,4,6,1,1,3,0,236,114,99,119,19,498,4,7,516,12,4,163,4,21,120,11,4,267,4,3,3,0,1,0,0,53,497,6,8,29
3278581949,1501029540978,1320,9,1,1,1,0,0,2,0,432,4,14,57,11,4,202,7,4,55,4,14,24,4,12,5,0,0,0,0,117,141,498,90,53,126,4,14,119,7,4,98,4,12,101,3,4,31,4,11,0,0,0,1,0,157,114,23,238,21
3326009666,1504274852083,2192,9,1,1,2,1,1,1,0,79,4,11,236,4,7,412,14,4,122,4,12,157,4,1,10,2,1,3,0,11,114,67,117,31,420,4,12,32,11,4,22,7,4,40,4,3,43,4,3,2,0,0,0,0,114,238,432,29,18
3228798232,1497798284807,1480,9,2,2,2,2,2,2,2,67,4,7,53,14,4,11,4,11,24,12,4,61,4,7,1,0,0,0,0,51,64,154,238,157,202,7,4,79,4,14,131,11,4,122,4,12,432,3,4,11,3,1,1,1,154,114,497,103,117
3319065287,1503756987640,1965,9,1,1,1,1,0,1,0,103,4,14,51,7,4,10,4,14,64,11,4,3,12,4,9,1,0,2,0,223,134,31,38,141,16,4,3,516,4,11,126,4,12,119,4,7,61,4,14,1,0,0,0,0,7,29,53,114,157
3222012394,1497375966015,1158,9,2,1,2,0,0,1,0,53,4,3,238,4,14,19,4,11,51,4,7,23,4,12,1,0,0,1,0,64,114,106,143,11,59,4,12,236,7,4,33,4,11,92,3,4,25,11,4,7,0,0,0,0,105,102,38,157,122
3325497022,1504212746822,1974,9,1,1,1,1,1,2,0,9,4,3,104,4,11,18,4,7,83,4,12,105,14,4,10,3,1,3,0,122,134,11,516,51,59,12,4,157,14,4,24,11,4,37,3,4,202,7,4,3,0,0,1,0,117,40,17,122,238
3331173183,1504632978047,1660,9,2,2,1,2,2,2,2,37,4,3,150,4,12,222,7,4,121,4,11,42,12,4,3,0,0,0,0,40,117,96,29,53,16,3,4,421,4,11,38,4,12,59,12,4,18,4,7,11,2,1,2,1,29,39,40,117,412
3328002173,1504399703113,1286,9,2,2,2,2,0,2,0,12,4,3,67,4,7,78,4,12,267,4,14,11,11,4,0,0,0,0,0,53,157,24,55,31,238,4,14,126,4,12,64,4,11,412,3,4,119,4,7,10,2,0,2,0,40,31,57,7,516
3326387773,1504296874893,1524,9,1,1,2,1,1,1,0,18,4,7,11,11,4,201,3,4,157,14,4,54,12,4,6,1,1,1,0,105,29,516,119,122,92,12,4,84,4,14,15,7,4,89,4,3,421,11,4,4,0,0,1,0,122,24,245,60,58
3323368695,1504099282584,1218,9,1,2,1,0,0,1,0,120,11,6,15,7,4,117,4,3,99,7,4,83,6,12,3,0,0,1,0,40,245,157,516,101,81,7,4,37,4,3,80,12,4,41,14,4,141,11,4,0,0,0,0,0,75,164,516,31,45
3329366691,1504489209401,1755,9,2,2,2,1,2,2,0,6,4,14,131,11,4,412,4,3,67,7,4,157,4,14,4,1,0,0,0,8,31,122,25,29,117,4,3,238,4,14,1,4,12,427,4,11,96,4,7,10,3,1,1,0,105,122,113,29,60
3278538992,1501027377494,2291,9,1,2,1,2,2,1,0,157,4,12,105,4,14,29,4,7,60,11,4,267,4,3,9,1,0,1,0,121,122,55,31,154,41,4,3,21,3,4,110,4,7,59,4,11,164,4,14,9,1,1,2,0,122,238,57,43,141
3330867789,1504616182837,1548,9,1,1,1,1,1,2,0,429,7,4,238,4,14,120,6,11,53,3,4,83,12,4,8,1,1,0,0,91,157,117,31,16,122,6,4,12,3,4,64,4,11,110,7,4,112,4,3,0,0,0,1,0,104,157,85,40,-1
3224838164,1497558143987,913,9,1,1,1,0,0,0,0,1,4,14,161,14,4,114,4,12,111,4,11,81,7,4,1,0,0,0,0,117,122,51,134,420,43,4,3,29,4,7,427,4,11,99,21,4,27,6,12,0,0,0,0,0,24,154,38,7,157
3322870240,1504036680453,1644,9,2,2,2,2,2,1,1,150,4,12,29,7,4,117,3,4,24,11,4,38,12,4,1,0,0,2,1,516,40,141,55,114,236,4,14,33,4,11,58,4,12,111,4,3,67,7,4,10,1,1,0,0,516,238,-1,114,40
3314026202,1503422041916,2280,9,2,2,1,1,2,1,0,14,4,11,497,4,3,82,4,12,42,4,7,498,4,7,8,2,0,3,0,29,61,75,31,238,57,4,11,16,4,7,150,4,12,15,21,4,141,14,4,10,2,1,1,0,119,-1,7,122,117
3324883950,1504197400799,1024,9,1,1,1,1,0,1,1,240,4,12,37,4,21,12,4,3,64,4,11,222,4,7,7,1,0,1,1,114,157,18,40,117,16,4,3,29,4,7,79,11,4,238,4,14,75,4,12,1,0,0,0,0,61,40,117,157,92
3291278311,1501944390230,2620,9,1,2,2,1,2,1,0,11,4,11,238,4,14,15,7,4,432,4,14,41,4,12,8,2,0,3,0,6,75,31,53,39,45,4,3,50,12,4,141,11,4,89,3,4,18,7,4,5,0,1,1,0,119,31,157,67,122
3324144603,1504121868291,2219,9,1,2,1,1,2,2,0,63,4,14,222,4,7,99,14,4,23,12,4,60,11,4,9,2,0,1,0,157,51,238,-1,114,164,4,12,161,4,21,18,7,4,53,3,4,64,11,4,4,0,1,2,0,154,134,268,157,31
3285930066,1501542882705,1243,9,2,2,2,0,0,2,0,19,11,6,25,4,3,92,4,12,238,4,14,67,7,4,1,0,0,0,0,31,154,6,91,141,412,4,3,61,4,21,421,11,4,157,12,4,202,7,4,5,0,0,2,0,33,154,75,18,51
3320569968,1503857362537,2946,9,1,2,2,1,2,2,0,21,7,4,45,4,14,31,4,11,40,4,3,24,4,12,10,3,0,2,0,245,99,119,122,51,412,3,4,38,4,12,104,12,4,48,11,4,18,7,4,10,2,2,2,0,53,238,114,5,134
3323675517,1504104400211,1727,9,2,2,1,2,0,2,2,18,4,7,40,4,3,30,4,3,126,4,12,120,6,11,3,0,0,0,0,157,11,238,31,25,19,11,4,53,4,3,222,4,7,202,4,7,6,12,4,9,1,0,2,1,119,-1,157,154,238
3329613761,1504530717956,2118,9,2,2,2,2,2,1,0,150,4,12,61,14,4,412,4,3,131,4,11,18,4,7,3,0,0,1,0,141,238,24,92,64,55,4,14,107,4,11,122,12,4,29,4,7,267,4,3,10,3,1,2,0,53,31,58,75,40
3322368242,1504004879646,1936,9,2,1,2,2,2,1,0,412,14,4,11,4,11,498,4,7,150,12,4,105,4,14,4,0,0,4,0,31,40,29,122,18,80,14,4,102,4,11,34,14,4,236,7,4,432,14,4,8,2,1,0,0,40,38,92,113,238
3325936325,1504270718419,1536,9,2,1,2,2,2,1,0,11,11,6,497,4,3,498,4,7,245,14,4,75,4,12,1,0,0,1,0,29,53,157,141,31,150,12,4,96,7,4,64,11,4,412,4,3,1,4,21,10,2,1,2,0,25,29,105,238,122
3329361987,1504484326802,2850,9,1,2,1,2,1,1,1,7,21,4,236,7,4,13,4,7,11,11,4,58,4,12,10,2,1,3,1,119,121,157,25,80,84,12,4,427,4,11,134,4,14,222,4,7,16,4,3,8,1,1,1,0,29,25,55,91,53
3322775105,1504030081001,2113,9,1,1,1,1,2,1,0,222,7,4,79,4,11,150,4,12,8,6,4,267,3,4,11,4,0,3,0,38,429,117,114,141,40,4,3,245,4,12,29,4,11,122,4,6,18,4,7,3,0,1,0,0,38,31,201,157,19
3248807312,1499032558832,1793,9,2,1,2,2,2,2,2,13,4,6,99,14,4,150,4,12,102,11,4,6,7,4,2,0,0,1,0,-1,3,133,498,114,17,4,14,412,4,3,136,4,3,5,4,11,429,4,7,10,2,1,3,1,117,122,11,23,24
3272797745,1500650190996,1131,9,2,2,2,2,0,2,2,238,4,14,12,3,4,429,7,4,59,11,4,126,4,12,0,0,0,0,0,79,154,29,141,112,7,12,4,31,4,11,15,4,7,412,3,4,127,4,12,11,3,0,1,1,202,121,134,154,201
3250662556,1499173951133,2452,9,2,1,1,2,2,2,0,497,4,3,245,4,14,498,4,7,150,4,12,64,4,11,4,0,0,1,0,240,114,113,85,51,412,4,14,19,11,4,41,4,12,222,7,4,103,14,4,8,2,2,3,0,55,92,7,429,119
3326687821,1504337101206,1408,9,2,1,1,0,0,2,2,115,14,4,99,4,3,15,7,4,75,12,4,5,11,4,3,0,0,0,0,122,11,53,90,119,32,11,4,157,12,4,222,4,7,25,4,3,61,4,21,5,0,0,2,1,23,53,55,64,119
3263800146,1500045272459,1321,9,2,2,2,2,0,2,2,112,4,7,40,4,3,41,4,12,5,4,7,64,11,4,0,0,0,0,0,131,254,114,51,105,19,11,4,238,14,4,21,4,7,27,12,6,16,4,3,11,3,0,2,1,154,-1,141,29,25
3331245124,1504636602407,2443,9,2,2,1,1,2,2,0,98,12,4,1,14,4,27,11,6,16,3,4,42,4,7,5,1,0,0,0,53,23,119,18,117,24,11,4,67,4,7,267,14,4,99,4,21,41,4,12,10,3,2,4,0,96,103,31,40,4
3260021204,1499799969240,1851,9,1,1,2,1,1,1,1,79,4,3,22,4,7,50,4,14,60,4,11,126,4,14,8,2,1,4,1,55,85,29,51,61,64,11,4,164,12,4,67,4,7,53,3,4,157,14,4,3,0,0,0,0,202,90,107,122,16
3243166182,1498678357624,1926,9,2,1,2,2,2,2,0,201,4,3,112,4,6,236,7,4,41,12,4,421,11,4,2,0,0,0,0,498,114,154,29,24,161,4,21,51,7,4,412,4,3,35,14,11,157,12,4,10,2,1,3,0,29,154,238,117,114
3329171315,1504468823889,1447,9,2,2,2,2,2,2,0,91,14,4,37,3,4,23,4,12,17,7,4,28,4,11,1,0,0,0,0,157,53,45,238,136,516,4,3,222,7,4,64,4,11,33,4,12,131,4,14,8,2,1,2,0,80,157,67,19,245
3298037338,1502404618904,1549,9,1,1,1,1,1,1,0,40,4,3,121,11,4,122,4,12,61,4,21,67,7,4,11,4,1,2,0,143,41,119,157,141,69,4,3,202,4,7,38,4,12,254,11,4,53,3,4,0,0,0,0,0,238,105,11,31,157
3245302456,1498827709794,1667,9,2,2,2,2,2,1,1,412,4,14,15,4,7,75,12,4,32,11,4,4,14,4,2,0,0,1,1,67,17,157,154,105,61,12,4,21,7,4,432,4,14,2,11,4,122,12,4,9,2,1,1,0,11,114,51,105,98
3299229611,1502483612969,1518,9,1,1,1,1,0,2,1,238,14,4,5,4,11,16,4,3,17,4,14,51,4,7,9,2,0,1,1,75,105,114,157,80,117,3,4,62,4,14,106,4,11,67,4,7,131,12,4,2,0,0,1,0,29,119,6,154,40
3321606028,1503950823096,1358,9,2,2,2,2,0,1,0,81,7,4,61,7,4,37,3,4,5,11,4,59,4,12,1,0,0,2,0,154,238,134,141,53,40,4,3,236,12,4,113,11,4,55,14,4,18,7,4,8,1,0,0,0,31,119,75,157,238
3242964936,1498668262822,1826,9,2,2,2,2,2,2,1,35,11,14,61,4,6,85,4,7,67,7,4,40,3,4,4,0,0,0,1,92,122,55,117,103,64,4,11,41,12,4,34,14,4,236,7,4,63,3,4,11,3,2,2,0,157,119,117,240,154
3327506882,1504368986810,1296,9,1,1,1,1,1,1,1,498,21,4,31,11,4,126,4,12,238,4,14,16,4,7,11,3,1,2,1,141,157,40,117,113,98,4,12,29,4,7,134,3,4,33,4,11,412,4,3,0,0,0,0,0,150,18,40,141,55
3317350767,1503611885536,2214,9,1,1,1,1,1,1,0,110,7,4,161,3,4,516,11,4,37,4,3,58,12,4,10,2,1,3,0,240,134,18,157,105,57,12,4,103,14,4,11,11,4,81,14,4,76,4,7,4,0,0,1,0,31,117,157,64,40
3323122637,1504052607879,2711,9,1,2,1,1,2,2,0,115,12,4,59,4,11,69,4,12,117,3,4,29,7,4,7,1,1,2,0,157,119,516,154,105,25,4,3,8,4,14,22,11,4,81,4,7,58,4,12,5,0,1,2,0,105,5,61,79,103
3308347163,1503041149740,2419,9,2,1,2,2,2,2,0,17,4,12,498,7,4,23,6,11,105,4,14,28,21,4,7,1,0,2,0,80,61,254,5,222,98,3,4,64,4,11,85,4,12,131,14,4,21,7,4,8,2,2,2,0,122,11,412,157,19
3268226674,1500321786301,1282,9,1,1,1,1,0,1,0,5,11,4,55,4,14,67,4,7,84,4,12,412,4,3,9,2,0,2,0,17,245,21,75,157,16,7,3,29,7,4,27,12,6,61,4,21,154,4,11,0,0,0,0,0,11,498,53,122,114
3274442989,1500756141068,1554,9,1,1,2,1,1,1,1,127,12,4,19,4,11,202,7,4,86,12,4,412,3,4,9,1,1,2,1,119,122,53,29,23,85,12,4,143,14,4,141,4,11,157,4,14,236,7,4,2,0,0,0,0,122,53,67,64,55
3329269467,1504477339942,1589,9,1,1,1,1,1,1,0,33,11,4,24,4,12,16,4,3,119,4,7,69,4,1,10,2,1,2,0,29,114,141,117,92,7,14,4,113,11,4,15,4,7,44,4,3,57,12,4,1,0,0,0,0,29,31,18,90,40
3324779871,1504193017866,1382,9,2,2,2,0,0,2,2,25,3,4,498,4,7,98,11,4,432,4,14,41,12,4,0,0,0,0,0,53,23,75,40,117,92,14,4,105,4,14,77,4,11,201,4,3,202,4,7,5,0,0,3,1,84,8,63,119,67
3326527813,1504304637589,2266,9,2,1,1,2,1,1,2,122,4,12,18,4,7,17,4,14,412,3,4,102,11,4,7,0,2,3,0,157,39,-1,28,-1,67,4,7,201,4,3,238,14,4,33,11,4,31,4,12,6,2,0,2,1,157,92,29,113,40
3321612593,1503950018037,2294,9,1,2,1,1,1,1,1,3,4,3,31,12,4,64,11,4,25,3,4,202,7,4,9,2,1,4,1,157,7,5,51,53,121,11,4,37,14,3,15,4,7,24,12,4,99,4,14,2,0,0,0,0,238,240,245,498,21
3223444508,1497470519221,2116,9,1,2,1,1,2,2,0,75,4,12,268,4,12,21,4,7,25,4,3,19,4,11,8,1,0,3,0,157,17,114,53,115,15,4,7,111,4,14,421,11,4,112,4,21,68,12,4,3,0,1,1,0,498,238,17,122,64
3331544357,1504658882839,2029,9,2,2,1,2,2,1,1,59,4,11,236,4,14,412,14,4,157,12,4,22,7,4,4,0,0,1,1,516,40,67,31,117,18,4,7,89,4,14,164,4,12,64,11,4,90,4,21,11,2,1,2,0,40,238,4,201,122
3251763275,1499223977338,1429,9,1,1,1,1,1,1,1,120,6,11,55,4,14,497,4,3,86,12,4,18,7,4,11,3,1,2,1,412,134,51,117,154,157,12,4,37,4,3,67,4,7,64,4,11,101,4,12,3,0,0,0,0,122,114,420,51,131
3331566906,1504664153209,1211,9,2,2,2,0,0,0,2,22,7,4,11,11,4,53,4,3,86,4,12,245,12,4,1,0,0,0,0,157,74,31,25,236,7,4,14,17,4,12,90,4,3,51,7,4,427,11,4,5,0,0,0,1,64,157,25,136,24
3322511851,1504013709088,2480,9,2,1,2,1,2,2,0,23,4,11,21,14,4,240,14,4,103,4,14,222,7,4,7,1,0,1,0,54,35,29,420,53,17,4,7,133,11,4,143,4,3,91,12,4,105,4,14,7,1,1,3,0,157,131,2,119,79
3319518092,1503785907939,1224,9,2,2,2,0,0,2,2,60,11,4,236,4,7,4,4,14,412,14,4,58,4,12,0,0,0,0,0,429,113,29,119,150,201,4,3,18,7,4,157,14,4,92,4,12,59,4,11,4,0,0,2,1,113,40,429,8,31
3328219989,1504440449899,1760,9,1,2,1,1,1,2,0,45,4,21,29,4,11,39,4,12,429,7,4,40,3,4,8,1,1,2,0,18,131,122,157,31,516,12,4,412,4,14,81,4,7,103,4,14,11,4,11,4,0,0,1,0,53,157,238,119,141
3328619886,1504455327165,1904,9,1,1,1,1,1,1,0,40,4,3,202,4,7,102,4,11,420,4,12,4,6,12,10,3,1,2,0,238,90,23,119,11,141,11,4,267,4,14,96,7,4,3,12,4,86,4,12,2,0,0,0,0,59,516,107,105,157
3323948503,1504111359658,202,9,1,2,0,0,0,0,0,32,11,4,36,4,12,99,14,4,57,3,4,96,4,7,0,0,0,0,0,53,31,157,55,245,18,7,4,110,4,14,11,6,21,78,4,21,141,11,4,0,0,0,0,0,113,31,25,238,119
3322177920,1503987614905,2297,9,2,2,2,2,2,1,0,24,11,4,110,4,7,223,21,4,86,12,4,157,4,14,2,0,0,1,0,53,90,23,131,22,80,4,11,75,4,12,412,3,4,84,4,14,498,7,4,10,3,1,2,0,5,18,29,131,51
3242815999,1498660707405,1848,9,2,2,2,2,2,2,1,40,4,3,23,12,4,154,4,11,7,14,4,222,4,7,2,0,0,0,1,85,157,51,55,19,245,4,12,11,4,11,267,4,3,236,4,7,38,12,4,5,1,1,3,0,157,420,105,64,238
3325629242,1504220459662,1723,9,2,2,2,2,2,2,2,516,11,4,37,3,4,236,4,7,1,3,4,122,4,12,4,0,0,0,0,53,67,29,157,31,58,4,12,120,11,6,245,14,4,111,4,3,18,7,4,8,1,1,3,1,11,238,53,157,99
3313435631,1503360813698,1132,9,1,1,1,1,0,1,1,53,3,4,141,11,4,122,12,4,1,4,14,202,7,4,7,1,0,1,1,31,150,29,40,134,18,7,4,16,4,3,11,4,14,24,12,4,72,11,4,0,0,0,0,0,58,28,38,119,117
3330127461,1504558711378,1518,9,1,1,1,1,0,1,1,202,4,7,11,4,11,157,4,14,54,4,12,412,3,4,10,2,0,1,1,18,33,238,63,40,12,14,4,62,4,12,29,4,7,1,4,14,121,4,11,0,0,0,1,0,16,201,61,31,92
3322403133,1504006804004,1846,9,2,2,2,2,2,2,2,103,4,21,121,4,11,122,12,4,53,4,7,67,4,21,3,0,0,0,0,1,238,201,17,157,498,7,4,79,11,4,126,4,14,497,3,4,161,12,4,11,2,1,2,1,51,427,141,40,25
3230626644,1497898408835,1231,9,1,1,1,1,0,1,0,64,4,11,90,6,4,126,4,12,202,7,4,40,3,4,9,2,0,2,0,157,114,119,1,23,267,3,4,22,4,7,121,4,11,61,6,4,75,12,4,1,0,0,0,0,55,113,154,119,122
3255359975,1499479182634,1836,9,2,2,2,2,0,2,2,40,3,4,61,4,14,236,7,4,23,4,12,64,4,11,2,0,0,0,0,75,122,119,67,51,92,4,12,202,4,7,79,4,11,99,4,12,53,4,3,10,1,0,3,1,114,122,117,38,154
3331240516,1504635366299,1699,9,1,2,1,1,1,1,1,15,4,7,236,4,14,157,12,4,48,4,11,12,4,3,9,2,1,2,1,432,31,238,119,16,64,11,4,222,4,7,91,4,14,117,3,4,17,4,12,2,0,0,0,0,67,420,38,141,31
3329179737,1504471115930,2659,9,2,1,2,1,1,1,0,141,4,11,15,7,4,89,3,4,98,12,4,61,14,4,5,1,1,3,0,67,516,122,238,6,37,11,4,27,7,4,92,3,4,157,14,4,202,7,4,10,1,0,2,0,67,-1,86,119,245
3323946019,1504110593824,1843,9,2,2,1,2,0,2,2,42,3,4,420,4,12,143,4,3,23,4,11,21,7,4,3,0,0,0,0,141,40,238,126,516,117,3,4,19,11,4,55,4,12,67,7,4,6,4,12,11,3,0,3,1,245,498,31,18,105
3324290520,1504128960119,2341,9,1,1,2,1,1,1,0,236,7,4,55,14,4,131,4,11,89,4,3,92,4,12,9,1,1,3,0,157,40,67,154,57,11,4,11,7,4,12,27,6,12,117,4,14,18,4,7,3,0,0,1,0,31,134,64,63,75
3266603136,1500220031691,2090,9,1,1,1,1,0,1,2,4,3,4,222,7,4,86,4,12,412,4,3,254,4,11,8,1,0,3,0,154,150,157,141,67,29,7,4,63,4,14,161,3,4,11,4,11,122,12,4,6,0,0,1,1,19,114,75,44,84
3311864619,1503264322410,1704,9,1,2,2,1,0,1,0,117,1,6,267,3,4,427,11,4,45,12,4,29,1,4,8,2,0,2,0,40,157,4,23,114,17,4,12,64,4,11,127,4,12,202,4,7,16,4,3,6,0,0,2,0,119,53,429,164,75
3323319936,1504096242120,1378,9,2,2,2,0,0,2,0,113,4,11,59,12,4,498,7,4,497,3,4,63,4,14,1,0,0,0,0,122,154,64,40,29,112,4,7,117,4,3,81,4,7,114,4,12,28,4,11,5,0,0,3,0,157,18,53,421,40
3328119177,1504433319234,1523,9,1,1,1,1,0,1,1,161,4,12,202,7,4,80,4,12,64,4,11,16,4,3,9,1,0,3,1,141,31,90,122,40,38,4,12,22,7,4,37,14,4,11,4,11,41,4,12,0,0,0,0,0,78,53,67,17,122
3321407809,1503940516256,1572,9,2,1,2,2,2,2,1,86,4,12,69,4,1,498,7,4,117,4,3,141,4,11,1,0,0,0,1,91,40,238,29,105,43,4,14,51,4,7,103,14,4,72,6,11,98,4,12,10,2,1,3,0,40,29,38,18,238
3256831620,1499596944825,1629,9,1,2,1,1,0,2,0,18,14,4,85,7,21,222,4,7,43,4,3,32,11,4,9,3,0,1,0,64,17,51,23,105,29,4,11,412,4,3,238,4,14,3,12,4,81,7,4,0,0,0,1,0,67,157,154,114,105
3277093040,1500929133153,1928,9,2,2,2,2,0,1,0,267,4,12,21,4,7,45,4,12,102,11,4,240,4,12,3,0,0,1,0,90,11,117,154,24,157,4,12,18,4,7,12,3,4,31,4,11,99,4,21,9,1,0,3,0,238,202,122,114,141
3330337692,1504571818757,1882,9,1,2,1,1,0,2,2,92,12,4,111,4,11,103,4,14,18,4,7,40,4,3,7,1,0,0,0,245,238,157,55,16,222,4,7,59,11,4,412,3,4,99,4,12,133,14,4,6,0,0,3,1,119,245,11,238,75
3323206131,1504084682010,2688,9,2,2,1,1,2,1,0,161,4,6,75,4,12,40,4,3,77,6,11,202,7,4,10,2,0,3,0,31,238,24,141,117,67,7,4,17,4,14,6,11,4,53,3,4,13,12,4,9,1,2,1,0,90,29,31,11,238
3215968241,1497006258828,1901,9,2,2,2,2,2,2,2,7,14,4,18,7,4,69,4,3,24,11,4,412,3,4,3,0,0,2,0,498,134,154,119,157,56,11,4,115,4,21,223,3,4,114,4,12,67,4,7,8,1,1,1,1,64,55,105,157,154
3327732634,1504382175710,2030,9,1,1,2,1,1,2,2,74,4,12,238,4,14,67,4,21,40,4,7,79,4,11,10,3,1,1,0,53,92,31,57,201,245,4,14,18,4,7,63,4,3,83,11,6,17,4,12,6,0,0,2,1,117,61,157,412,75
3320632332,1503858141780,1356,9,2,2,2,0,0,2,0,29,4,11,112,3,4,92,4,12,267,4,3,51,4,7,0,0,0,0,0,141,122,18,164,53,9,4,14,86,14,4,203,11,4,81,4,7,20,4,3,5,0,0,1,0,31,16,82,238,157
3330906984,1504618816836,2567,9,1,1,1,1,2,1,2,61,12,4,79,11,4,222,7,4,163,4,12,412,4,3,7,2,0,3,0,122,157,18,238,51,164,4,12,96,4,7,99,4,3,113,11,4,4,4,14,8,3,2,1,1,122,67,245,119,238
3231463378,1497972079683,1488,9,2,2,2,2,2,2,2,157,4,12,24,4,11,37,12,4,201,4,3,222,4,7,0,0,0,0,0,1,238,412,58,105,117,3,4,498,7,4,54,4,12,31,4,14,11,11,4,11,2,1,3,1,29,19,122,3,114
3326747115,1504343717650,2476,9,2,2,2,2,2,2,2,36,12,4,202,4,7,19,6,11,412,4,3,55,4,14,3,0,0,1,0,16,105,238,157,40,245,4,14,6,12,4,64,4,11,17,3,4,236,4,7,10,2,1,4,1,29,40,122,157,113
3262949718,1499981862423,1942,9,2,2,2,2,2,2,0,157,4,14,222,4,7,245,4,14,412,3,4,113,11,4,2,0,0,0,0,141,84,53,122,25,236,4,7,103,4,14,48,4,12,20,4,14,64,4,11,11,3,1,2,0,23,29,51,114,117
3329925578,1504547963905,943,9,1,2,1,0,0,0,0,99,21,4,24,4,12,497,3,4,498,4,7,141,11,4,3,0,0,0,0,40,157,119,114,105,121,4,11,245,21,4,122,12,4,429,4,7,412,4,3,0,0,0,0,0,112,64,105,75,120
3320529748,1503854679843,2879,9,1,2,1,1,1,2,0,104,4,7,201,4,3,64,11,4,90,4,14,86,4,12,10,3,1,3,0,91,11,23,55,157,18,3,4,35,11,4,99,21,4,516,12,4,16,4,7,5,0,0,2,0,114,105,141,119,122
3293825509,1502126403035,2134,9,1,1,1,2,1,1,0,74,4,14,9,14,4,17,4,11,86,12,4,18,4,7,8,1,1,2,0,23,119,157,122,105,141,4,14,11,4,11,51,7,4,44,4,3,75,12,4,6,1,0,0,0,157,90,150,105,202
3310393108,1503164771051,1492,9,1,1,1,1,0,1,1,498,7,4,89,4,14,8,4,14,104,4,11,41,12,4,9,2,0,2,1,114,119,40,122,157,77,4,11,429,4,7,91,14,4,63,3,4,75,4,7,0,0,0,0,0,64,412,157,67,86
3328079460,1504428365324,2299,9,2,2,1,2,2,1,1,99,21,4,236,7,4,432,4,3,150,4,12,19,11,6,9,2,0,2,1,90,222,23,157,29,75,12,6,24,11,4,79,14,4,43,14,4,67,4,7,10,1,1,2,0,141,18,119,157,238
3327804514,1504385675752,1573,9,1,2,1,1,0,1,0,412,3,4,63,6,4,102,11,4,18,7,4,54,4,12,10,2,0,2,0,40,103,157,11,31,161,3,4,60,4,11,29,7,4,90,4,12,23,14,4,1,0,0,0,0,59,105,14,19,40
3313857042,1503413897822,2049,9,1,1,1,1,0,2,0,114,12,4,119,4,7,161,4,3,157,4,14,79,4,11,9,2,0,2,0,24,141,238,19,40,17,4,14,29,4,7,84,14,4,44,4,3,254,4,11,1,0,0,1,0,33,23,16,75,18
3305903533,1502878897222,2575,9,2,2,2,2,1,2,0,222,4,7,86,12,4,5,4,11,412,3,4,134,6,4,4,0,1,3,0,122,157,240,19,29,17,4,14,61,4,14,33,4,11,99,4,21,22,7,4,9,2,0,1,0,24,53,238,201,11
3322199594,1503992250348,202,9,1,0,0,0,0,0,0,516,3,4,113,4,11,10,4,14,5,4,12,67,4,7,0,0,0,0,0,119,157,154,18,82,51,4,7,62,4,11,150,4,12,38,14,4,497,4,3,0,0,0,0,0,238,40,31,157,75
3321520477,1503944244878,1786,9,1,1,2,1,0,1,0,72,4,11,67,4,7,114,4,12,37,3,4,90,4,14,11,3,0,1,0,113,31,117,40,29,202,7,4,58,12,4,143,4,3,63,4,14,516,4,11,3,0,0,0,0,105,31,141,53,51
3295183199,1502216337256,1706,9,1,2,1,1,0,1,0,63,14,4,236,4,7,120,11,6,41,4,12,40,3,4,7,1,0,2,0,141,122,31,55,6,114,4,12,222,4,7,32,4,11,53,4,3,61,4,21,1,0,0,0,0,31,238,154,57,157
3262447374,1499958951518,2475,9,1,2,1,2,1,2,0,150,4,12,223,4,3,22,4,7,141,4,11,126,4,21,8,1,1,2,0,10,23,154,105,157,21,7,4,29,4,7,131,14,4,412,3,4,24,12,4,10,3,0,2,0,80,114,154,119,53
3319967232,1503843232801,1568,9,2,1,2,2,0,2,0,67,7,4,14,12,4,26,4,12,203,11,4,40,4,3,1,0,0,0,0,150,-1,64,57,31,126,4,12,141,4,14,429,4,7,516,11,4,21,4,3,7,1,0,2,0,8,238,57,17,91
3331030696,1504623726685,1796,9,2,1,2,0,0,1,2,421,4,11,81,7,4,85,4,12,25,3,4,126,12,4,2,0,0,1,0,45,119,31,59,57,112,1,4,122,4,12,102,4,11,21,4,7,117,4,3,6,0,0,0,1,18,157,53,44,17
3283764280,1501399119254,2456,9,1,2,2,1,1,2,1,10,12,4,67,4,7,103,14,4,11,11,4,143,4,3,9,2,2,0,1,39,105,84,157,19,44,4,3,21,4,7,38,4,12,98,11,4,6,6,12,5,0,1,5,0,122,119,64,75,157
3318054116,1503687484273,1540,9,2,2,2,2,2,2,2,268,7,4,92,4,12,29,21,4,11,4,11,16,7,4,5,0,0,0,0,31,96,57,113,114,201,4,3,141,11,4,161,7,4,429,7,4,82,4,12,10,2,1,2,1,24,117,40,57,18
3311955004,1503269707153,943,9,1,1,1,0,0,2,2,29,4,7,44,14,4,55,4,14,39,12,4,141,4,11,4,0,0,0,0,17,412,238,5,67,105,14,4,64,11,4,222,4,7,2,4,12,111,3,4,0,0,0,1,1,19,36,119,114,23
3329977664,1504551081430,1611,9,1,1,1,1,0,2,1,45,1,4,67,4,7,157,12,4,90,4,3,516,4,11,5,1,0,0,1,33,154,18,141,103,21,4,7,98,3,4,58,12,4,7,4,12,60,4,11,3,0,0,2,0,498,238,141,119,117
3245282787,1498827703927,1231,9,2,1,2,0,0,2,2,429,7,4,134,4,14,53,3,4,36,4,12,24,11,4,4,0,0,0,0,240,498,157,74,122,51,4,7,254,4,11,38,4,14,412,3,4,164,4,12,3,0,0,1,1,236,157,122,238,114
3326528005,1504304720687,1308,9,2,2,2,2,0,2,2,18,4,7,91,4,12,99,4,21,412,3,4,102,11,4,0,0,0,0,0,157,51,150,79,222,29,4,7,6,4,12,254,11,4,115,14,4,40,4,3,11,1,0,2,1,157,122,23,245,11
3314490203,1503446453403,1823,9,1,2,2,1,0,2,0,40,3,4,202,7,4,101,4,21,102,14,11,92,4,14,10,2,0,2,0,105,254,31,238,53,122,12,4,141,11,4,163,4,21,222,4,7,12,4,3,3,0,0,2,0,238,11,119,61,114
3216200456,1497015171047,2142,9,1,2,2,1,1,2,2,92,4,12,84,4,14,43,3,4,24,4,11,29,4,7,10,3,1,2,0,498,7,154,55,157,39,12,4,119,4,7,11,11,4,99,3,4,101,14,4,5,0,0,2,1,64,3,157,61,154
3323688410,1504105478543,2260,9,2,1,1,2,2,2,0,119,7,4,99,3,4,48,4,12,64,11,4,55,4,14,3,0,0,0,0,53,105,122,103,90,157,3,4,432,4,3,141,4,11,27,6,12,202,4,7,10,2,1,2,0,53,40,1,51,31
3330366101,1504572161794,1224,9,1,2,1,0,0,2,0,432,7,4,21,7,4,58,4,12,55,4,14,79,4,11,4,0,0,1,0,18,29,122,103,53,157,4,14,5,11,4,497,4,14,498,7,4,136,4,12,0,0,0,1,0,10,89,114,11,53
3323137593,1504075249882,1608,9,1,1,1,1,0,2,1,18,4,7,79,4,11,150,4,12,4,4,6,16,3,4,9,1,0,1,1,157,67,75,117,40,498,4,7,516,3,4,8,12,4,61,4,21,113,4,11,2,0,0,1,0,7,40,11,6,67
3265255790,1500135172580,1023,9,1,1,1,0,0,1,1,67,7,4,92,12,4,61,12,4,117,4,3,11,4,11,4,0,0,2,1,141,119,31,154,157,81,4,7,42,4,7,164,4,12,59,4,11,412,4,3,0,0,0,0,0,51,134,157,154,33
3319348396,1503776751620,2006,9,2,2,2,2,2,2,2,106,12,4,126,12,4,107,4,11,29,4,7,54,3,4,2,0,0,0,0,134,27,53,51,67,154,11,4,91,4,14,43,4,3,119,4,7,57,4,12,8,1,1,3,1,35,141,157,17,3
3279138945,1501072713309,2554,9,1,1,1,1,1,1,0,69,4,14,6,4,12,141,11,4,236,4,7,99,14,4,11,5,1,3,0,51,240,64,27,238,102,4,11,114,4,12,117,3,4,61,4,21,15,7,4,3,0,0,0,0,157,238,498,64,103
3319432257,1503780615715,2154,9,2,2,2,2,2,2,1,222,7,4,74,3,4,19,11,4,99,21,4,50,4,12,1,0,0,0,1,119,157,202,141,25,80,11,4,24,4,12,55,14,4,51,4,7,201,3,4,7,1,1,4,0,40,157,105,119,29
3329802992,1504541766602,2435,9,1,1,1,1,0,2,0,497,3,4,254,4,11,67,7,4,161,12,4,236,4,14,11,3,0,0,0,24,23,238,119,45,27,6,12,29,4,7,79,3,4,10,14,4,141,4,11,5,0,0,4,0,164,157,17,498,40
3329366077,1504488336455,1896,9,2,1,1,2,2,2,1,498,7,4,432,12,4,7,4,12,92,4,12,35,14,11,4,0,0,1,1,19,58,-1,114,157,42,4,21,141,4,11,6,4,12,67,4,7,497,14,4,11,3,1,2,0,64,31,40,91,238
3317581873,1503653368421,2308,9,1,1,2,1,1,1,0,29,4,11,1,4,14,68,12,4,497,3,4,498,4,7,7,2,1,2,0,45,38,75,157,90,516,4,12,37,4,14,55,14,4,67,4,7,79,11,4,5,0,0,1,0,-1,53,122,103,18
3319659254,1503815996234,2003,9,1,1,1,1,1,1,1,81,4,7,238,12,4,9,4,14,19,4,11,267,3,4,8,1,1,4,1,57,119,105,40,103,92,12,4,79,4,11,69,4,3,22,4,7,412,4,3,2,0,0,0,0,67,114,105,91,119
3275115748,1500806954632,1802,9,1,1,1,1,1,1,1,16,4,3,57,4,12,157,4,14,51,7,4,79,11,4,8,2,1,4,1,55,24,31,122,412,67,4,7,113,11,4,4,4,3,92,12,4,40,4,3,2,0,0,0,0,19,202,31,101,119
3329770936,1504538801501,1262,9,1,1,1,1,0,1,0,64,4,11,18,4,7,16,4,3,24,4,14,67,12,4,11,3,0,2,0,136,84,119,21,245,150,12,4,236,4,7,81,4,14,25,7,4,68,11,4,0,0,0,0,0,516,53,157,29,31
3315271660,1503490868233,2922,9,1,1,2,1,1,1,0,11,3,11,497,3,4,429,4,7,99,7,4,126,3,4,9,3,3,3,0,154,55,238,16,157,40,7,4,236,4,3,81,4,7,6,12,4,131,11,4,5,0,1,2,0,29,23,117,238,16
3286263883,1501592011403,2180,9,2,2,1,2,2,1,0,141,11,4,112,6,4,157,4,12,22,3,4,51,7,4,5,0,0,2,0,31,42,75,6,64,432,3,4,127,4,12,59,11,4,245,4,14,15,4,7,9,2,1,1,0,31,154,50,117,55
3329871819,1504544572807,2213,9,2,1,1,2,0,2,1,51,4,7,267,4,3,91,4,14,104,11,4,4,12,4,5,0,0,1,1,105,53,24,90,11,113,4,11,122,4,12,40,4,3,238,4,14,119,4,7,9,1,0,2,0,157,57,11,31,25
3330498547,1504598326783,1767,9,2,1,2,2,2,2,0,59,12,4,157,14,4,222,4,7,16,4,3,79,4,11,1,0,0,1,0,117,58,91,412,41,254,11,4,202,7,4,143,4,3,122,4,12,50,14,4,9,2,1,3,0,18,29,92,98,40
3324778631,1504192670696,1969,9,2,2,2,2,0,2,2,98,4,12,9,4,3,119,4,7,19,11,4,238,4,14,2,0,0,1,0,105,122,516,157,113,99,4,12,114,12,4,31,4,11,15,4,7,37,4,14,11,2,0,2,1,143,157,51,122,498
3223723887,1497495361839,1761,9,1,2,2,1,0,1,0,20,4,14,68,12,4,91,4,3,23,11,4,17,4,7,7,1,0,2,0,53,67,84,432,105,36,12,4,429,7,4,29,4,11,25,3,4,115,7,4,2,0,0,0,0,19,105,96,114,53
3255625206,1499516118999,1937,9,1,1,1,1,1,1,1,1,14,4,51,7,4,114,4,12,69,4,1,72,11,4,10,2,1,2,1,154,127,39,8,20,113,4,11,7,4,12,157,12,4,202,4,7,412,14,4,3,0,0,1,0,20,154,38,240,53
3313944509,1503417341030,1942,9,2,1,2,2,0,2,0,79,4,11,92,12,4,37,4,14,12,4,3,67,7,4,2,0,0,0,0,122,9,103,60,497,90,4,3,18,4,7,163,14,4,141,4,11,126,12,4,10,2,0,3,0,157,122,11,114,236
3324779320,1504192890539,1505,9,1,2,1,1,1,1,2,203,11,4,412,4,14,18,7,4,134,14,4,57,12,4,9,3,1,2,0,76,60,429,-1,38,61,7,4,150,12,4,59,11,4,498,7,4,48,4,14,2,0,0,0,1,497,76,40,10,141
3328238683,1504442600372,1116,9,1,1,1,0,0,1,1,420,12,4,64,11,4,80,4,14,67,7,4,163,4,14,3,0,0,1,1,53,114,240,21,238,105,14,4,5,4,12,56,12,11,222,4,7,427,14,4,1,0,0,0,0,36,32,498,53,157
3329575401,1504528075587,1562,9,1,2,1,1,1,1,1,114,4,12,11,11,4,117,4,3,18,4,7,163,4,7,10,2,1,2,1,35,157,141,238,122,31,4,12,80,4,11,96,7,4,37,4,3,245,14,4,0,0,0,0,0,53,154,19,141,122
3257189992,1499619539523,2706,9,1,1,2,1,1,1,0,412,4,3,24,4,12,64,4,11,236,4,7,42,4,7,7,2,2,3,0,154,223,54,157,11,51,4,7,61,4,3,60,4,11,41,4,3,201,14,4,6,1,1,2,0,119,114,29,117,98
3225931189,1497635205429,1952,9,1,2,1,1,1,1,0,236,7,4,58,4,14,43,12,4,267,3,4,121,4,11,11,3,1,3,0,64,105,114,157,103,134,4,6,92,4,12,63,4,14,28,4,11,67,7,4,0,0,0,1,0,157,55,19,114,154
3290020364,1501846655430,1565,9,1,1,2,1,0,1,0,99,3,4,110,4,7,35,11,4,86,4,12,163,4,14,9,2,0,2,0,238,53,74,498,122,141,4,11,29,7,4,75,12,4,201,3,4,91,14,4,1,0,0,0,0,498,122,53,64,45
3327795990,1504386034992,1551,9,2,2,2,2,2,1,2,412,4,14,91,4,14,48,12,4,19,4,11,29,7,4,0,0,0,1,0,84,67,498,122,45,113,11,4,119,7,4,90,4,14,75,6,12,201,3,4,11,3,1,2,1,114,84,420,40,53
3257805109,1499677688295,2010,9,1,2,1,1,1,1,1,432,4,3,23,4,12,29,4,7,55,4,14,35,6,11,11,3,1,3,1,154,498,134,80,51,81,4,7,102,11,4,39,4,12,45,14,4,16,4,3,1,0,0,0,0,157,164,53,117,103
3328085647,1504430833713,1418,9,1,1,1,1,0,2,1,114,12,4,119,7,4,99,4,21,267,4,3,141,4,11,10,2,0,1,1,6,31,55,86,157,5,11,4,117,3,4,122,4,12,3,12,4,17,7,4,1,0,0,1,0,-1,63,18,29,516
3326142894,1504281265007,1786,9,2,1,1,2,2,1,0,64,4,11,26,4,14,43,14,4,67,7,4,240,4,12,3,0,0,2,0,157,117,114,40,133,61,4,12,81,7,4,141,4,11,412,4,14,92,4,3,8,1,1,0,0,498,238,40,157,16
3330113146,1504557144633,1406,9,2,2,2,0,0,2,2,18,4,7,64,11,4,58,4,12,412,7,4,238,4,14,0,0,0,1,0,29,25,141,157,420,31,11,4,30,4,3,12,3,4,516,4,12,498,4,7,5,0,0,1,1,7,67,119,24,40
3272173571,1500580174063,1544,9,1,2,2,1,0,1,1,19,4,11,90,4,14,86,4,12,18,7,4,117,3,4,11,3,0,2,1,53,157,238,105,58,432,7,4,427,4,3,254,4,11,268,7,4,114,4,12,2,0,0,1,0,238,157,154,141,17
3215147364,1496928533238,1578,9,1,2,1,1,1,1,2,32,11,4,17,12,4,18,4,7,412,4,3,103,4,21,9,1,1,1,0,120,498,114,40,150,432,3,4,38,12,4,24,11,4,157,4,12,81,7,4,2,0,0,1,1,80,39,154,23,498
3319791255,1503831594926,1465,9,1,1,2,1,0,2,1,150,4,12,33,4,11,117,4,7,96,4,21,268,4,21,8,2,0,1,1,157,40,29,113,119,1,14,4,106,4,11,67,4,7,78,12,4,103,14,4,2,0,0,1,0,18,516,84,157,29
3329210251,1504473630206,1670,9,2,1,2,2,0,2,2,498,4,7,497,4,14,3,4,12,164,12,4,59,11,4,1,0,0,0,0,117,29,113,11,19,61,4,14,121,4,11,114,12,4,37,4,3,18,7,4,9,2,0,3,1,33,117,113,31,40
3318032349,1503686779407,1366,9,1,1,1,1,0,1,1,101,4,21,121,11,4,43,3,4,58,4,12,236,4,7,11,3,0,2,1,238,516,31,18,122,25,4,14,62,12,4,91,4,14,32,4,11,81,4,7,0,0,0,0,0,53,157,11,67,105
3327756580,1504383520675,2084,9,2,2,2,2,2,2,0,12,3,4,61,4,21,141,4,11,27,12,6,67,7,4,0,0,0,0,0,29,238,63,122,86,498,7,4,89,4,14,134,6,4,17,4,14,19,11,4,11,3,1,3,0,59,39,105,53,238
3330330469,1504566863312,1656,9,2,2,2,2,0,2,2,498,4,7,16,4,3,84,4,14,28,11,4,238,14,4,1,0,0,1,0,114,157,119,117,11,48,4,12,21,7,4,62,4,14,64,4,11,45,3,4,11,3,0,2,1,516,40,122,157,29
3317011582,1503596444685,1539,9,1,1,1,1,1,1,0,103,4,14,64,4,14,110,4,7,78,14,4,19,11,4,10,2,1,3,0,150,119,31,16,23,67,4,7,516,4,11,54,12,4,53,3,4,105,14,4,1,0,0,0,0,90,31,40,238,25
3330905755,1504618489619,2192,9,2,1,1,2,2,1,0,7,4,12,134,7,4,121,11,4,498,4,7,497,14,4,6,0,0,3,0,20,157,18,76,516,429,21,4,79,11,4,91,4,14,117,7,4,10,4,12,8,1,2,1,0,29,40,83,119,12
3317512988,1503641495496,1219,9,2,2,2,0,0,2,2,40,3,4,31,4,11,42,4,1,164,4,12,15,7,4,0,0,0,0,0,29,114,24,18,516,429,4,7,412,4,14,150,4,12,157,4,12,60,4,11,6,0,0,1,1,141,516,498,29,113
3326385909,1504296329582,2453,9,1,1,2,1,1,2,0,238,14,4,78,12,4,498,7,4,103,3,4,77,11,4,10,2,2,0,0,245,420,17,114,53,29,12,4,497,3,4,99,4,14,57,4,11,236,4,12,4,0,0,3,0,53,6,19,32,21
3294149427,1502147003079,1625,9,1,1,1,1,1,1,0,497,14,4,202,4,7,141,11,4,163,4,7,68,4,12,11,3,1,1,0,25,59,61,134,164,45,14,4,6,4,11,117,3,4,96,7,4,41,4,12,0,0,0,0,0,154,412,105,37,40
3328969888,1504460804421,1682,9,2,2,1,2,2,1,1,19,11,4,75,4,12,119,4,7,143,14,4,134,4,7,4,0,0,1,1,122,61,29,40,16,57,12,4,99,4,7,117,3,4,96,7,4,59,11,4,10,2,1,2,0,157,141,53,34,122
3245516130,1498840131048,201,9,2,1,0,0,0,0,0,51,4,7,23,4,11,497,4,3,61,4,21,240,4,12,0,0,0,0,0,154,114,157,64,238,48,11,4,82,4,14,4,4,14,43,4,3,202,7,4,0,0,0,0,0,53,122,29,114,157
3255492444,1499504423372,2143,9,1,1,1,1,2,1,1,50,4,14,18,4,7,240,4,12,5,4,11,99,4,3,11,4,0,4,1,53,19,122,238,427,79,4,14,421,11,4,67,4,7,150,4,12,131,12,4,4,1,2,0,0,51,238,90,80,157
3300299855,1502541180571,1562,9,1,1,1,1,2,2,0,45,4,7,18,7,4,44,3,4,59,4,11,240,12,4,10,2,0,2,0,103,31,154,141,157,412,4,3,67,4,7,60,11,4,101,21,4,54,12,4,0,0,1,1,0,29,157,34,62,119
3216934056,1497039528688,2123,9,1,1,1,0,0,1,0,163,14,4,14,11,4,81,4,7,157,12,4,16,3,4,6,0,0,3,0,421,3,105,64,245,51,4,7,60,4,11,103,4,12,412,4,14,54,4,12,2,0,0,0,0,498,117,114,3,154
3299917073,1502531968510,1304,9,1,1,1,1,0,1,0,8,6,4,59,4,11,122,14,4,67,4,7,117,4,3,9,1,0,1,0,119,141,57,238,7,29,4,7,432,4,14,31,11,4,91,14,4,114,4,12,0,0,0,0,0,57,498,40,245,238
3259854219,1499795168530,1821,9,2,1,2,2,1,2,2,13,6,4,48,11,4,92,12,4,51,7,4,412,14,4,3,0,1,0,0,15,154,114,134,245,157,14,4,57,4,11,31,4,12,222,4,7,16,3,4,8,1,0,3,1,119,11,420,154,238
3293931588,1502131796721,1918,9,2,1,2,2,2,2,0,75,4,12,79,4,11,268,4,7,25,4,3,498,4,7,4,0,0,0,0,131,238,51,157,141,67,7,4,40,3,4,134,4,12,102,11,4,23,14,4,11,2,1,3,0,6,122,141,16,105
3302350060,1502658510598,1848,9,1,1,1,1,0,1,0,38,4,12,53,4,3,141,11,4,67,4,7,6,4,12,9,2,0,2,0,201,40,31,103,57,29,7,4,64,4,11,13,4,12,45,4,12,99,4,3,1,0,0,0,0,11,238,498,157,57
3329972457,1504549776039,2661,9,2,1,1,1,1,1,1,44,4,3,31,12,4,35,11,4,133,4,7,143,4,14,7,1,2,4,1,53,238,67,90,157,412,3,4,516,11,4,222,7,4,61,12,4,236,12,4,8,1,0,1,0,157,84,37,150,238
3279140132,1501073229828,2923,9,2,1,1,2,2,2,0,29,4,7,150,12,4,76,3,4,141,4,11,74,21,4,5,2,0,4,0,31,84,19,11,55,80,4,14,40,4,14,99,4,14,102,11,4,51,4,7,10,4,2,1,0,18,23,5,105,157
3318864162,1503742499666,204,9,1,1,0,0,0,0,0,105,14,4,24,11,4,75,4,12,53,4,3,18,4,7,0,0,0,0,0,516,29,31,89,157,17,4,12,112,4,12,5,11,4,222,4,7,44,3,4,0,0,0,0,0,11,122,86,1,141
3331126326,1504631014856,2945,9,2,2,2,2,1,2,0,29,7,4,38,12,4,412,3,4,57,12,4,78,11,4,4,0,1,1,0,64,16,18,40,117,105,4,11,55,14,4,22,4,7,92,4,12,111,14,4,10,6,2,4,0,11,24,40,18,141
3323256752,1504090689857,1633,9,1,2,1,0,0,1,1,245,14,4,40,4,14,92,4,12,222,4,7,19,11,4,6,0,0,3,1,51,38,154,119,113,84,4,14,53,4,3,24,12,4,141,11,4,67,7,4,1,0,0,0,0,18,17,238,63,103
3325850154,1504265177109,2495,9,2,2,1,1,1,2,1,18,4,7,45,4,21,58,12,4,141,4,11,143,14,4,9,2,2,0,1,114,119,91,40,67,134,4,21,29,4,7,75,12,4,24,11,4,12,3,4,9,1,0,5,0,117,157,53,16,150
3253177639,1499335752632,1200,9,2,1,2,2,0,2,2,134,6,4,40,4,3,498,4,7,164,4,12,76,11,4,0,0,0,0,0,38,53,157,59,7,23,4,14,61,4,21,412,3,4,51,7,4,106,11,4,8,2,0,2,1,55,92,117,122,29
3248016102,1498992719944,1972,9,2,2,2,2,0,2,2,5,11,4,85,4,12,43,4,3,13,4,6,18,7,4,2,0,0,0,0,157,154,114,38,11,64,4,11,119,7,4,98,12,4,34,4,12,37,4,3,10,2,0,3,1,63,122,53,29,134
3315427772,1503503154528,2005,9,1,1,1,1,1,1,0,429,4,7,122,4,6,24,11,4,497,4,14,38,4,14,10,2,1,4,0,267,80,53,35,31,61,4,21,89,4,14,21,4,7,11,12,4,113,4,11,2,0,0,0,0,516,40,117,157,69
3302225675,1502651597398,197,9,1,1,0,0,0,0,0,25,3,4,1,4,14,222,7,4,64,11,4,86,12,4,0,0,0,0,0,143,17,53,238,19,103,14,4,141,11,4,16,4,3,202,4,21,114,4,12,0,0,0,0,0,51,90,154,122,80
3328203624,1504438062620,1528,9,1,1,1,1,0,1,0,57,12,4,76,4,11,18,7,4,25,3,4,55,4,14,9,1,0,1,0,238,24,117,40,102,79,11,4,164,4,12,61,4,3,236,7,4,43,3,4,1,0,0,1,0,119,114,40,117,59
3329983922,1504550263345,1730,9,1,2,2,1,2,1,1,21,7,4,36,12,4,13,4,21,16,4,3,56,4,11,6,1,0,2,1,67,69,134,23,11,107,4,12,48,4,3,18,7,4,8,4,14,60,4,11,7,0,1,2,0,238,157,498,55,29
3325514108,1504211854910,1636,9,1,1,1,1,0,1,0,119,7,4,254,4,11,43,4,3,17,4,14,103,3,4,6,1,0,3,0,40,141,122,157,18,31,4,12,238,14,4,19,6,11,110,4,7,89,4,3,1,0,0,0,0,141,55,114,67,412
3329964874,1504550072028,1899,9,2,2,2,2,2,1,2,141,11,4,143,4,3,157,14,4,115,7,4,119,4,21,4,0,0,1,0,18,40,117,498,31,83,12,4,105,4,14,19,4,11,67,7,4,37,3,4,9,2,1,2,1,53,33,2,40,122
3323327302,1504095425688,1223,9,1,1,1,1,0,1,1,98,4,12,432,14,4,2,11,6,81,4,7,74,12,4,9,2,0,1,1,112,157,119,141,24,222,4,7,103,4,14,64,4,11,240,12,4,16,4,3,1,0,0,0,0,-1,141,33,29,40
3327785785,1504385610019,2177,9,2,1,1,2,0,2,0,39,4,14,12,3,4,41,4,3,141,4,11,67,7,4,4,0,0,0,0,126,117,18,11,238,105,14,4,498,4,7,33,11,6,497,3,4,157,4,12,8,1,0,2,0,61,18,89,86,11
3304121361,1502751669041,1936,9,1,2,2,1,0,1,2,110,4,7,4,12,4,79,4,11,53,4,3,150,4,12,10,1,0,1,0,1,122,31,8,5,99,4,7,254,4,11,18,4,7,92,12,4,78,3,4,2,0,0,1,1,154,117,31,6,67
3313936600,1503417970408,1394,9,1,1,1,1,0,1,1,223,3,4,222,4,7,101,3,4,80,12,4,141,4,11,9,2,0,1,1,18,40,117,55,92,48,4,12,63,14,4,90,4,14,202,4,7,79,4,11,0,0,0,0,0,104,40,38,57,412
3266894194,1500234104580,1417,9,1,1,1,0,0,1,1,412,4,3,81,4,7,61,14,4,86,4,12,31,4,11,5,0,0,1,1,154,238,99,80,122,141,11,4,245,12,4,236,4,7,143,21,4,3,4,12,0,0,0,0,0,134,60,51,117,122
3329273196,1504475243506,2169,9,2,1,2,2,1,2,1,5,4,11,99,4,21,122,4,12,43,4,3,18,4,7,6,1,1,0,1,37,238,105,240,74,89,3,4,8,12,4,120,4,12,51,7,4,141,11,4,8,1,0,4,0,53,497,54,202,157
3321132612,1503920006495,1922,9,2,1,1,2,2,1,2,33,11,4,17,4,12,14,3,4,238,4,14,21,4,7,3,0,1,2,0,117,103,19,67,31,40,3,4,59,12,4,61,21,4,64,11,4,222,7,4,10,2,1,1,1,29,134,-1,114,18
3302102899,1502645631617,1695,9,1,1,1,0,0,1,0,202,7,4,57,4,12,131,14,4,16,3,4,11,11,4,4,0,0,2,0,157,53,90,238,122,25,4,3,114,4,12,81,7,4,236,4,14,141,11,4,1,0,0,0,0,39,122,40,17,154
3329217195,1504473096380,2138,9,1,1,1,1,1,1,0,143,21,4,240,4,12,44,4,3,64,11,4,29,7,4,11,2,1,4,0,238,67,79,157,498,38,4,12,412,4,14,202,4,7,92,12,4,36,11,4,3,0,0,0,0,497,75,114,141,122
3319441338,1503780491524,2116,9,2,2,2,2,0,2,0,96,4,7,33,4,11,90,4,14,150,4,12,61,7,4,2,0,0,0,0,40,157,92,238,18,67,7,4,44,14,4,141,11,4,63,14,4,83,4,12,11,3,0,3,0,75,134,238,31,119
3330175562,1504561381268,1830,9,2,1,2,2,2,1,0,13,12,4,75,12,4,64,11,4,498,7,4,497,14,4,6,0,0,2,0,29,201,119,157,23,67,7,4,141,4,11,40,14,4,105,4,14,48,4,12,8,1,1,1,0,-1,8,113,238,103
3312437662,1503321616018,2545,9,2,1,2,2,2,1,2,23,11,4,222,7,4,267,4,14,106,4,12,163,4,14,4,0,0,3,0,53,11,19,157,105,41,12,4,21,4,7,117,4,3,115,7,4,102,4,11,8,3,2,1,1,99,82,25,53,105
3329761882,1504538782480,2052,9,2,2,2,1,2,1,0,41,12,4,134,7,4,98,3,4,119,7,4,432,4,11,6,1,0,2,0,154,498,51,53,29,223,4,11,268,4,14,12,14,4,18,4,7,222,7,4,4,0,2,1,0,157,201,57,11,238
3325099211,1504207732340,194,9,2,0,0,0,0,0,0,267,3,4,98,12,4,64,4,11,96,7,4,268,4,3,0,0,0,0,0,39,31,67,75,119,23,4,12,154,11,4,157,4,14,498,4,7,497,3,4,0,0,0,0,0,84,90,40,31,21
3238347341,1498398346932,2344,9,2,2,2,2,2,1,0,202,4,7,421,11,4,84,14,4,62,12,4,25,4,3,4,0,0,3,0,154,39,157,498,105,117,4,3,222,4,7,24,4,11,31,4,12,69,4,21,9,2,2,2,0,27,114,12,157,498
3315194309,1503486204114,2063,9,1,1,1,1,1,2,0,64,11,4,22,4,7,4,4,12,267,4,3,6,12,4,10,2,1,1,0,18,238,121,114,141,133,4,11,40,4,3,75,4,12,202,7,4,103,14,4,2,0,0,2,0,29,57,59,31,238
3328926298,1504459632187,1780,9,1,2,1,1,1,2,0,29,7,4,164,12,4,37,3,4,64,11,4,38,4,12,11,4,1,2,0,7,31,154,40,53,141,14,4,106,11,4,150,12,4,412,14,4,222,4,7,0,0,0,1,0,117,40,18,157,19
3252012498,1499258394981,2511,9,1,2,2,1,1,1,1,110,7,4,201,3,4,136,6,4,64,11,4,23,12,4,10,5,1,4,1,17,122,103,245,98,203,4,11,202,4,7,266,4,12,99,4,14,432,4,14,3,0,0,0,0,103,17,412,114,157
3323471071,1504100101544,1636,9,1,2,1,1,1,2,1,22,7,4,31,12,4,19,11,4,245,4,12,60,14,4,10,2,1,2,1,57,64,498,113,75,412,4,14,238,4,14,28,11,4,114,4,12,67,4,7,2,0,0,1,0,59,121,79,141,40
3226936957,1497697236890,2539,9,2,1,2,2,2,2,0,8,4,12,84,4,11,67,7,4,25,3,4,238,4,14,8,1,0,2,0,92,498,157,122,236,222,7,4,23,12,4,90,4,6,63,14,4,121,4,11,9,2,2,3,0,55,157,36,53,51
3326419306,1504299503097,1626,9,1,1,2,1,1,1,1,51,7,4,31,4,12,64,4,11,245,21,4,53,14,4,10,2,1,2,1,157,84,122,11,33,23,11,4,14,4,12,111,4,3,74,4,12,15,4,7,2,0,0,0,0,98,134,11,67,54
3329982789,1504549989917,2216,9,1,2,1,1,0,2,0,157,14,4,76,11,4,12,3,4,18,4,7,54,12,4,11,3,0,2,0,57,119,23,16,238,44,4,3,121,11,4,115,4,21,21,4,7,78,4,12,4,0,0,1,0,40,119,31,238,497
3319414022,1503778527514,1801,9,2,1,2,2,2,2,2,41,4,3,498,4,7,113,11,4,85,4,12,497,4,3,0,0,0,0,0,157,202,106,63,3,126,4,12,120,6,11,43,3,4,29,4,7,134,4,6,9,2,1,3,1,40,75,154,141,516
3319891412,1503838658220,1739,9,1,1,1,1,0,1,0,110,7,4,201,14,4,64,4,11,24,4,3,45,3,4,7,1,0,1,0,31,157,119,114,67,18,4,7,131,14,4,63,4,14,23,4,12,32,11,4,4,0,0,1,0,119,31,61,516,29
3328385675,1504449212356,2579,9,1,1,1,1,2,1,0,131,12,4,14,12,4,81,1,4,78,4,11,497,4,3,7,2,1,1,0,122,412,119,11,29,64,4,11,12,4,14,498,7,4,516,4,12,143,4,14,5,1,1,3,0,412,238,105,19,18
3315753085,1503517855794,1863,9,1,2,1,1,1,1,1,18,7,4,91,14,4,35,11,14,497,4,14,3,4,12,11,3,1,2,1,103,29,40,238,119,41,14,4,24,4,11,516,12,4,96,4,7,53,4,14,2,0,0,1,0,134,266,161,236,103
3329432072,1504506755823,2406,9,1,2,1,1,2,1,0,50,12,4,238,4,14,119,4,7,79,11,4,25,4,3,10,3,0,2,0,141,67,45,53,17,90,4,14,110,7,4,121,11,4,412,4,14,48,12,4,3,0,1,1,0,11,67,157,84,105
3324582935,1504177372692,1441,9,1,1,1,1,0,2,0,432,4,3,498,7,4,420,12,4,34,4,12,64,4,11,8,1,0,1,0,40,157,141,56,84,98,12,4,18,4,7,91,14,4,164,4,3,92,4,11,0,0,0,1,0,31,10,266,40,79
3255146695,1499459974902,2424,9,2,2,2,2,2,1,0,497,3,4,48,12,4,24,11,4,103,14,4,18,7,4,2,0,0,1,0,51,105,23,117,122,29,4,11,412,3,4,36,4,14,202,7,4,3,12,4,10,3,1,2,0,119,105,114,25,117
3301638876,1502629648831,1725,9,2,2,1,2,2,2,2,42,4,7,412,4,3,67,4,7,141,4,11,420,12,4,2,0,0,0,0,90,201,25,122,31,18,7,4,16,4,3,75,4,12,112,4,12,56,11,4,10,2,1,2,1,3,157,122,29,154
3317260669,1503607690833,2268,9,2,1,1,1,2,2,1,122,12,4,45,12,4,53,14,4,29,7,4,7,11,4,5,1,0,0,1,238,40,114,157,154,58,12,4,99,4,7,89,4,3,4,4,11,18,4,7,10,1,1,3,0,31,516,157,121,134
3318770916,1503712503132,1396,9,1,1,1,1,0,2,2,19,11,4,8,4,14,432,3,4,44,4,12,119,7,4,7,1,0,0,0,238,23,29,63,90,92,12,4,157,4,14,102,4,11,110,14,4,67,4,7,2,0,0,2,1,117,6,40,31,114
3290836529,1501918946103,1777,9,2,2,1,2,2,2,2,115,4,14,202,7,4,92,4,11,267,3,4,54,4,12,3,0,0,0,0,154,7,31,122,51,21,4,7,80,4,14,8,12,4,29,4,11,40,4,3,10,1,1,2,1,141,238,61,75,16
3215465960,1496946523541,1174,9,2,2,2,2,0,1,2,238,4,14,51,4,7,92,12,4,79,4,11,117,4,3,1,0,0,1,0,38,498,114,157,64,75,6,12,222,7,4,60,11,4,25,4,3,55,14,4,6,1,0,0,1,154,33,157,19,38
3329070911,1504463602595,1815,9,2,2,1,2,2,1,2,412,3,4,11,11,4,51,4,7,91,4,14,75,6,12,3,0,0,2,0,122,17,245,90,39,80,14,4,18,4,7,12,4,14,24,11,4,99,14,4,9,2,1,1,1,236,90,98,50,154
3325993834,1504273174513,2065,9,2,2,2,2,2,2,0,3,4,12,21,7,4,23,4,12,44,4,3,29,11,4,1,0,0,0,0,19,141,91,122,51,1,14,4,77,11,4,126,4,12,40,4,3,67,4,7,11,3,1,2,0,412,90,122,2,27
3327309004,1504358843442,2029,9,2,2,2,2,1,1,2,102,11,4,24,4,12,141,14,4,29,1,4,40,7,4,3,0,1,2,0,119,18,154,113,80,497,4,14,25,14,4,19,4,11,150,12,4,498,4,7,9,1,0,3,1,33,238,79,64,67
3329498325,1504520886435,1358,9,1,1,1,1,0,1,1,37,4,3,102,4,11,41,4,12,96,7,4,134,4,12,9,1,0,2,1,164,29,238,40,31,2,4,11,75,4,14,89,4,3,157,3,4,236,7,4,0,0,0,0,0,40,24,61,238,141
3324194055,1504124163401,1224,9,2,2,2,2,0,2,2,412,4,3,44,4,12,31,4,12,18,4,7,19,4,11,0,0,0,0,0,114,29,157,498,117,141,11,4,40,3,4,45,21,4,83,4,12,21,4,7,8,2,0,2,1,143,238,114,57,27
3217580529,1497101132151,1284,9,2,1,2,0,0,2,2,154,4,11,432,4,3,202,7,4,131,4,14,8,4,12,0,0,0,1,0,157,122,238,64,117,31,4,12,53,14,4,21,7,4,99,4,21,59,11,4,6,0,0,1,1,157,19,63,122,498
3325273181,1504208653215,2243,9,1,1,1,1,1,1,0,101,4,1,18,4,7,114,12,4,421,11,4,117,14,4,11,3,2,2,0,99,157,40,19,59,150,4,12,11,4,11,16,7,4,498,21,4,161,6,4,3,0,0,2,0,29,69,40,57,61
3289002221,1501774279426,2014,9,1,1,2,2,1,2,2,57,4,11,18,4,7,44,4,14,4,12,4,75,12,4,8,1,1,1,0,164,157,90,126,141,89,3,4,31,4,11,238,14,4,21,7,4,59,12,4,9,1,0,2,1,105,84,17,154,3
3262650447,1499970178920,1838,9,2,2,2,2,2,2,0,267,4,3,59,11,4,236,7,4,17,12,4,45,4,14,1,0,0,0,0,134,141,157,51,122,120,6,11,240,12,4,25,3,4,202,4,7,61,4,12,8,1,1,2,0,84,31,134,18,420
3315601245,1503509039947,1552,9,1,1,1,1,0,1,1,41,4,3,68,12,4,40,3,4,18,7,4,33,11,4,11,2,0,1,1,23,20,7,31,238,163,4,21,119,7,4,37,4,3,516,4,11,84,12,4,3,0,0,0,0,117,29,141,57,16
3246717569,1498914038328,1967,9,2,2,2,2,2,2,0,35,14,11,240,12,4,13,4,6,236,7,4,497,14,4,3,0,0,1,0,29,154,114,157,122,119,4,7,12,4,3,90,12,4,126,4,12,79,11,4,9,1,1,3,0,202,105,51,89,114
3309364805,1503100256888,202,9,2,1,0,0,0,0,0,74,12,4,51,4,7,37,4,3,35,14,11,1,4,14,0,0,0,0,0,89,53,86,238,11,28,4,11,12,4,14,90,14,4,6,4,12,222,4,7,0,0,0,0,0,202,238,53,17,75
3329461564,1504515838360,1592,9,1,1,1,0,0,1,1,68,12,4,37,14,4,21,4,7,40,7,4,23,11,4,6,0,0,2,1,51,105,53,157,236,64,11,4,133,3,21,8,4,14,17,14,4,25,4,3,1,0,0,0,0,53,245,122,157,29
3271032320,1500503460120,2006,9,2,2,2,2,2,2,0,163,6,4,21,4,7,59,12,4,497,4,3,141,4,11,2,0,0,0,0,90,117,154,91,31,19,4,11,432,14,4,67,7,4,92,12,4,9,4,14,10,1,1,3,0,29,119,90,134,24
3330478747,1504597535787,1149,9,2,2,2,2,0,2,2,4,4,6,222,4,7,3,3,4,68,12,4,105,4,11,0,0,0,0,0,40,122,238,157,38,516,11,4,18,7,4,84,14,4,12,4,3,236,4,12,11,3,0,1,1,119,91,154,238,113
3329924521,1504547703178,1647,9,2,2,2,2,0,2,2,6,4,12,45,4,21,25,3,4,33,11,4,236,4,7,1,0,0,0,0,55,11,28,105,29,99,4,14,15,7,4,157,4,14,37,3,4,24,4,11,9,1,0,2,1,18,245,498,119,84
3321617607,1503951360592,1801,9,2,2,1,2,0,1,2,53,4,14,83,4,12,79,4,11,245,14,4,222,4,7,2,0,0,1,0,91,5,25,24,121,23,4,14,64,4,11,74,12,4,67,4,7,201,4,3,9,2,0,1,1,103,114,84,119,498
3299650796,1502496863435,1837,9,1,1,1,1,1,2,0,16,4,3,23,14,4,202,7,4,3,4,3,79,4,11,11,3,1,1,0,58,11,31,238,117,102,11,4,15,7,4,45,12,4,150,4,12,43,4,3,4,0,0,2,0,40,157,117,154,11
3329832001,1504541977845,1554,9,1,2,1,0,0,1,0,112,6,4,18,7,4,90,4,3,131,4,11,114,12,4,8,0,0,2,0,157,516,119,122,31,64,11,4,92,4,12,498,4,7,161,4,21,63,3,4,0,0,0,0,0,154,238,78,105,31
3329151689,1504468623223,1990,9,1,1,2,1,1,1,1,31,4,11,15,7,4,53,4,14,39,4,12,61,4,12,11,3,1,3,1,18,157,154,40,16,150,4,12,25,4,14,19,11,4,57,14,4,67,7,4,2,0,0,0,0,412,141,113,18,16
3329065824,1504464487643,2033,9,1,2,1,1,1,1,1,36,4,11,119,4,7,91,14,4,37,4,3,59,4,12,11,3,1,3,1,40,31,35,117,16,498,7,4,23,14,6,113,11,4,201,4,3,69,4,3,3,0,0,1,0,84,8,40,18,117
3329273872,1504475548538,2437,9,1,2,2,1,1,1,0,202,4,7,59,4,11,516,12,4,26,4,3,61,4,1,10,2,1,4,0,18,157,122,11,84,78,4,11,1,4,14,22,7,4,12,3,4,141,4,12,7,0,0,0,0,119,31,67,113,51
3322368933,1504005199665,1722,9,1,1,1,1,1,1,1,412,4,14,61,4,14,5,4,11,74,12,4,236,4,7,10,2,1,3,1,-1,29,-1,40,141,84,4,12,38,12,4,202,4,7,497,3,4,79,4,11,1,0,0,0,0,113,40,31,18,157
3330699372,1504607585842,1755,9,1,2,1,1,1,1,1,86,14,4,51,7,4,10,4,3,33,11,4,245,4,14,6,1,1,2,1,31,157,16,17,29,115,4,12,18,7,4,57,11,4,126,12,4,53,3,4,4,0,0,0,0,498,122,238,157,29
3290586190,1501880978328,1908,9,2,2,2,2,0,2,0,412,3,4,202,7,4,127,14,4,59,11,4,83,4,12,1,0,0,0,0,3,157,131,141,6,18,7,4,497,14,4,99,21,4,29,4,11,75,4,12,10,2,0,3,0,119,114,157,64,53
3319418928,1503779929105,3351,9,2,1,2,2,2,1,0,67,4,7,59,11,4,53,4,3,7,4,14,114,4,12,8,4,0,2,0,164,268,31,41,84,18,4,7,40,4,14,57,4,12,33,4,11,134,4,6,10,5,4,3,0,117,157,164,119,141
3321221274,1503926857805,1747,9,2,1,1,0,0,1,1,64,4,11,3,12,4,15,7,4,99,3,4,83,12,4,4,0,0,1,1,141,238,122,114,154,497,3,4,21,7,4,35,12,14,38,4,12,24,11,4,6,0,0,1,0,122,245,119,31,157
3253756161,1499371087724,945,9,1,1,1,0,0,0,0,81,7,4,150,4,12,40,4,3,120,6,11,4,14,4,2,0,0,0,0,25,24,236,80,157,50,4,14,35,12,14,104,11,4,3,4,14,51,7,4,0,0,0,0,0,67,80,114,84,119
3307545958,1502994846899,1729,9,1,2,1,1,1,2,1,25,4,14,54,4,11,202,7,4,69,4,21,2,12,6,11,3,1,1,1,90,154,141,122,59,61,4,6,150,12,4,79,4,11,40,4,7,96,21,4,2,0,0,2,0,412,59,497,113,53
3329921723,1504546930866,2088,9,1,2,2,2,2,2,0,17,12,4,31,4,11,42,4,12,119,4,7,412,3,4,9,2,0,0,0,113,245,75,154,16,61,4,14,5,11,4,236,4,7,86,4,14,37,4,3,5,1,1,3,0,238,1,157,154,24
3321801631,1503958388220,2327,9,1,2,2,1,1,1,2,203,11,4,18,4,7,117,3,4,238,14,4,5,12,4,9,2,2,4,0,24,516,55,119,141,41,7,4,163,4,3,421,4,11,13,4,6,58,4,12,5,0,0,1,1,92,157,141,498,17
3249339551,1499089826233,1781,9,2,1,2,2,2,2,0,61,4,1,25,3,4,24,12,4,203,11,4,429,4,7,2,0,0,2,0,114,92,3,85,7,202,7,4,103,4,14,80,14,4,40,4,3,64,11,4,8,1,1,1,0,29,51,238,412,19
3258688502,1499715217977,1919,9,1,1,1,1,1,1,1,101,4,6,26,3,4,266,4,12,79,4,11,22,7,4,11,2,1,4,1,29,122,114,238,86,120,6,11,134,14,4,498,7,4,150,12,4,432,14,4,1,0,0,0,0,11,3,53,223,121
3328163455,1504434966797,2841,9,1,2,1,1,1,1,0,516,11,4,497,14,4,85,12,4,498,7,4,3,4,12,11,3,1,3,0,29,115,117,238,8,150,12,4,81,4,7,25,3,4,14,12,4,121,11,4,4,0,0,1,0,8,122,92,64,63
3329521112,1504521935270,1957,9,1,1,2,1,1,1,0,37,3,4,19,11,4,7,4,12,67,4,7,98,4,12,10,2,1,3,0,16,-1,114,157,18,127,4,12,48,4,11,202,4,7,117,4,3,76,4,12,5,0,0,0,0,154,75,18,498,55
3319666335,1503808541517,1964,9,2,2,2,2,2,2,2,11,6,11,105,4,14,92,4,12,17,14,4,40,3,4,6,0,0,0,0,141,238,4,117,16,37,4,3,90,21,4,429,7,4,41,4,12,516,4,11,6,1,1,3,1,122,29,141,126,238
3258076417,1499689053458,1974,9,2,2,2,2,2,1,0,201,4,3,222,4,7,45,4,14,126,12,4,64,11,4,3,1,0,2,0,103,154,117,51,114,79,12,4,15,4,7,98,4,3,5,11,4,105,4,14,10,2,1,1,0,114,8,23,38,11
3328396051,1504449514779,2325,9,1,1,1,2,2,2,0,107,4,14,497,4,3,115,4,21,498,7,4,33,4,11,8,1,0,1,0,67,157,31,21,105,53,3,4,9,11,4,15,7,4,41,4,12,61,4,6,7,1,1,3,0,75,8,5,111,18
3321806232,1503960139533,1593,9,1,1,1,1,1,1,0,112,3,4,121,4,11,12,14,4,15,4,7,74,4,12,10,2,1,3,0,113,141,134,157,38,18,7,4,117,4,3,55,4,14,60,4,11,79,12,4,3,0,0,0,0,498,113,31,119,57
3308455787,1503051195051,208,9,2,0,0,0,0,0,0,78,4,3,202,4,7,79,11,4,86,4,12,134,14,4,0,0,0,0,0,245,2,119,89,157,75,12,4,111,7,12,103,4,14,67,7,4,60,4,11,0,0,0,0,0,2,41,131,17,105
3326563707,1504306750850,2078,9,2,1,1,2,2,2,0,23,6,11,90,4,3,68,4,12,222,4,7,89,4,3,4,0,0,0,0,154,245,119,105,122,516,12,4,67,7,4,37,3,4,11,6,11,25,14,4,8,1,1,5,0,154,18,238,157,92
3326636384,1504314011194,1515,9,2,2,2,2,2,1,2,102,4,11,412,4,3,18,7,4,99,21,4,420,4,12,1,0,0,1,0,75,238,117,6,25,44,4,3,119,7,4,11,11,4,7,14,4,17,4,12,11,2,1,1,1,40,57,33,53,154
3268528395,1500351490258,1875,9,2,1,1,2,2,2,0,16,4,3,154,4,11,61,6,4,62,4,12,29,7,4,3,0,0,0,0,113,19,238,412,103,41,12,4,7,14,4,33,4,11,110,4,7,40,3,4,9,1,1,4,0,498,497,238,114,38
3327227821,1504355690589,1569,9,1,2,1,1,1,2,0,4,14,4,17,11,4,21,7,4,16,4,3,57,4,12,11,3,1,1,0,96,161,157,238,31,79,12,4,53,4,14,33,4,11,498,4,7,38,12,4,1,0,0,1,0,40,69,41,18,29
3305496174,1502836170434,1933,9,1,2,1,1,1,1,0,5,4,11,53,12,4,8,4,14,17,14,4,21,7,4,11,3,1,2,0,25,238,245,29,90,15,7,4,58,12,4,69,4,14,19,4,11,201,4,3,4,0,0,1,0,107,23,157,106,122
3314041893,1503420527643,1861,9,2,1,2,2,2,1,2,164,12,4,9,4,11,61,14,4,429,4,7,63,4,14,1,0,0,1,0,29,157,18,117,38,96,4,7,238,14,4,57,11,4,84,4,12,267,4,3,11,3,2,1,1,18,40,498,117,75
3257295745,1499624361741,2710,9,2,2,1,2,1,2,0,119,4,7,412,4,14,30,4,12,254,4,11,39,4,12,4,0,2,3,0,51,157,122,114,64,143,3,4,61,4,21,240,12,4,19,4,11,22,4,7,9,1,0,2,0,23,105,150,51,154
3227162189,1497708526631,1665,9,2,1,1,0,2,1,0,268,4,12,51,4,7,25,4,12,19,4,11,432,4,14,4,0,0,1,0,157,43,498,103,38,236,7,4,107,4,11,54,4,12,53,3,4,161,4,21,6,0,1,2,0,119,245,105,157,122
3331486702,1504653016617,1850,9,2,2,1,2,2,1,0,114,12,4,238,4,11,50,14,4,236,4,7,12,14,4,3,0,0,1,0,16,115,8,105,40,63,21,4,18,7,4,267,3,4,92,4,12,11,4,11,11,3,1,2,0,40,85,117,29,57
3329865612,1504545353658,2261,9,1,1,2,1,2,2,0,90,4,6,27,6,12,222,7,4,412,4,3,11,4,11,9,2,0,1,0,141,16,238,31,122,267,4,3,157,4,12,91,14,4,67,4,7,421,4,11,4,0,1,3,0,84,92,141,18,122
3329619225,1504532366406,1606,9,1,2,1,1,1,1,1,89,3,4,516,12,4,29,4,7,1,4,14,19,11,6,11,4,1,3,1,122,31,67,114,119,18,7,4,27,14,6,91,4,14,133,11,4,40,4,3,1,0,0,0,0,157,141,238,53,114
3296858647,1502358444201,2090,9,2,2,1,2,1,1,2,29,7,4,141,11,4,89,3,4,55,14,4,24,12,4,8,2,2,2,0,157,51,23,8,31,48,4,12,53,14,4,121,4,11,163,14,4,18,7,4,9,2,0,2,1,238,75,31,119,157
3319454880,1503781655219,1644,9,2,1,1,2,2,2,1,67,7,4,16,4,3,26,4,12,427,11,4,23,4,12,3,0,0,0,1,117,8,157,31,40,3,4,12,236,4,3,432,4,14,29,7,4,9,4,11,6,1,1,3,0,31,238,157,154,40
3319396430,1503779004015,1092,9,2,1,2,2,0,2,0,18,7,4,23,4,14,37,3,4,38,12,4,154,4,11,1,0,0,0,0,114,40,117,119,113,236,14,4,254,4,11,67,7,4,6,4,12,16,4,3,7,1,0,2,0,412,57,113,29,40
3329688077,1504535521137,931,9,2,2,2,2,0,0,0,18,4,7,201,3,4,113,4,11,134,4,7,59,12,4,0,0,0,0,0,429,497,53,69,516,31,4,12,29,4,11,81,7,4,236,3,4,25,4,3,9,2,0,0,0,60,40,157,121,117
3328245648,1504442048129,2058,9,2,2,2,2,2,2,0,412,4,14,84,21,4,80,4,12,81,4,12,79,4,11,1,0,0,0,0,53,75,136,238,119,21,7,4,64,4,11,131,4,14,50,4,12,117,4,3,9,2,1,4,0,238,1,154,67,122
3321470843,1503941638636,1368,9,2,2,2,2,2,2,0,57,4,11,51,4,7,79,4,12,12,14,4,112,4,7,0,0,0,0,0,157,40,516,122,67,58,12,4,429,4,7,34,4,12,64,4,11,117,4,3,8,1,1,2,0,126,31,154,55,91
3261341720,1499885834899,2346,9,2,1,2,1,1,2,1,131,4,11,268,21,4,429,4,7,58,4,12,12,4,3,6,1,1,0,1,238,114,141,119,157,150,4,12,51,7,4,245,4,14,11,4,11,115,3,4,9,1,1,4,0,157,75,114,23,19
3319604881,1503793198221,1744,9,1,2,1,1,1,1,1,412,14,4,141,11,4,15,7,4,114,12,4,163,3,4,10,1,1,3,1,38,29,117,40,51,236,4,14,96,7,4,164,4,12,427,4,11,497,14,4,2,0,0,0,0,69,24,18,40,117
3291976468,1501977436751,1193,9,1,2,1,1,0,1,1,429,4,7,412,3,4,105,14,4,19,6,11,83,4,12,9,2,0,1,1,122,119,103,31,157,92,12,4,236,4,7,45,4,3,432,4,3,141,4,11,0,0,0,0,0,40,91,238,126,157
3260302503,1499816930547,2026,9,1,1,1,1,0,2,0,59,4,12,63,4,14,41,14,4,79,4,11,202,4,7,11,3,0,2,0,254,238,99,157,164,39,12,4,55,4,14,40,3,4,119,7,4,102,4,11,1,0,0,2,0,161,3,498,12,154
3329471240,1504516307187,2335,9,2,2,1,2,2,2,2,64,11,4,45,4,12,119,7,4,48,12,4,16,3,4,5,0,0,3,0,498,117,154,141,40,41,14,4,37,3,4,19,4,11,110,4,7,34,14,4,11,5,3,2,1,53,92,11,134,29
3316340355,1503583407875,2068,9,1,2,1,1,2,1,1,57,4,11,67,4,7,16,4,3,115,4,21,92,12,4,10,2,1,3,1,40,119,8,24,55,267,3,4,421,11,4,48,4,12,110,7,4,61,4,21,4,0,1,1,0,516,113,40,33,412
3330967396,1504622247429,1647,9,2,1,2,2,2,1,2,4,4,14,40,3,4,105,12,4,98,11,4,29,4,7,1,0,0,1,0,117,18,238,114,31,38,4,12,58,12,4,81,4,11,267,3,4,67,7,4,8,1,1,2,1,238,53,143,24,33
3326415104,1504298450971,2310,9,2,2,2,2,2,2,0,421,11,4,15,7,4,111,3,4,38,14,4,50,12,14,2,0,0,0,0,31,106,19,141,67,238,4,14,34,3,4,18,7,4,77,4,11,14,4,12,11,3,1,3,0,157,53,105,127,114
3243860304,1498744580678,1566,9,1,2,2,1,0,1,0,38,4,14,117,4,3,22,7,4,98,12,4,11,11,4,8,2,0,3,0,19,238,119,32,23,54,4,12,498,7,4,412,4,3,69,6,4,64,11,4,2,0,0,0,0,114,25,157,29,51
3263414417,1499994223699,2231,9,2,2,2,2,2,2,1,133,4,7,23,4,12,89,14,4,24,11,4,131,12,4,5,1,0,2,1,114,64,498,497,154,17,4,12,31,12,4,121,11,4,25,4,3,222,4,7,11,5,2,2,0,21,245,11,119,45
3318633307,1503705843032,1917,9,2,2,2,2,2,2,1,60,11,4,99,4,14,68,4,12,412,4,3,67,4,7,2,0,0,0,1,119,157,141,17,516,202,4,7,92,4,12,111,3,4,238,14,4,64,11,4,10,2,1,3,0,119,141,61,23,90
3326077740,1504279551594,2661,9,1,1,1,1,1,1,0,10,4,3,238,4,14,41,12,4,121,4,11,498,4,7,9,2,2,4,0,16,105,18,114,53,497,3,4,150,12,4,222,4,7,131,4,3,31,4,11,3,0,0,1,0,157,75,51,113,412
3320865931,1503873549585,1654,9,2,2,2,2,0,1,0,141,4,11,107,12,4,25,4,3,99,4,14,67,7,4,4,0,0,2,0,57,122,53,497,498,202,4,7,103,4,12,64,11,4,516,4,3,14,4,12,9,2,0,0,0,105,84,117,32,122
3329626166,1504531809668,1147,9,1,2,1,0,0,1,1,119,4,7,76,11,4,79,12,4,497,4,3,7,4,14,3,0,0,1,1,40,154,131,64,141,39,12,4,13,12,4,121,4,11,161,4,3,67,7,4,0,0,0,0,0,134,238,40,141,31
3304316471,1502793003848,1998,9,1,2,2,2,1,1,0,38,4,12,9,4,11,157,4,12,25,4,3,22,7,4,9,1,1,3,0,113,119,154,143,67,17,12,4,141,4,11,497,3,4,498,7,4,131,14,4,8,1,0,0,0,236,75,31,238,33
3329178348,1504470760175,912,9,1,1,0,0,0,1,0,432,4,3,51,4,7,37,14,4,56,4,11,17,12,4,0,0,0,1,0,25,157,122,119,238,103,14,4,67,4,7,64,11,4,50,4,12,44,4,3,0,0,0,0,0,91,498,122,53,114
3328982458,1504461044631,1961,9,1,2,2,1,1,2,0,516,12,4,103,4,14,19,11,4,44,3,4,18,7,4,8,1,1,0,0,497,113,157,122,117,43,12,4,91,14,4,89,4,11,429,7,4,120,11,6,6,0,0,2,0,57,67,40,141,119
3329927666,1504548457982,2394,9,1,2,2,1,2,1,2,45,4,12,40,3,4,81,7,4,122,4,11,24,12,4,11,4,0,3,0,31,117,38,119,92,102,4,11,126,4,12,37,4,14,61,4,3,498,7,4,5,0,1,0,1,57,119,29,79,117
3285971091,1501543350859,2293,9,1,2,2,1,0,1,0,18,4,7,420,12,4,412,14,4,60,4,11,99,4,21,8,1,0,3,0,50,57,157,154,31,75,12,4,141,11,4,103,4,14,267,4,3,222,7,4,5,0,0,0,0,51,238,31,157,61
3244487744,1498756993189,1799,9,1,1,1,1,0,1,0,150,12,4,421,4,11,29,7,4,117,3,4,55,4,14,10,2,0,2,0,114,119,24,19,154,61,4,14,5,11,4,82,4,14,223,3,4,222,4,7,2,0,0,1,0,157,119,114,105,498
3318878416,1503744592630,1845,9,2,2,2,2,2,1,2,22,7,4,57,11,4,497,3,4,8,4,12,55,4,14,0,0,0,1,0,7,114,28,11,157,90,4,6,516,12,4,18,4,7,33,11,4,89,3,4,10,2,1,1,1,117,25,29,75,40
3327492629,1504367757214,2205,9,1,1,1,1,1,2,1,202,4,7,53,4,14,107,11,4,61,4,21,57,4,12,9,3,1,3,1,105,40,154,122,31,516,12,4,22,4,7,141,11,4,25,3,4,7,4,12,2,0,0,1,0,67,29,90,31,18
3327094809,1504351494216,1489,9,1,1,1,1,0,1,2,64,4,11,236,4,7,40,3,4,58,12,4,136,4,6,11,3,0,3,0,238,134,29,157,119,54,4,12,96,4,21,117,4,7,23,4,11,42,4,12,0,0,0,0,1,119,7,67,141,11
3324711304,1504187556829,2265,9,1,2,1,1,1,1,2,25,4,3,222,7,4,3,12,4,32,4,11,4,4,6,11,3,1,4,0,31,245,55,51,157,44,3,4,105,4,14,5,11,4,67,7,4,98,12,4,5,0,0,0,1,63,53,17,122,131
3321128013,1503922074715,1731,9,2,2,2,2,0,2,0,25,4,3,99,12,4,41,12,4,429,7,4,59,4,11,0,0,0,0,0,157,238,31,18,119,222,7,4,245,4,14,60,4,11,516,4,12,412,3,4,9,2,0,1,0,7,40,122,57,24
3277402280,1500977378788,1833,9,1,2,1,1,0,1,2,14,4,12,90,21,4,89,3,4,222,7,4,121,11,4,9,1,0,3,0,157,154,19,31,238,61,4,21,107,4,11,40,3,4,51,4,7,98,12,4,3,0,0,0,1,55,122,23,157,103
3271335198,1500553434103,1533,9,2,1,2,0,0,2,1,59,12,4,37,4,3,238,14,4,104,4,11,51,4,7,1,0,0,0,1,122,497,119,154,157,202,4,7,40,3,4,10,12,4,245,12,4,76,4,11,6,0,0,3,0,3,412,91,27,240
3268501072,1500337889306,1782,9,2,2,2,2,1,1,0,61,4,21,44,4,3,19,11,4,41,4,12,110,4,7,2,0,1,1,0,114,29,27,154,79,96,4,7,60,4,11,164,4,12,42,4,3,412,3,4,7,1,0,1,0,121,119,202,126,114
3254269975,1499431901644,1220,9,2,2,2,2,0,2,0,60,11,4,5,4,12,67,4,7,201,3,4,103,4,14,1,0,0,0,0,1,51,19,22,157,497,4,14,236,7,4,81,4,7,54,4,12,421,4,11,8,1,0,2,0,122,11,154,23,1
3273556230,1500672535733,2140,9,2,2,2,2,0,2,0,102,11,4,89,3,4,236,4,7,131,14,4,41,4,12,1,0,0,0,0,154,81,245,126,11,99,14,4,56,11,4,69,14,4,51,7,4,107,12,4,9,2,0,4,0,238,119,157,141,53
3316403267,1503584557060,1823,9,1,2,2,1,2,1,0,112,21,4,92,4,12,113,4,11,22,4,7,16,3,4,6,1,0,2,0,53,157,38,31,40,412,4,14,57,11,4,119,7,4,27,12,6,105,12,14,2,0,1,1,0,420,516,238,25,6
3245578734,1498844025456,1569,9,2,1,2,2,2,2,2,26,4,3,61,4,21,15,7,4,82,4,14,11,4,11,0,0,0,0,0,157,154,117,64,114,131,4,12,67,4,7,19,4,11,40,3,4,39,12,4,10,2,1,3,1,56,114,154,119,29
3278603770,1501032384084,1615,9,1,1,2,1,0,1,0,143,4,3,99,14,4,498,4,7,17,4,12,141,11,4,10,2,0,2,0,157,80,31,53,154,64,11,4,18,4,7,412,3,4,58,4,12,131,14,4,1,0,0,0,0,55,122,29,154,11
3320252121,1503846926471,1869,9,1,1,1,1,2,2,0,67,4,7,40,3,4,29,11,4,54,12,4,26,3,4,7,1,0,1,0,85,141,105,11,157,68,12,4,51,7,4,53,3,4,427,4,11,238,4,14,3,0,1,2,0,119,122,90,157,131
3299524815,1502492336009,1795,9,1,1,1,1,0,1,1,236,7,4,117,3,4,6,11,4,54,4,12,42,4,1,11,3,0,1,1,31,55,157,105,141,245,12,4,86,12,4,29,11,4,412,3,4,498,4,7,3,0,0,1,0,31,141,122,238,41
3306180785,1502894631687,2331,9,1,2,1,1,2,1,0,222,7,4,412,3,4,103,4,14,114,4,12,5,4,11,10,2,1,3,0,89,105,40,157,31,236,1,4,98,12,4,45,4,3,21,4,7,141,4,11,5,0,1,1,0,64,17,16,53,119
3313167938,1503346400242,1239,9,1,1,2,0,0,1,0,119,4,7,63,3,4,150,12,4,141,4,11,4,4,3,3,0,0,2,0,3,41,40,31,497,498,7,4,44,4,3,84,4,14,60,4,11,126,4,12,2,0,0,0,0,31,105,67,117,38
3287521323,1501675658942,1272,9,1,1,1,0,0,2,1,12,3,4,202,4,7,75,12,4,42,21,4,35,14,11,6,0,0,0,1,31,141,19,238,157,81,4,7,7,4,14,150,12,4,412,4,14,59,4,11,1,0,0,1,0,420,23,84,119,91
3302325576,1502655961594,1860,9,1,1,1,1,0,1,0,222,7,4,4,4,6,53,3,4,24,11,4,86,12,4,9,2,0,2,0,64,412,31,18,17,60,11,4,103,14,4,432,4,14,67,7,4,157,12,4,3,0,0,0,0,105,17,35,63,23
3306579433,1502916499145,1307,9,1,1,1,0,0,1,0,107,4,11,92,12,4,53,4,3,119,7,4,55,14,4,4,0,0,2,0,238,31,75,25,498,81,4,7,157,4,12,141,4,3,69,4,21,19,11,4,1,0,0,0,0,29,31,40,106,238
3266943213,1500236397690,1831,9,1,2,1,1,0,1,1,18,4,7,34,4,14,53,3,4,29,11,4,50,4,12,9,1,0,2,1,154,141,122,79,23,157,12,4,9,4,11,8,6,4,67,4,7,412,14,4,2,0,0,0,0,119,28,11,84,103
3327299850,1504358839240,1879,9,1,2,1,1,1,2,0,40,4,3,516,4,12,29,4,11,63,4,14,67,4,7,9,2,1,1,0,105,11,18,154,236,69,4,12,86,4,12,28,4,11,143,4,14,202,4,7,1,0,0,1,0,119,117,238,122,141
3268889777,1500391401488,1918,9,2,2,2,2,2,2,2,236,7,4,121,4,11,157,3,4,50,4,12,37,4,3,4,0,0,0,0,91,114,122,51,92,498,4,7,59,4,11,4,4,6,497,3,4,31,4,12,11,2,1,3,1,114,141,154,103,3
3243288322,1498683533440,1354,9,2,2,2,2,0,2,2,157,3,4,412,4,3,23,12,4,113,4,11,29,7,4,0,0,0,0,0,31,122,67,51,53,21,7,4,497,4,7,48,4,11,91,4,14,119,12,4,7,1,0,1,1,51,238,17,103,11
3322287890,1503998616801,1576,9,1,2,1,1,1,2,1,1,14,4,40,3,4,29,4,7,41,12,4,76,4,11,10,3,1,1,1,134,119,121,31,58,34,4,14,67,4,7,421,11,4,267,3,4,57,12,4,1,0,0,1,0,18,31,134,11,238
3296212753,1502287312279,1566,9,2,2,2,2,2,2,2,75,12,4,18,4,7,412,4,14,141,11,4,4,14,4,1,0,0,0,0,498,31,40,38,57,223,3,4,42,1,4,58,4,12,120,11,6,51,4,7,10,2,1,3,1,19,61,31,40,29
3326767331,1504344378516,1486,9,1,1,1,1,1,1,0,90,4,21,40,4,3,51,4,7,86,14,4,11,11,4,9,2,1,2,0,516,141,28,122,53,10,12,4,121,4,11,202,4,7,63,4,14,45,4,14,2,0,0,0,0,23,31,238,105,114
3331538489,1504664895460,2678,9,1,2,1,2,2,2,2,236,14,4,98,11,4,238,4,14,40,3,4,15,4,7,7,1,0,0,0,51,18,117,3,96,11,4,11,38,12,4,78,4,12,81,4,7,223,4,14,9,3,3,5,1,157,119,91,29,86
3326190927,1504283612109,2752,9,2,2,1,1,2,1,0,79,4,11,92,4,12,497,4,3,81,21,4,202,7,4,8,1,0,3,0,40,33,31,75,18,115,14,4,96,4,7,117,4,3,78,4,11,8,4,12,10,2,2,2,0,238,157,40,141,516
3327789710,1504386666965,2946,9,2,1,1,2,2,1,0,25,4,3,50,12,4,113,4,11,21,7,4,238,4,14,3,0,1,2,0,5,134,498,150,19,432,4,3,81,4,7,32,4,3,14,11,4,157,4,14,11,6,1,1,0,141,114,498,53,29
3328148140,1504436134205,2220,9,2,2,2,2,2,1,1,55,4,12,150,4,12,81,7,4,154,4,11,267,4,3,5,0,0,1,1,141,412,-1,119,8,16,14,4,4,4,14,157,4,12,113,11,4,18,4,7,10,3,2,2,0,117,58,105,29,40
3320031454,1503844142423,2272,9,2,1,1,2,2,1,1,126,12,4,26,3,4,51,4,7,102,11,3,412,4,14,4,0,0,1,1,18,114,28,105,157,96,7,4,64,4,11,37,4,3,131,14,4,54,12,4,10,1,2,3,0,154,5,516,11,119
3331340798,1504640785283,2239,9,2,2,2,2,0,2,0,2,4,12,245,4,12,25,4,3,96,4,7,254,11,4,7,0,0,2,0,-1,412,134,91,41,32,11,4,61,4,21,432,4,3,51,4,7,92,4,12,8,1,0,2,0,161,122,58,238,40
3326022900,1504275494472,2055,9,1,2,1,1,0,2,0,80,4,14,516,3,4,22,4,7,134,14,4,56,11,4,11,4,0,3,0,31,84,119,245,89,107,4,11,61,14,4,85,4,12,498,4,7,99,7,4,1,0,0,1,0,17,131,238,53,84
3326114497,1504281545016,1776,9,2,2,1,2,2,2,1,28,11,4,245,12,4,266,4,12,81,4,7,412,3,4,4,0,0,0,1,40,117,31,102,111,267,4,3,18,7,4,10,4,12,62,4,14,64,11,4,7,1,1,2,0,141,75,40,61,31
3327653943,1504377051712,1572,9,1,1,1,1,2,1,0,21,7,4,40,4,3,10,12,4,134,14,4,131,11,4,8,1,0,2,0,136,67,157,254,41,497,3,4,31,12,4,79,11,4,18,7,4,91,14,4,1,0,1,0,0,238,16,150,117,157
3324084659,1504118892771,2093,9,1,2,2,2,1,1,0,267,3,4,15,4,7,42,4,21,79,4,12,113,4,11,4,0,1,2,0,33,117,238,154,40,98,4,12,18,4,7,43,4,1,60,11,4,412,4,14,6,1,0,1,0,16,117,38,31,114
3317497327,1503649108927,1211,9,1,2,1,0,0,1,0,56,4,11,29,7,4,126,4,12,117,14,4,38,12,4,4,0,0,1,0,238,11,154,12,40,16,3,4,157,14,4,58,12,4,19,4,11,18,4,7,0,0,0,0,0,40,412,119,31,122
3330058823,1504556032400,1932,9,1,1,1,1,1,1,2,99,4,21,254,11,4,17,14,4,81,7,4,43,3,4,8,1,1,3,0,238,40,38,157,154,497,4,3,18,4,7,103,4,14,64,4,11,23,12,4,4,0,0,0,1,58,16,238,53,157
3268571721,1500360138424,1371,9,2,2,2,2,0,2,2,17,4,14,31,11,4,26,4,3,4,4,7,238,4,14,0,0,0,0,0,141,114,61,157,117,24,4,11,201,4,3,96,7,4,134,4,21,79,4,12,9,1,0,2,1,141,157,51,105,38
3309349604,1503103689213,1690,9,1,1,2,1,0,1,0,21,7,4,75,4,12,89,3,4,107,4,11,8,4,14,9,2,0,3,0,99,114,266,238,122,51,4,7,64,11,4,105,14,4,223,4,3,56,12,4,2,0,0,0,0,238,157,122,114,25
3305025666,1502826403213,1453,9,2,2,2,2,2,2,2,126,4,12,38,12,4,236,7,4,412,3,4,113,11,4,1,0,0,0,0,105,238,40,90,75,84,12,4,245,12,4,18,4,7,427,11,4,53,4,3,7,1,1,2,1,55,80,31,40,157
3272891727,1500654920797,1630,9,2,1,1,2,2,2,2,34,21,4,202,4,7,113,4,11,86,4,12,25,3,4,4,0,0,0,0,51,11,19,154,420,57,11,4,432,4,14,23,4,12,67,4,7,7,4,12,10,2,1,2,1,29,11,51,154,31
3284607926,1501454642903,1970,9,2,2,2,2,0,2,0,37,3,4,64,11,4,103,4,7,429,7,4,126,12,4,2,0,0,0,0,55,11,7,122,420,161,4,3,18,7,4,238,4,14,141,4,11,21,21,4,9,3,0,3,0,157,6,119,23,96
3324033812,1504115938326,1756,9,2,1,1,2,0,1,0,432,4,14,77,4,11,41,4,3,29,7,4,92,12,4,3,0,0,1,0,64,11,31,154,67,36,4,11,119,7,4,150,4,12,16,4,3,69,14,4,7,1,0,2,0,84,75,53,157,238
3301012424,1502570487477,1970,9,1,1,1,1,1,1,0,117,3,4,54,4,12,29,4,7,19,11,4,127,12,4,8,1,1,4,0,114,119,105,33,157,141,4,11,163,4,6,18,4,7,68,12,4,37,4,14,3,0,0,0,0,6,40,57,31,64
3330172978,1504560545916,2549,9,2,1,1,2,2,2,0,133,7,4,32,3,4,44,4,12,53,4,14,92,11,4,5,0,0,1,0,103,516,64,84,11,141,4,11,240,4,12,25,4,3,21,7,4,238,14,4,10,3,1,3,0,202,157,24,498,61
3326173798,1504284237374,1340,9,2,2,2,2,0,2,0,64,11,4,99,21,4,53,4,3,21,4,7,75,4,12,0,0,0,0,0,201,420,157,238,141,17,4,14,497,4,14,131,4,12,222,4,7,57,4,11,11,3,0,1,0,-1,157,68,-1,24
3267152357,1500250163819,2444,9,1,1,1,1,1,1,0,143,4,3,238,4,14,5,4,14,498,7,4,20,4,11,7,2,1,3,0,154,51,412,122,141,157,14,4,17,12,4,37,3,4,21,7,4,54,11,4,5,0,1,1,0,53,122,51,86,119
3265646173,1500157608564,1717,9,1,1,1,1,1,1,0,122,4,12,59,11,4,412,3,4,18,7,4,1,4,14,7,2,1,2,0,91,498,119,126,23,3,4,12,24,12,4,236,4,7,40,3,4,121,4,11,2,0,0,0,0,114,31,29,61,157
3292049149,1501994249014,1374,9,1,1,1,0,0,0,0,1,4,14,267,3,4,59,12,4,67,1,7,36,4,11,5,0,0,0,0,89,31,105,91,90,22,4,7,12,3,4,19,11,4,133,3,4,7,4,14,0,0,0,0,0,157,53,23,31,164
3248812414,1499031101501,2056,9,2,1,1,1,2,1,1,16,3,4,22,4,7,43,4,3,31,12,4,19,11,4,7,1,0,4,1,89,154,51,53,64,99,4,21,201,4,3,56,4,11,236,4,7,45,12,4,8,1,1,1,0,122,61,119,38,51
3328079758,1504428567312,1640,9,2,1,2,2,0,2,0,22,4,7,1,4,12,432,4,3,157,12,4,35,11,14,0,0,0,0,0,5,31,105,11,85,24,11,4,37,3,4,245,14,4,67,4,7,114,4,12,9,2,0,3,0,117,40,75,55,21
3303578288,1502730790532,1560,9,1,2,1,1,1,1,0,39,4,12,8,14,4,60,11,4,18,4,7,89,4,3,10,2,1,2,0,40,29,51,96,117,15,7,4,35,11,14,53,14,4,78,12,4,161,12,4,1,0,0,0,0,16,117,412,61,57
3284219274,1501434321096,1982,9,2,1,2,2,2,1,2,18,7,4,157,4,14,8,4,12,141,4,11,412,3,4,6,0,0,3,0,53,61,6,150,498,56,11,4,17,6,4,89,4,3,236,4,7,90,12,4,7,1,1,0,1,29,238,67,23,84
3328248336,1504442782479,1908,9,1,1,2,1,0,2,2,141,4,11,245,4,14,498,4,7,20,12,4,37,4,7,8,1,0,0,0,64,516,53,29,105,51,4,7,36,4,12,59,4,14,61,3,4,157,4,11,6,0,0,2,1,119,497,40,98,420
3331111746,1504629492407,1408,9,1,1,1,0,0,1,0,4,6,4,42,4,7,20,4,14,23,12,4,141,4,11,5,0,0,1,0,25,11,51,157,238,89,14,4,67,7,4,64,4,11,432,4,14,236,21,4,1,0,0,0,0,119,105,114,136,53
3322994349,1504040778592,1677,9,1,2,1,1,0,1,1,161,12,4,267,4,3,104,4,11,92,12,4,18,4,7,11,2,0,3,1,157,51,53,57,119,201,4,3,114,12,4,4,4,14,113,11,4,21,7,4,0,0,0,0,0,141,53,238,40,29
3324507510,1504174094501,1908,9,1,1,1,1,1,1,1,131,14,4,236,4,7,3,4,12,25,3,4,121,11,4,10,4,1,3,1,7,516,31,157,141,59,4,11,53,4,3,18,4,7,114,12,4,136,4,21,1,0,0,0,0,498,105,154,40,122
3313533595,1503382497508,2031,9,1,1,1,1,1,1,1,18,7,4,61,4,12,19,11,4,16,4,3,75,4,12,10,3,1,3,1,222,119,31,238,122,29,4,7,58,4,14,45,4,12,37,14,4,141,4,11,3,0,0,0,0,53,121,238,119,23
3326760404,1504345778259,2136,9,1,1,1,0,0,1,0,17,21,4,63,4,3,33,11,4,268,4,14,498,7,4,6,0,0,1,0,164,16,122,238,11,119,4,7,267,3,4,104,4,11,80,4,14,55,14,4,4,0,0,0,0,412,64,31,127,18
3324230765,1504126064750,1994,9,2,1,1,2,2,2,0,39,4,12,79,4,11,45,4,3,222,7,4,266,4,14,3,0,0,0,0,18,58,141,23,40,202,7,4,117,4,3,24,11,4,157,4,14,122,4,12,9,1,2,3,0,141,154,31,29,7
3328764290,1504456295260,1921,9,2,1,2,2,0,1,0,6,12,4,202,4,7,74,4,12,35,3,4,19,4,11,0,0,0,1,0,238,157,11,122,498,9,11,4,91,4,14,412,3,4,236,4,7,41,4,12,10,1,0,1,0,80,201,150,53,121
3276327395,1500909349520,1696,9,2,2,2,2,2,2,0,48,4,11,245,4,14,51,7,4,89,7,3,23,4,12,2,0,0,0,0,29,3,50,69,154,412,14,4,1,4,21,164,4,12,67,4,7,11,4,11,11,2,1,3,0,238,53,157,31,114
3321411122,1503938578617,1812,9,1,1,1,1,0,1,1,61,12,4,25,3,4,31,4,12,202,7,4,17,4,11,8,1,0,1,1,29,105,56,134,75,7,4,14,86,12,4,53,4,3,236,4,7,48,11,4,1,0,0,1,0,-1,67,75,122,40
3220153823,1497245528683,2165,9,1,2,1,1,1,1,0,1,14,4,236,4,7,111,12,14,56,11,4,48,3,4,7,2,1,4,0,245,107,157,154,51,53,4,3,110,4,7,105,12,4,131,12,4,64,4,11,2,0,0,0,0,114,154,157,119,498
3293682141,1502117696256,212,9,1,1,0,0,0,0,0,133,11,4,24,4,12,99,4,3,22,7,4,103,4,14,0,0,0,0,0,1,29,19,122,119,266,12,4,222,4,7,245,4,14,150,4,12,141,4,11,0,0,0,0,0,6,157,122,53,268
3235832851,1498227042713,2861,9,2,1,1,2,2,1,0,222,7,4,121,11,4,53,14,4,17,4,12,157,14,4,4,0,0,1,0,23,134,119,1,24,79,12,4,107,11,4,143,4,14,21,7,4,412,3,4,11,4,2,3,0,122,63,154,201,497
3237583430,1498329663960,2514,9,2,1,2,2,2,1,2,25,4,14,80,14,4,201,3,4,67,4,7,32,4,11,3,0,0,2,0,154,89,157,53,55,41,12,4,45,12,4,62,11,4,16,4,3,51,4,7,11,3,1,3,1,432,154,92,157,55
3314488147,1503444870001,1592,9,1,2,1,1,1,1,0,16,4,3,34,4,12,107,12,4,67,4,7,64,11,4,9,2,1,2,0,113,119,117,238,412,39,4,12,60,11,4,429,4,7,40,3,4,38,4,12,1,0,0,0,0,53,141,113,154,238
3331168808,1504634495868,1443,9,1,1,1,1,0,1,0,16,4,14,119,4,7,157,4,12,23,4,11,103,14,4,10,3,0,3,0,121,3,24,31,29,105,4,14,18,4,7,25,3,4,254,11,4,92,12,4,0,0,0,0,0,67,33,31,90,53
3329911481,1504546687288,2761,9,2,1,1,2,2,1,0,222,4,7,86,4,12,117,3,4,127,14,4,421,11,4,6,1,2,2,0,18,40,51,17,90,12,4,3,112,1,4,107,4,11,39,12,4,110,7,4,11,6,1,3,0,238,105,498,90,67
3322463298,1504010799249,1418,9,2,1,2,2,0,2,2,57,4,11,497,4,14,498,4,7,82,4,12,1,4,14,0,0,0,0,0,157,23,55,516,18,61,4,21,81,4,7,106,4,12,44,4,3,31,4,11,7,1,0,2,1,18,131,75,516,141
3317180571,1503603923091,1556,9,2,1,2,2,2,2,0,69,14,4,141,11,4,498,4,7,267,4,3,68,4,12,2,0,0,0,0,119,96,38,117,29,44,4,14,110,4,7,33,4,11,236,12,4,238,14,4,4,1,1,1,0,29,40,18,117,7
3312922598,1503332312426,1443,9,1,1,1,1,0,0,1,3,4,12,37,14,4,18,4,7,91,14,4,113,4,11,10,3,0,0,1,420,498,11,157,103,48,12,4,35,14,11,236,7,4,412,4,3,45,12,4,0,0,0,0,0,105,24,31,117,122
3322518250,1504015706821,1993,9,1,2,2,1,0,1,0,4,4,7,105,14,4,141,11,4,86,4,12,427,3,4,9,1,0,2,0,157,81,122,254,119,22,4,7,80,14,4,103,4,14,14,12,4,64,11,4,3,0,0,1,0,238,31,157,516,53
3296698824,1502319485141,1877,9,1,1,1,1,1,1,1,10,4,12,24,4,11,268,4,7,63,4,14,18,7,4,10,2,1,3,1,40,122,7,432,238,201,14,4,90,14,4,29,7,4,141,4,11,157,12,4,5,0,0,0,0,107,96,11,19,57
3305994912,1502886812656,1902,9,2,2,1,2,2,1,0,23,12,4,79,4,11,115,4,21,40,4,7,18,4,21,4,0,0,1,0,53,141,75,29,37,15,7,4,67,12,4,31,11,4,117,4,3,103,4,14,11,2,1,1,0,75,238,157,141,6
3290409456,1501872424187,1696,9,2,2,2,2,0,2,0,22,7,4,133,4,11,432,3,4,10,12,4,105,14,4,1,0,0,0,0,121,119,141,157,29,76,11,4,161,14,4,58,4,14,498,4,7,412,4,14,9,2,0,2,0,238,51,103,122,141
3326618360,1504314963883,1613,9,1,1,2,1,0,2,1,34,12,4,16,4,3,54,4,12,29,11,4,67,4,7,10,2,0,1,1,141,40,69,516,75,126,12,4,89,3,4,119,7,4,77,11,6,157,4,14,2,0,0,2,0,75,92,238,113,201
3274446967,1500757397185,2406,9,1,2,2,1,1,1,1,56,4,11,31,12,4,29,7,4,268,4,21,25,4,3,11,4,2,5,1,238,157,24,1,119,21,4,7,53,3,4,105,4,14,203,11,4,115,4,14,3,0,0,0,0,51,64,150,83,84
3315917400,1503528103289,1721,9,2,2,2,0,2,2,0,42,4,3,29,4,7,64,11,4,516,4,12,99,4,3,3,0,0,0,0,238,105,154,86,157,111,3,4,54,4,12,113,4,11,245,4,12,67,7,4,5,0,1,3,0,157,69,238,90,141
3293493634,1502102604107,923,9,1,1,1,0,0,1,0,238,4,14,79,4,11,50,12,4,40,4,3,29,4,7,2,0,0,1,0,113,57,92,412,119,6,4,12,10,12,4,51,7,4,35,11,14,497,3,4,0,0,0,0,0,412,141,150,122,31
3317688454,1503665377106,1540,9,2,2,2,2,2,2,0,516,4,12,16,3,4,69,4,7,26,4,11,15,4,7,1,0,0,0,0,31,64,238,29,81,202,4,7,34,4,12,85,4,12,412,14,4,59,11,4,10,2,1,2,0,40,18,117,29,113
3330912609,1504617513744,1928,9,2,1,2,2,2,2,2,131,12,4,101,4,12,57,4,11,37,3,4,18,4,7,2,0,0,0,0,61,157,40,238,84,59,11,4,240,4,12,45,4,12,143,4,3,15,7,4,11,5,1,3,1,141,67,121,53,16
3318154898,1503693082371,1697,9,1,1,1,1,0,1,0,412,3,4,79,4,11,67,4,7,48,4,12,126,14,4,11,2,0,2,0,31,18,119,29,157,516,4,12,61,12,4,51,7,4,117,4,14,154,11,4,2,0,0,0,0,157,53,498,122,45
3313528994,1503391663504,2170,9,2,2,1,1,2,1,0,131,4,12,11,4,11,202,7,4,58,4,12,25,4,3,5,1,0,2,0,39,57,40,105,90,48,12,4,113,4,11,18,7,4,1,4,3,55,4,14,11,2,1,1,0,53,31,141,85,105
3330952734,1504620736210,2434,9,2,1,2,1,2,1,0,498,4,7,497,3,4,41,4,12,7,4,12,19,11,4,5,1,0,2,0,238,91,24,82,18,80,4,12,4,6,4,33,4,11,79,4,3,119,4,7,7,1,1,3,0,157,40,18,75,141
3327748441,1504384049400,1701,9,2,1,2,2,0,2,0,35,14,11,55,4,14,51,4,7,432,4,3,10,4,14,1,0,0,0,0,113,238,40,23,141,68,12,4,81,4,7,161,4,6,17,12,6,3,11,4,7,1,0,2,0,143,53,24,122,236
3330136333,1504558521386,2052,9,2,2,1,2,0,2,0,21,4,7,1,4,14,154,4,11,17,14,4,201,3,4,2,0,0,0,0,51,141,11,238,31,83,4,12,102,11,4,7,4,12,497,3,4,29,4,7,11,3,0,4,0,75,92,157,90,141
3283578818,1501368164776,1270,9,2,2,2,2,0,2,2,201,3,4,202,4,7,35,11,4,75,4,12,55,4,14,0,0,0,0,0,122,91,53,141,67,2,6,12,8,12,4,11,4,11,22,7,4,89,4,3,7,1,0,2,1,238,412,36,103,-1
3318872979,1503742175688,2268,9,1,2,2,2,1,2,2,10,4,12,98,12,4,254,4,11,202,4,7,48,4,3,9,2,2,0,0,11,238,516,40,84,19,4,11,33,12,4,201,14,4,21,4,7,42,4,12,7,1,0,5,1,114,122,40,75,3
3330248496,1504566834375,2163,9,1,2,1,1,1,2,1,516,4,3,81,7,4,25,4,21,141,11,4,86,4,12,11,4,2,1,1,1,51,122,105,11,67,12,4,32,11,4,245,4,14,236,7,4,63,14,4,4,0,0,2,0,157,59,122,117,64
3317355322,1503614147395,1755,9,2,2,1,2,2,2,2,267,3,4,115,4,3,141,4,11,516,12,4,18,4,7,1,0,0,0,0,104,157,31,40,432,29,11,4,11,4,14,24,4,12,89,7,4,131,4,12,11,3,1,2,1,40,16,91,84,134
3330120885,1504556816544,1504,9,1,2,1,1,0,1,0,39,4,12,120,11,6,43,4,14,497,4,14,498,7,4,6,1,0,2,0,84,18,238,420,16,11,12,4,53,4,3,81,4,7,64,4,11,103,14,4,0,0,0,0,0,122,141,119,238,236
3215636649,1496954593881,3195,9,1,2,2,1,2,2,0,85,4,12,79,11,4,236,4,7,3,4,3,75,4,12,10,3,0,2,0,122,24,119,64,114,61,4,21,113,11,4,8,12,4,89,4,14,222,7,4,6,1,1,2,0,119,498,19,55,134
3328480661,1504450410934,1877,9,1,2,1,1,1,1,0,63,4,14,102,14,11,498,4,7,67,4,12,25,4,3,11,4,1,3,0,141,53,29,31,238,75,12,4,202,7,4,516,3,4,143,21,4,254,4,11,0,0,0,0,0,29,150,157,18,11
3327750303,1504384556603,1400,9,1,2,2,1,1,1,0,497,4,14,42,12,4,429,4,7,19,11,4,58,4,12,8,1,1,2,0,38,119,126,113,29,44,4,3,498,7,4,35,14,11,150,4,12,7,12,4,1,0,0,0,0,119,117,40,18,60
3312402266,1503318477870,2268,9,2,1,2,2,2,2,0,16,4,3,8,4,14,114,12,4,15,4,7,154,11,4,5,1,0,2,0,126,57,119,29,19,92,4,12,67,4,7,31,11,4,4,12,4,412,4,14,8,2,1,2,0,40,38,19,119,113
3248731709,1499028217487,2442,9,1,2,1,1,0,2,0,21,7,4,245,4,11,111,4,14,39,12,4,103,4,14,10,2,0,2,0,53,154,105,11,51,30,4,11,29,7,4,117,3,4,61,4,12,80,4,12,2,0,0,2,0,122,114,105,157,17
3327655708,1504377575530,2687,9,1,1,2,2,1,1,0,81,4,21,25,7,4,141,4,11,103,3,4,150,12,4,5,0,1,2,0,238,154,157,84,18,412,14,4,22,4,7,240,4,12,77,11,4,7,14,4,8,4,0,2,0,119,105,117,53,114
3275787523,1500843772028,2034,9,2,2,2,2,0,2,0,81,7,4,61,12,4,267,3,4,19,11,4,240,12,4,2,0,0,0,0,23,141,31,53,157,51,7,4,12,4,14,134,14,4,122,4,12,64,4,11,10,1,0,3,0,67,157,27,18,103
3315001148,1503468709068,1669,9,2,1,2,2,2,2,0,21,4,7,25,3,4,76,11,4,69,4,6,58,12,4,1,0,0,0,0,113,31,64,114,122,117,3,4,15,7,4,11,4,11,103,4,14,3,4,12,11,3,1,2,0,23,53,157,99,92
3323264233,1504089663784,1383,9,2,1,1,0,0,2,1,67,4,7,89,4,14,19,11,4,150,4,12,38,12,4,1,0,0,0,1,31,117,157,40,18,432,4,14,103,4,14,75,4,12,29,7,4,57,4,11,5,0,0,2,0,40,157,117,113,8
3227218126,1497712121342,1669,9,2,2,2,2,2,2,1,75,12,4,498,4,7,154,4,11,37,4,3,50,4,14,1,0,0,0,1,55,245,3,17,103,23,4,12,102,11,3,201,4,3,119,7,4,69,4,14,11,3,1,3,0,11,238,51,105,85
3322975600,1504040929926,2603,9,1,2,1,1,0,1,0,516,11,4,4,4,12,89,4,3,236,4,7,114,4,12,8,1,0,4,0,157,92,105,238,11,43,4,12,6,4,12,18,4,7,412,14,4,141,11,4,3,0,0,0,0,157,117,122,16,238
3330212642,1504563304422,1863,9,2,2,2,2,2,2,2,24,12,4,96,4,7,134,6,4,25,3,4,20,4,11,2,0,0,0,0,497,18,141,117,33,19,4,11,12,4,3,236,14,4,15,4,7,84,4,12,9,1,1,4,1,57,113,40,141,29
3322668222,1504024720770,2240,9,2,1,1,2,0,1,0,21,7,4,53,3,4,61,4,3,24,4,12,64,11,4,4,0,0,4,0,516,3,23,120,31,202,4,7,72,12,4,45,4,3,157,4,3,141,11,4,9,2,0,0,0,31,40,238,105,103
3328381729,1504448284371,1368,9,2,1,2,2,0,2,0,41,12,4,117,3,4,222,4,7,79,11,4,150,12,4,0,0,0,0,0,103,40,497,31,141,412,3,4,15,4,7,24,4,11,4,14,4,58,4,12,6,1,0,2,0,29,40,120,18,119
3310907399,1503203225500,1858,9,1,2,2,1,1,2,0,62,14,4,91,14,4,20,4,11,222,7,4,12,14,4,5,1,1,2,0,119,5,18,80,63,29,11,4,202,7,4,39,4,12,25,4,3,7,4,14,3,0,0,1,0,64,117,40,134,498
3326176902,1504285123969,1812,9,1,2,2,1,0,1,2,21,7,4,83,4,12,33,11,4,90,4,12,16,4,3,9,1,0,2,0,119,157,64,141,202,4,4,14,98,11,4,236,7,4,432,3,4,150,4,12,3,0,0,0,1,53,102,141,238,75
3279719887,1501109630142,2175,9,1,2,2,1,2,1,2,412,4,3,67,7,4,102,11,4,61,14,4,6,12,4,10,2,0,2,0,157,-1,53,154,-1,498,4,7,238,4,14,19,4,11,497,4,14,114,4,12,4,0,1,0,1,122,141,45,157,51
3326035295,1504276384212,1847,9,1,1,2,1,0,1,0,516,4,12,11,11,4,115,7,4,267,4,3,29,4,7,11,3,0,2,0,157,122,238,154,53,96,4,7,32,11,4,26,4,12,412,4,3,8,4,12,4,0,0,1,0,131,119,75,40,141
3218960810,1497184038515,1880,9,2,2,2,2,2,2,2,222,4,7,16,3,4,79,4,11,7,14,4,92,4,12,2,0,0,1,0,61,122,157,105,154,83,12,4,43,3,4,51,4,7,143,4,3,59,11,4,11,3,1,2,1,99,38,105,498,29
3276347592,1500909790511,2007,9,1,1,1,1,2,1,2,33,11,4,236,7,4,53,14,4,105,4,12,39,12,4,8,2,0,2,0,31,114,238,141,119,11,4,11,59,4,12,16,4,3,61,4,21,21,4,7,1,0,1,2,1,134,31,412,92,202
3257516485,1499635921519,1737,9,1,1,1,1,1,2,1,25,4,3,69,4,6,421,4,11,202,7,4,98,4,12,10,2,1,2,1,122,117,19,103,51,266,4,11,74,12,4,99,4,14,67,7,4,61,4,21,1,0,0,1,0,122,120,154,157,11
3326414147,1504298244892,2507,9,1,1,2,1,1,1,0,54,12,4,91,14,4,15,7,4,11,11,4,40,4,3,10,2,1,2,0,157,21,45,-1,122,268,4,7,5,4,11,119,4,7,114,4,12,53,14,4,3,0,0,2,0,157,120,25,1,59
3263332091,1499986472225,2224,9,1,1,1,1,1,1,0,51,4,7,141,4,11,412,3,4,58,4,14,161,3,4,11,3,2,4,0,98,122,498,63,84,30,12,4,201,4,3,18,7,4,91,14,4,107,4,11,4,0,0,0,0,238,63,86,134,1
3319505635,1503784809708,2246,9,2,1,2,2,0,1,0,133,4,7,40,3,4,17,12,4,99,4,14,60,4,11,3,0,0,1,0,238,31,157,-1,80,45,4,14,240,4,12,141,11,4,236,7,4,115,4,14,10,4,0,3,0,114,157,150,31,64
3319713052,1503821554233,1817,9,1,2,2,1,1,2,0,497,4,14,15,4,7,57,4,11,86,12,4,127,4,14,7,2,1,1,0,72,113,33,64,154,90,12,4,58,4,12,16,3,4,76,11,4,21,7,4,3,0,0,2,0,157,40,18,29,59
3241991720,1498604576642,2371,9,2,2,2,2,0,1,0,19,4,12,12,14,4,18,4,7,254,4,11,84,4,14,4,0,0,3,0,24,67,11,51,53,498,4,7,86,4,12,38,12,4,143,3,4,30,4,11,9,1,0,1,0,157,111,161,23,105
3323269662,1504092255592,1878,9,2,2,2,2,2,2,1,131,4,14,92,4,3,79,11,4,412,4,3,51,4,7,4,0,0,1,1,24,516,105,117,91,497,4,3,57,4,11,23,12,4,119,7,4,141,4,3,11,3,1,2,0,157,40,31,113,89
3314467370,1503443938188,2061,9,2,2,2,2,0,2,2,25,4,3,141,4,11,55,14,4,202,7,4,27,6,14,2,0,0,0,0,96,498,157,58,53,114,12,4,421,4,11,119,4,21,40,7,4,115,4,21,11,3,0,3,1,122,201,31,117,53
3315928336,1503528822661,2037,9,2,2,1,2,2,2,1,4,4,6,497,4,3,60,11,4,27,12,6,51,7,4,3,0,0,0,1,157,37,90,31,141,236,4,7,58,14,4,38,4,14,89,4,3,64,4,11,10,3,2,3,0,157,516,18,154,41
3302092197,1502645213352,2017,9,2,1,2,2,2,2,0,236,4,7,201,4,3,84,4,14,161,4,21,113,4,11,3,0,0,1,0,75,17,80,141,238,78,4,12,45,6,4,11,11,4,26,4,3,18,7,4,9,1,1,3,0,119,-1,31,38,105
3217623985,1497104599485,871,9,2,1,2,2,0,2,2,245,12,4,32,11,4,37,4,14,134,14,4,119,4,7,0,0,0,0,0,154,117,40,51,157,103,4,14,64,11,4,29,7,4,59,4,12,267,3,4,9,1,0,1,1,154,105,114,92,238
3322770235,1504031396205,2433,9,2,2,2,2,2,2,2,498,7,4,245,14,4,17,12,4,31,4,3,154,11,4,5,0,0,1,0,8,161,62,10,23,39,4,12,429,4,7,42,7,4,427,4,11,267,4,3,8,3,2,4,1,122,53,157,238,103
3321419296,1503940990627,1685,9,1,2,1,0,0,1,1,5,4,11,134,14,4,157,4,12,29,4,7,98,4,3,4,0,0,2,1,67,105,201,133,64,53,4,3,59,4,12,35,11,14,51,4,7,115,14,4,0,0,0,0,0,22,36,420,122,238
3329272729,1504475126867,1459,9,2,2,2,2,0,2,2,69,4,12,1,14,4,37,3,4,119,7,4,141,11,4,1,0,0,0,0,40,157,238,103,29,75,4,12,134,4,12,236,4,7,12,4,3,121,11,4,11,3,0,2,1,31,40,43,18,16
3314198620,1503431004639,1763,9,1,2,1,1,2,2,2,117,4,7,96,1,4,54,12,4,63,21,4,59,11,4,11,2,0,2,0,121,238,157,57,40,8,12,4,245,12,4,18,7,4,80,4,11,412,4,14,6,0,1,1,1,119,25,40,57,157
3318101084,1503689337250,1514,9,1,1,1,0,0,2,0,34,21,4,141,4,11,45,4,14,67,4,12,22,4,7,4,0,0,2,0,25,105,114,69,119,86,14,4,516,3,4,254,11,4,110,7,4,99,21,4,0,0,0,1,0,157,498,24,238,31
3287586458,1501681309470,2254,9,1,2,1,2,1,2,0,89,3,4,105,4,12,92,12,4,222,7,4,29,11,4,7,1,1,1,0,31,122,11,45,157,240,12,4,161,3,4,202,4,7,141,4,11,134,4,21,8,2,0,3,0,75,157,114,119,53
3290095908,1501849311913,2184,9,2,1,2,2,2,2,0,120,6,11,67,7,4,63,4,14,163,4,6,157,12,4,4,0,0,2,0,238,154,141,119,19,86,4,12,111,3,4,51,4,7,103,4,14,79,4,11,9,3,1,2,0,61,122,119,154,18
3330015660,1504553014079,2081,9,2,2,2,2,0,1,2,20,11,4,75,12,4,238,4,14,99,4,3,81,4,7,3,0,0,2,0,19,122,53,59,61,48,4,11,3,14,4,420,4,7,91,4,14,31,4,12,10,1,0,1,1,150,92,157,64,74
3330773342,1504609144468,1703,9,1,1,1,1,1,2,0,61,4,7,150,12,4,81,4,7,57,4,11,497,4,14,5,1,1,1,0,141,117,516,59,-1,12,14,4,79,11,4,498,4,7,91,4,14,69,1,4,2,0,0,1,0,76,3,429,516,18
3324811627,1504193507841,2137,9,1,1,1,1,1,1,1,141,4,11,10,4,12,53,4,3,238,14,4,18,4,7,11,2,1,4,1,117,51,40,79,31,105,4,14,41,4,12,16,3,4,29,7,4,33,11,4,1,0,0,1,0,17,11,91,119,121
3326677532,1504335111898,2385,9,1,1,1,1,1,1,1,9,4,11,91,4,14,498,7,4,24,12,4,25,3,4,11,3,1,3,1,150,29,157,141,267,254,4,11,245,12,4,143,4,3,202,4,7,57,4,12,5,0,0,2,0,23,122,29,8,40
3326381004,1504295083326,1458,9,2,2,2,0,0,2,0,107,4,11,58,4,12,117,4,3,18,7,4,81,14,4,1,0,0,0,0,122,238,51,67,53,4,4,7,62,14,4,25,4,14,19,4,11,126,12,4,3,0,0,2,0,21,57,157,412,64
3278317181,1501015737755,1926,9,1,2,2,1,1,1,1,67,4,7,59,12,4,267,4,3,102,4,11,103,4,14,11,4,1,3,1,141,122,240,18,42,121,4,11,53,4,3,119,4,7,1,4,14,54,12,4,2,0,0,1,0,29,21,141,91,90
3325080496,1504205186417,1188,9,1,1,2,1,0,1,0,8,4,14,429,7,4,12,4,14,126,12,4,141,4,11,10,2,0,2,0,76,412,40,113,60,53,4,14,121,4,11,236,7,4,39,12,4,69,4,6,1,0,0,0,0,119,117,18,113,7
3313531632,1503372963367,2173,9,1,1,2,1,2,1,0,238,4,14,113,4,11,25,3,4,96,7,4,24,4,12,11,5,1,3,0,31,57,29,126,40,53,4,14,119,7,4,427,11,4,38,4,12,92,12,4,4,0,1,0,0,-1,121,117,31,40
3315348727,1503499258448,2104,9,2,2,1,2,2,2,0,222,4,7,203,11,4,53,4,3,75,4,12,103,1,4,6,0,0,2,0,40,238,51,141,119,31,11,4,236,7,4,412,3,4,91,4,12,9,14,4,10,2,1,2,0,122,57,90,69,238
3327355770,1504360632613,197,9,1,0,0,0,0,0,0,106,12,4,412,3,4,51,7,4,35,4,11,7,14,4,0,0,0,0,0,40,11,90,31,238,59,4,11,245,4,12,81,7,4,99,4,3,78,4,12,0,0,0,0,0,141,29,31,61,11
3241618757,1498589294893,2372,9,1,1,2,2,1,2,2,38,4,12,59,11,4,37,4,3,51,7,4,90,4,12,7,1,2,2,0,3,-1,114,134,157,98,4,3,202,7,4,245,12,4,42,4,3,154,11,4,11,3,0,1,1,134,105,67,114,122
3331020015,1504626032853,1937,9,2,1,2,2,2,1,0,516,4,12,91,4,14,497,4,14,222,4,7,254,11,4,2,0,0,2,0,117,157,99,23,89,5,7,11,122,4,12,4,14,4,53,4,3,51,4,7,11,3,1,1,0,24,498,63,6,89
3324304507,1504130545512,1897,9,2,1,2,2,2,2,1,23,4,12,25,4,12,59,11,4,40,4,3,222,4,7,3,0,0,0,1,126,122,31,18,238,202,4,7,103,4,12,150,12,4,117,3,4,11,11,6,10,2,1,2,0,7,157,86,50,31
3319709085,1503825861955,1283,9,1,1,1,1,0,1,1,51,4,7,117,4,3,79,4,12,55,14,4,59,11,4,9,2,0,1,1,113,154,31,412,157,57,4,11,150,4,12,497,4,3,163,21,4,22,7,4,0,0,0,0,0,29,38,40,18,154
3325856470,1504263548160,3065,9,1,1,2,2,2,2,0,9,4,11,143,4,3,86,4,12,222,4,7,91,14,4,10,1,1,3,0,114,141,516,157,238,245,14,4,102,4,11,119,7,4,48,12,4,201,4,3,9,2,2,2,0,63,122,131,80,31
3274437066,1500757510778,2512,9,2,2,1,1,2,1,1,30,12,4,19,11,4,15,4,7,74,12,4,497,4,14,7,3,0,4,1,157,91,31,154,114,92,12,4,37,14,4,4,4,7,64,11,4,236,7,4,9,1,2,1,0,34,60,412,114,121
3325673079,1504222344730,1816,9,2,1,2,2,2,2,0,53,4,3,421,4,11,29,4,7,81,7,4,223,12,4,1,0,0,0,0,122,67,57,16,157,141,12,4,61,4,21,22,4,7,19,11,4,201,4,3,5,1,1,2,0,40,117,114,238,16
3244299857,1498749623442,1222,9,2,1,2,2,0,2,2,58,4,12,63,14,4,105,4,14,254,4,11,81,4,7,0,0,0,0,0,34,154,55,114,64,76,4,11,51,7,4,3,12,4,412,14,4,59,12,4,7,1,0,2,1,114,117,236,64,154
3318685627,1503707617187,1962,9,2,2,1,1,1,1,1,254,4,11,58,14,4,16,4,3,119,7,4,103,14,4,9,1,1,1,1,19,31,266,516,238,40,4,3,11,11,4,18,4,7,161,4,21,75,4,12,8,1,0,1,0,412,150,122,31,19
3328380830,1504448089366,1808,9,1,1,2,1,1,2,2,268,7,4,89,11,4,18,7,4,421,11,4,24,4,12,10,1,1,1,0,157,14,74,498,53,21,7,4,432,4,14,19,11,4,82,12,4,61,4,12,4,0,0,1,1,122,40,114,53,69
3322516273,1504015074843,1992,9,1,2,2,1,1,1,0,21,4,7,37,3,4,238,14,4,23,4,14,121,4,11,11,3,1,2,0,245,25,67,119,31,29,11,4,58,4,14,429,7,4,141,4,14,53,4,3,3,0,0,0,0,18,115,90,117,40
3324469643,1504169680898,1282,9,2,2,2,0,0,2,0,497,3,4,81,7,4,41,12,4,32,11,4,103,14,4,0,0,0,0,0,67,45,236,114,11,134,4,12,64,11,4,4,12,4,78,7,4,111,4,3,4,0,0,1,0,143,90,53,80,67
3324132365,1504121065736,2223,9,2,2,2,2,0,2,2,238,14,4,96,7,4,98,4,12,33,11,4,412,3,4,0,0,0,0,0,91,18,67,16,92,29,4,7,12,4,3,31,4,12,105,4,14,113,11,4,11,3,0,3,1,141,103,63,34,122
3277180052,1500937517547,1938,9,2,1,2,2,2,1,0,121,4,11,412,4,3,18,7,4,91,4,14,57,12,4,1,0,0,1,0,105,31,119,90,11,141,11,4,61,4,14,21,7,4,82,4,12,37,4,3,10,3,1,2,0,64,114,157,85,51
3282591845,1501326922933,2032,9,1,2,2,1,1,2,0,76,11,4,40,3,4,29,7,4,126,12,4,7,4,14,11,4,2,2,0,57,412,154,91,31,53,4,14,63,14,4,80,4,14,121,4,11,15,4,7,2,0,0,1,0,141,27,59,31,154
3326750598,1504340153544,1802,9,2,2,2,2,2,2,1,90,4,3,412,3,4,23,12,4,31,4,11,21,7,4,2,0,0,0,1,67,18,157,51,150,2,12,6,105,14,4,19,11,4,202,7,4,40,3,4,10,2,1,3,0,51,11,114,41,157
3314460714,1503440104952,2408,9,1,1,2,2,2,1,1,69,4,12,31,12,4,64,4,11,14,4,3,18,4,7,7,1,1,1,1,23,141,55,37,61,98,4,12,29,4,11,16,3,4,8,14,4,429,4,7,7,2,1,3,0,154,238,117,57,40
3298009277,1502405660871,1074,9,1,1,1,1,0,1,0,113,11,4,236,4,14,18,7,4,37,3,4,34,4,3,9,2,0,1,0,57,79,31,141,7,143,4,14,38,4,12,19,11,4,119,4,7,126,4,12,1,0,0,0,0,238,29,53,141,40
3287794680,1501694270551,1244,9,2,2,2,0,0,2,0,110,7,4,37,21,4,12,12,4,17,12,4,80,4,11,1,0,0,0,0,117,31,86,75,412,91,4,14,89,3,4,202,4,7,6,4,12,254,4,11,4,0,0,1,0,238,157,23,1,105
3314294494,1503433409509,1849,9,1,2,1,0,1,1,0,22,4,7,238,4,14,157,4,12,497,4,3,64,4,11,6,0,1,2,0,119,29,154,90,67,98,4,11,150,4,12,432,14,4,69,4,14,96,7,4,0,0,0,0,0,40,154,-1,122,11
3305220145,1502832563779,1769,9,1,2,1,0,0,1,0,29,4,11,18,7,4,59,4,3,32,12,4,245,12,4,6,0,0,1,0,11,40,92,238,55,164,4,12,99,4,21,51,4,7,35,14,11,12,3,4,0,0,0,0,0,119,134,122,75,55
3328766986,1504457068382,1946,9,2,2,1,2,2,2,2,110,7,4,41,4,14,58,4,12,79,4,11,412,3,4,4,0,0,0,0,29,119,17,27,18,76,4,11,101,4,21,516,4,12,497,4,14,498,7,4,8,1,1,3,1,31,61,57,122,91
3324787102,1504192351408,1459,9,2,2,2,2,2,2,2,154,4,11,119,4,7,150,12,4,134,4,7,12,14,4,1,0,0,0,0,141,126,60,412,29,79,4,11,236,4,14,497,4,14,498,4,7,90,4,12,7,1,1,2,1,38,113,29,40,69
3326529796,1504305374791,2082,9,2,2,1,2,1,2,1,157,4,12,113,4,11,267,4,3,51,7,4,90,4,14,7,0,1,0,1,40,80,114,238,29,59,4,11,34,12,4,67,4,7,37,3,4,92,12,4,11,3,0,3,0,29,55,150,18,11
3320913311,1503876999073,2235,9,2,1,1,2,2,2,0,99,14,3,245,11,4,236,4,7,14,12,4,412,14,4,3,0,0,1,0,127,516,31,51,18,12,3,4,90,14,4,21,4,7,11,4,11,83,12,4,9,3,1,2,0,53,55,240,6,67
3297677933,1502389276756,1718,9,2,2,2,2,2,1,0,141,4,11,114,4,12,67,4,7,105,4,21,267,3,4,3,0,0,1,0,498,157,75,6,64,19,11,4,44,3,4,45,3,4,51,4,7,133,21,4,11,3,1,1,0,61,23,236,25,31
3316692490,1503588121439,2489,9,1,2,2,2,1,1,0,105,12,4,498,4,7,60,11,4,143,4,3,157,4,12,9,1,1,2,0,57,31,114,18,141,41,4,12,115,4,14,117,4,3,24,4,11,29,7,4,5,1,1,1,0,84,8,40,238,39
3322508058,1504015704002,2139,9,1,2,1,1,2,1,0,421,11,4,96,4,7,43,14,4,141,4,12,103,14,4,8,2,0,3,0,53,7,11,18,238,28,11,4,69,4,6,67,7,4,6,12,4,57,3,4,3,0,1,0,0,36,75,51,157,64
3245502633,1498838940198,1279,9,1,1,1,0,0,1,1,21,7,4,92,4,14,30,4,11,89,4,3,84,14,4,6,0,0,2,1,117,498,122,157,11,29,4,7,37,4,3,105,4,12,91,14,4,56,11,4,1,0,0,0,0,157,51,420,41,245
3238316404,1498395712629,1111,9,1,2,1,1,0,1,1,267,4,3,103,4,14,20,4,11,51,4,7,78,4,12,10,2,0,2,1,61,119,38,154,45,114,4,12,412,14,4,254,4,11,268,4,7,236,4,7,0,0,0,0,0,154,238,117,64,107
3327092200,1504350650138,955,9,1,1,1,0,0,1,1,238,4,14,421,4,11,498,4,7,497,4,14,54,12,4,3,0,0,1,1,141,40,55,117,31,79,12,4,267,3,4,61,3,4,154,11,4,18,7,4,0,0,0,0,0,29,113,40,114,245
3327100998,1504350155596,1972,9,1,2,2,1,1,2,0,14,12,4,37,3,4,429,7,4,4,14,4,141,4,11,8,1,2,0,0,63,157,154,117,29,202,4,7,64,4,11,412,14,4,8,4,14,75,4,12,5,0,0,3,0,40,122,67,157,154
3329264455,1504475433215,1458,9,2,2,2,2,0,2,0,18,7,4,35,3,14,131,4,14,24,11,4,432,14,4,0,0,0,0,0,75,57,67,105,53,245,4,12,62,11,4,412,3,4,119,4,7,122,4,12,11,3,0,2,0,157,33,40,133,64
3292211093,1502018035216,1452,9,1,1,1,1,0,1,1,117,3,4,4,4,7,122,4,12,238,14,4,64,4,11,9,2,0,2,1,103,6,75,266,154,31,12,4,42,3,4,412,14,4,119,7,4,121,4,11,1,0,0,1,0,157,25,75,105,84
3330157909,1504561598970,2053,9,2,1,1,1,2,1,0,161,7,4,27,6,12,33,11,4,236,7,4,267,4,14,6,1,0,3,0,157,53,18,113,86,92,12,4,28,11,4,21,4,7,37,4,3,45,14,4,6,1,1,0,0,238,53,31,29,35
3313937237,1503418252131,1610,9,1,2,1,1,1,2,2,161,4,21,154,4,11,86,4,12,222,7,4,40,3,4,9,1,1,0,0,18,157,238,31,80,23,12,4,267,4,3,7,14,4,67,7,4,33,11,4,4,0,0,1,1,79,117,157,90,141
3317013991,1503597407024,1245,9,1,2,1,0,0,1,0,40,3,4,15,7,4,36,11,4,39,4,12,105,12,4,2,0,0,1,0,67,29,141,31,122,99,4,3,21,4,7,120,4,11,42,4,14,24,12,4,0,0,0,0,0,238,157,63,31,114
3323216444,1504085111860,206,9,2,2,0,0,0,0,0,85,4,12,64,11,4,236,7,4,57,4,3,245,14,4,0,0,0,0,0,31,157,18,51,238,84,4,14,17,4,12,67,4,7,12,4,3,19,6,11,0,0,0,0,0,53,157,131,238,103
3329732275,1504536598590,2851,9,2,2,1,2,2,2,0,157,12,4,81,7,4,238,4,14,412,3,4,427,11,4,4,0,0,0,0,21,103,53,516,122,31,4,12,37,14,4,96,4,7,64,4,11,115,4,14,7,3,2,3,0,53,41,119,63,122
3268498991,1500348871281,1280,9,2,2,2,2,0,0,2,16,3,4,38,12,4,79,4,11,24,4,12,81,7,4,0,0,0,0,0,121,31,238,54,412,113,4,11,92,4,12,29,7,4,85,4,14,53,4,14,7,1,0,0,1,154,121,31,40,114
3320809646,1503871242758,1434,9,2,2,2,0,0,2,2,141,11,4,103,12,4,37,4,3,29,7,4,163,4,7,1,0,0,0,0,117,238,40,92,157,57,12,4,85,4,14,432,4,3,202,7,4,64,11,4,4,0,0,3,1,16,117,18,31,238
3319248859,1503770543223,1344,9,2,1,2,2,2,2,0,6,12,4,497,4,14,19,11,4,498,4,7,4,4,6,3,0,0,0,0,122,29,40,117,141,201,4,3,113,11,4,22,4,7,41,4,12,99,7,4,5,1,1,2,0,31,40,69,84,18
3265202238,1500131082243,1543,9,2,1,2,2,2,1,1,266,4,12,222,4,7,44,4,3,62,4,11,31,4,12,2,0,0,2,1,53,141,29,238,119,202,7,4,40,3,4,122,4,12,60,11,4,236,4,7,8,1,1,1,0,117,126,154,157,23
3304018347,1502749817615,193,9,1,1,0,0,0,0,0,103,4,14,121,11,4,75,12,4,201,4,14,236,7,4,0,0,0,0,0,141,157,238,114,19,32,4,11,96,7,4,61,4,6,78,4,12,37,4,3,0,0,0,0,0,67,157,141,238,498
3318146430,1503693383097,2218,9,1,2,1,1,2,2,1,96,4,7,150,4,12,81,4,3,98,4,11,16,4,3,7,1,0,2,1,2,7,75,67,119,29,7,4,107,11,4,37,4,3,55,4,14,516,4,12,2,0,1,1,0,113,254,119,157,-1
3302464074,1502660583484,1848,9,1,1,1,1,1,2,2,80,12,4,45,4,7,79,11,4,21,7,4,99,4,12,9,1,1,3,0,11,84,55,19,498,53,4,3,29,7,4,223,12,4,5,4,11,1,4,14,0,0,0,1,1,126,61,103,51,119
3325086732,1504206792942,1596,9,1,2,1,1,1,2,1,31,4,6,37,4,3,39,4,12,18,4,7,59,4,11,11,3,1,2,1,117,157,105,96,141,84,12,4,254,6,11,29,7,4,14,4,14,112,12,4,1,0,0,1,0,64,33,40,1,238
3314131478,1503424558112,1568,9,1,1,1,0,0,1,0,61,21,4,81,7,4,497,4,3,35,11,14,150,12,4,2,0,0,1,0,51,-1,238,498,53,25,3,4,45,4,14,141,11,4,57,12,4,133,4,7,2,0,0,0,0,51,119,245,420,19
3310991787,1503216688479,1499,9,1,1,1,1,0,0,1,91,14,4,222,4,7,89,14,4,420,12,4,79,11,4,9,2,0,0,1,53,51,240,238,154,16,4,3,202,4,7,32,11,4,55,14,4,24,4,12,1,0,0,0,0,11,105,80,119,64
3321081775,1503915008620,1802,9,1,1,1,1,1,1,0,79,4,11,18,4,7,16,4,3,75,4,12,13,4,3,10,2,1,3,0,58,119,238,90,31,37,3,4,23,11,4,141,4,12,25,12,4,202,4,7,4,0,0,0,0,105,40,131,134,53
3329440431,1504516228126,2141,9,2,2,1,2,1,1,0,245,14,4,117,3,4,92,4,12,222,4,7,60,11,4,6,0,1,2,0,23,29,40,238,157,141,11,4,31,12,4,37,4,3,18,4,7,38,4,12,8,2,1,2,0,96,24,238,429,57
3304607151,1502809345479,1671,9,2,2,2,2,2,2,0,497,4,3,236,4,7,19,4,12,99,4,21,35,11,14,1,0,0,0,0,75,20,11,67,103,412,4,3,202,4,7,238,4,14,107,4,11,83,12,4,9,1,1,2,0,57,154,29,18,55
3253680155,1499367115833,1168,9,2,2,2,0,0,2,0,150,12,4,89,4,3,19,4,11,38,4,12,498,4,7,0,0,0,0,0,117,157,103,64,154,51,4,7,59,4,11,53,4,3,61,6,4,122,3,4,6,0,0,3,0,105,223,64,117,154
3324652625,1504184803915,1546,9,2,2,1,2,0,2,0,39,12,4,18,7,4,44,3,4,101,4,21,19,11,6,5,0,0,0,0,55,23,31,119,157,1,14,4,412,4,14,10,4,12,11,11,4,67,4,7,11,2,0,2,0,238,24,8,157,53
3330764979,1504609628420,1894,9,1,1,1,1,1,1,0,35,4,11,17,14,4,98,4,3,18,4,7,13,12,4,7,1,1,1,0,40,122,157,64,117,141,4,11,516,12,4,81,7,4,50,4,21,412,4,14,2,0,0,2,0,29,154,31,238,24
3297468248,1502375643352,1926,9,2,2,2,2,0,1,0,78,14,4,86,4,14,64,4,11,69,14,4,51,7,4,1,0,0,1,0,119,12,59,115,17,80,12,4,202,4,7,56,4,11,111,3,14,157,4,14,8,1,0,0,0,236,122,238,114,11
3299499789,1502495876582,1388,9,2,2,2,2,2,2,2,78,4,12,29,7,4,28,11,4,4,4,14,40,3,4,0,0,0,0,0,57,141,31,69,119,84,4,12,24,11,4,18,4,7,90,4,12,12,4,14,10,2,1,2,1,19,57,238,117,412
3323128209,1504076307443,1845,9,1,1,1,1,1,1,2,498,4,7,40,4,3,92,12,4,11,11,4,131,4,14,6,1,1,3,0,80,113,238,157,105,268,4,21,79,11,4,29,4,7,6,4,12,267,4,3,3,0,0,0,1,90,18,119,105,141
3330087041,1504556031362,2506,9,1,1,1,1,2,1,0,85,14,4,59,4,11,23,4,14,89,3,4,67,4,7,9,3,1,3,0,117,141,40,84,25,18,7,4,12,14,4,36,4,12,99,4,21,131,11,4,6,0,1,0,0,53,141,119,420,157
3326334202,1504293333982,970,9,1,1,1,0,0,1,1,117,7,4,29,4,21,5,11,4,245,4,12,92,4,12,4,0,0,1,1,31,18,119,40,154,157,4,14,19,11,4,53,3,4,222,7,4,80,4,14,1,0,0,0,0,238,51,122,516,7
3317920360,1503680243623,2737,9,1,2,2,1,1,2,0,19,12,4,18,4,7,63,14,4,43,4,21,11,11,4,10,2,1,1,0,119,58,114,67,238,57,11,4,163,1,4,25,3,4,41,4,12,22,7,4,5,1,0,3,0,51,67,64,157,75
3325467249,1504212563309,1336,9,1,1,1,1,0,1,1,16,4,3,29,7,4,98,4,11,38,4,21,48,12,4,7,1,0,2,1,157,122,498,11,24,5,12,4,91,14,4,51,4,7,89,3,4,10,4,11,1,0,0,0,0,420,157,222,53,67
3331441810,1504646800210,1957,9,1,1,1,1,1,1,0,114,4,12,29,4,7,412,14,4,141,4,11,25,21,4,10,2,1,2,0,8,31,16,105,40,91,14,4,497,14,4,5,11,4,222,4,7,79,4,12,0,0,0,0,0,117,238,16,154,113
3328165341,1504435740716,2374,9,2,2,2,2,2,2,0,92,12,4,107,4,11,29,7,4,45,4,12,117,3,4,0,0,0,0,0,240,18,154,157,11,429,4,7,64,11,4,105,14,4,201,3,4,516,4,12,11,3,2,5,0,31,75,134,19,238
3303566105,1502729376613,2474,9,1,1,1,1,1,1,2,64,11,4,245,4,12,12,4,14,18,7,4,74,4,12,8,1,3,5,0,29,154,31,157,119,141,11,4,267,3,4,98,4,12,91,4,14,22,4,7,6,0,0,1,1,55,57,119,40,114
3323309911,1504096107784,3074,9,1,1,1,1,2,2,0,27,6,12,11,6,11,53,4,14,99,21,4,236,4,7,8,2,0,4,0,114,35,105,119,75,131,14,4,8,4,12,42,7,4,26,3,4,141,11,4,3,0,2,1,0,57,157,516,74,18
3311869701,1503266669336,1891,9,2,2,2,2,2,2,2,25,4,14,429,7,4,236,12,4,141,11,4,101,4,21,2,0,0,1,0,69,157,119,-1,53,29,4,7,96,7,4,412,4,3,68,4,12,20,4,11,8,2,1,3,1,164,497,60,86,51
3324924945,1504200460502,2192,9,1,2,1,1,1,1,2,202,4,7,61,3,4,40,4,3,59,12,4,64,4,11,6,1,1,2,0,28,141,119,236,29,103,4,12,92,11,4,238,4,14,16,4,3,21,4,7,3,0,0,0,1,119,91,51,157,60
3320818016,1503870829463,1667,9,2,1,2,2,2,2,2,92,4,12,113,11,4,67,4,7,61,3,4,267,4,3,1,0,0,0,0,119,18,38,16,1,429,4,7,89,4,14,157,4,12,57,11,4,84,4,12,10,1,1,2,1,31,33,117,40,8
3324155687,1504122294488,2053,9,1,2,2,1,1,1,0,59,4,11,40,3,4,498,7,4,85,4,12,41,3,4,9,2,1,2,0,119,18,117,75,141,69,4,6,16,4,3,29,7,4,54,4,12,79,4,11,3,0,0,1,0,18,75,7,117,113
3320478097,1503851461201,1653,9,1,1,1,1,0,1,1,157,4,14,37,3,4,72,4,11,18,4,7,10,6,12,10,2,0,2,1,154,53,29,1,40,67,4,7,245,4,14,11,4,11,92,12,4,89,4,3,0,0,0,0,0,19,122,119,154,516
3313787822,1503409983998,1408,9,2,2,2,2,0,2,2,117,3,4,18,7,4,79,11,4,91,14,4,58,12,4,1,0,0,0,0,57,40,34,75,113,134,21,4,98,12,4,29,7,4,421,4,11,497,3,4,5,1,0,3,1,141,38,96,150,69
3321229647,1503929476777,1700,9,1,1,1,1,1,1,1,61,21,4,76,4,11,24,4,12,412,4,14,236,4,7,9,2,1,2,1,38,29,7,254,40,25,3,4,429,7,4,154,11,4,238,4,14,59,12,4,0,0,0,0,0,53,29,40,18,141
3331222316,1504635436706,1249,9,1,1,1,0,0,1,0,64,4,11,34,4,12,412,3,4,236,4,7,5,12,4,6,0,0,2,0,53,238,89,120,6,432,4,3,51,4,7,90,14,4,36,11,4,31,12,4,0,0,0,0,0,122,53,12,67,101
3274056067,1500733119791,1355,9,1,1,1,1,0,1,0,37,4,3,141,4,11,8,12,4,21,4,7,103,4,14,10,2,0,2,0,105,60,122,497,82,99,21,4,53,7,4,222,7,4,75,14,4,5,4,11,0,0,0,0,0,51,420,157,-1,122
3326482433,1504300502726,936,9,1,2,1,0,0,0,0,105,4,14,42,7,4,120,11,6,17,4,12,92,4,14,2,0,0,0,0,122,91,32,57,53,202,14,4,11,11,4,161,3,4,22,7,4,58,12,4,0,0,0,0,0,51,157,119,236,31
3291465051,1501946650102,1789,9,1,1,1,1,0,0,0,117,3,4,157,4,14,154,4,11,67,4,7,6,4,12,10,2,0,0,0,35,29,121,84,238,164,12,4,267,3,4,51,7,4,427,11,4,268,4,21,2,0,0,0,0,238,141,201,122,119
3324574842,1504178155955,2167,9,2,1,2,2,2,2,2,67,4,7,203,4,11,16,4,3,81,14,4,31,4,12,2,0,0,0,0,40,21,119,64,157,136,4,3,51,7,4,99,4,3,141,4,11,516,12,4,11,3,1,3,1,117,86,157,53,238
3220480536,1497279165006,1733,9,2,2,2,2,0,1,1,497,3,4,245,4,12,121,4,11,112,4,6,498,4,7,1,0,0,3,1,35,157,117,114,154,8,4,6,29,4,11,110,4,7,26,4,14,92,4,12,9,1,0,0,0,163,40,119,266,38
3330090048,1504556772477,1778,9,2,1,2,2,2,2,0,202,7,4,29,11,4,157,4,14,78,3,4,21,4,21,1,0,0,0,0,105,119,75,40,114,121,11,4,516,4,12,498,4,7,497,3,4,238,14,4,11,3,1,3,0,105,122,91,114,23
3327851075,1504387443811,1936,9,2,1,2,2,2,1,2,105,4,12,154,4,11,67,4,7,111,4,3,14,12,4,4,0,0,3,0,238,33,412,40,117,420,12,4,55,4,14,497,14,4,236,4,7,77,4,11,8,1,1,0,1,18,141,40,31,122
3321189268,1503926453068,2133,9,2,2,1,1,0,1,1,134,4,7,27,6,12,498,4,7,79,11,4,12,3,4,4,1,0,3,1,38,59,29,497,150,107,4,11,98,4,12,25,3,4,245,4,12,18,4,7,8,1,0,1,0,29,113,40,421,31
3234411066,1498141512006,2284,9,1,2,2,1,1,2,2,40,4,3,51,4,7,60,11,4,112,6,4,48,12,4,9,1,1,2,0,23,79,114,154,84,202,7,4,267,14,4,103,4,14,240,12,4,64,11,4,5,0,0,2,1,154,75,119,67,134
3329106332,1504466897980,1374,9,2,2,2,0,0,1,0,202,7,4,111,14,4,516,12,14,134,14,4,5,11,4,0,0,0,1,0,53,157,75,45,122,32,4,11,497,4,3,81,4,7,37,14,4,23,4,14,3,0,0,1,0,59,157,-1,119,51
3322512527,1504013917375,1305,9,2,2,2,2,2,2,2,141,11,4,38,4,12,98,12,4,497,4,3,96,7,4,0,0,0,0,0,60,29,157,18,40,69,4,6,23,14,4,79,4,11,119,7,4,117,4,3,11,2,1,2,1,29,-1,412,113,16
3262625208,1499968404880,1722,9,1,2,1,0,0,1,1,57,4,11,18,4,7,53,3,4,141,4,12,31,4,12,5,0,0,1,1,157,238,51,154,119,236,7,4,4,14,3,11,4,11,92,12,4,201,3,4,2,0,0,1,0,114,122,105,19,67
3234727048,1498158607676,2680,9,1,2,2,2,2,1,0,154,12,4,1,4,14,117,4,14,24,11,4,17,4,7,10,2,0,3,0,15,51,103,67,122,110,7,4,64,11,4,60,4,12,131,14,4,89,3,4,8,1,1,1,0,11,3,157,51,67
3329829294,1504543670877,1306,9,2,2,2,2,0,2,2,64,11,4,4,4,6,236,7,4,23,12,4,267,4,3,1,0,0,0,0,18,51,91,8,119,238,4,14,102,11,4,432,4,3,21,7,4,17,4,12,8,1,0,3,1,40,498,90,154,122
3292331751,1502026034350,2083,9,2,2,2,2,2,2,0,58,12,4,45,21,4,121,11,4,16,4,7,119,21,4,5,0,0,1,0,57,157,114,238,122,31,4,12,53,4,3,20,4,11,74,4,7,202,4,7,7,1,2,3,0,157,238,141,79,99
3305819824,1502875600908,1802,9,1,1,1,1,1,1,2,429,4,7,40,4,3,35,4,11,103,14,4,122,12,4,8,1,1,2,0,238,19,141,31,412,23,4,12,57,11,4,16,3,4,91,4,14,236,4,7,2,0,0,0,1,90,17,119,31,53
3323996936,1504114036973,2364,9,1,1,1,2,1,1,0,11,4,11,99,21,4,150,4,12,429,4,7,267,4,3,11,3,1,2,0,141,236,238,40,154,32,4,11,498,4,7,16,4,3,62,4,14,50,14,4,7,1,0,2,0,154,67,53,105,39
3317803769,1503672427588,1906,9,1,1,2,1,1,1,0,236,7,4,412,3,4,23,4,12,141,11,4,245,4,14,11,3,1,3,0,223,61,57,157,53,103,14,4,110,4,7,19,4,11,6,4,12,79,4,14,3,0,0,0,0,11,67,80,30,29
3250308697,1499127151696,204,9,2,1,0,0,0,0,0,112,6,4,11,4,11,17,14,4,45,4,14,51,7,4,0,0,0,0,0,154,238,61,202,498,53,4,3,75,4,12,29,4,7,60,4,11,134,4,6,0,0,0,0,0,114,238,154,157,25
3249941078,1499104493289,2638,9,2,2,1,2,2,2,0,67,7,4,11,11,4,105,14,4,41,4,12,53,4,3,8,1,0,0,0,51,58,154,114,119,236,7,4,115,4,21,29,11,4,86,14,4,412,4,3,9,2,1,4,0,19,154,157,23,117
3328218506,1504440019664,2259,9,2,2,1,2,2,1,0,39,12,4,64,4,11,201,4,3,51,4,7,7,4,14,3,0,0,3,0,157,154,150,238,29,429,4,7,104,4,11,4,14,4,25,4,14,92,4,12,10,4,2,1,0,57,119,31,18,113
3313444142,1503360073886,1690,9,1,1,1,1,1,1,1,121,4,11,51,4,7,4,4,14,157,4,12,16,4,3,11,4,1,2,1,154,412,53,122,92,25,4,14,141,14,4,64,11,4,498,7,4,24,12,4,1,0,0,0,0,105,10,31,240,40
3325513235,1504211564643,1904,9,2,2,1,2,2,2,0,78,4,12,56,4,11,22,7,4,89,4,14,157,14,4,4,0,0,1,0,122,54,53,24,84,117,3,4,81,7,4,45,14,4,11,4,11,75,12,4,9,2,1,1,0,105,19,23,420,99
3325941839,1504269528903,2405,9,1,1,1,1,1,1,0,51,7,4,105,14,4,31,4,12,12,4,3,60,4,11,9,1,2,1,0,75,516,40,57,119,222,7,4,133,4,12,61,21,4,79,4,11,64,4,3,6,0,0,3,0,245,59,91,18,84
3322609520,1504022052780,1310,9,2,2,2,2,2,2,2,201,14,4,101,4,12,122,4,12,236,4,7,59,11,4,0,0,0,0,0,238,63,18,157,2,121,4,11,58,14,4,7,4,14,40,4,3,21,7,4,10,2,1,2,1,31,29,105,19,119
3322410927,1504006094879,2104,9,2,1,2,2,2,2,1,69,4,6,154,11,4,58,4,12,67,4,7,117,4,3,2,0,0,0,1,131,29,84,141,516,23,14,4,89,3,4,110,7,4,90,6,4,72,11,4,10,1,2,4,0,238,75,141,53,31
3251556313,1499202571230,2727,9,2,1,2,2,2,2,2,63,4,21,76,4,11,222,7,4,23,4,12,201,3,4,5,1,1,2,0,114,67,117,29,154,126,4,14,17,4,12,40,3,4,51,7,4,11,11,4,9,2,1,3,1,154,157,113,21,24
3321726452,1503956861302,1848,9,2,1,2,2,0,2,0,3,4,12,11,4,11,497,3,4,498,4,7,35,14,12,4,0,0,0,0,40,105,157,113,33,420,4,12,67,4,7,141,4,11,31,4,14,117,4,3,8,2,0,2,0,119,9,96,516,23
3327708761,1504381386352,2267,9,2,2,2,2,1,2,0,119,7,4,516,4,3,30,12,4,141,4,11,98,4,12,4,0,1,0,0,45,238,117,157,91,92,12,4,103,4,14,80,4,11,44,4,7,4,3,4,8,2,0,2,0,90,412,29,114,122
3329869391,1504546390010,1760,9,2,2,2,2,2,2,0,92,4,12,238,4,14,79,11,4,10,7,4,26,3,4,0,0,0,0,0,498,67,103,157,80,98,12,4,18,7,4,63,4,3,75,4,12,64,4,11,11,3,1,3,0,36,29,3,516,154
3248930291,1499043913979,1117,9,2,2,2,2,0,2,2,266,12,4,7,14,4,25,4,3,222,7,4,33,11,4,0,0,0,0,0,63,40,17,11,119,24,4,11,103,12,4,21,4,7,412,14,4,126,12,4,11,3,0,2,1,154,84,114,63,53
3272892519,1500655218944,1777,9,2,2,1,2,0,2,0,14,4,12,18,4,7,29,4,11,432,4,3,238,4,14,1,0,0,0,0,119,105,114,53,24,31,4,11,25,4,3,236,7,4,157,14,4,266,12,4,10,2,0,2,0,105,67,12,86,122
3322873114,1504034870845,2444,9,1,2,2,2,0,2,2,75,12,4,40,3,4,45,21,4,21,4,7,11,11,4,11,3,0,2,0,105,22,122,24,53,61,21,4,64,11,4,141,4,14,81,4,7,35,14,4,7,1,0,2,1,238,516,53,67,29
3286822044,1501604409968,1766,9,1,1,1,1,1,1,2,29,4,11,412,4,3,429,7,4,68,4,12,238,4,14,8,1,1,2,0,6,119,31,157,56,3,11,4,126,4,3,75,12,4,44,7,4,22,4,7,3,0,0,0,1,6,57,17,-1,53
3330905591,1504618378364,3013,9,1,1,1,2,1,1,0,30,4,12,80,4,14,19,11,4,497,3,4,498,1,4,10,3,2,3,0,122,18,143,53,157,41,12,4,64,4,11,161,7,4,25,4,3,67,4,7,7,1,0,2,0,412,157,141,16,28
3328296361,1504444588994,3112,9,2,2,2,2,2,2,0,67,7,4,24,12,4,267,3,4,79,4,11,101,21,4,8,4,1,0,0,122,154,80,157,497,99,4,1,222,7,4,516,3,4,27,6,12,2,6,11,10,3,1,5,0,117,40,29,-1,18
3328633546,1504454025296,1311,9,1,2,1,0,0,1,0,29,7,4,267,4,14,113,11,4,42,4,3,59,4,12,7,0,0,2,0,61,67,114,117,40,141,11,4,38,4,12,18,7,4,58,12,4,53,14,4,2,0,0,0,0,11,40,117,122,57
3320707117,1503864501701,2178,9,2,2,2,2,2,1,2,202,4,7,11,4,11,412,4,14,85,12,4,161,3,4,4,0,0,4,0,238,8,40,67,18,25,4,7,117,4,3,222,4,7,113,4,11,164,12,4,11,2,1,1,1,141,119,238,29,90
3311431332,1503242713461,2302,9,1,1,1,1,1,1,1,141,11,4,61,21,4,6,4,12,79,3,4,498,4,7,9,4,1,3,1,119,150,7,17,69,157,12,4,21,7,4,19,11,4,84,14,4,53,4,3,2,0,0,1,0,163,122,114,29,154
3319747933,1503830245664,1097,9,2,2,2,2,0,2,2,40,3,4,126,12,4,113,4,11,238,4,14,119,7,4,0,0,0,0,0,25,80,117,29,516,96,4,7,120,11,6,245,4,12,16,4,3,24,4,12,6,1,0,1,1,105,121,51,31,18
3326283942,1504290456132,1335,9,2,2,2,0,0,2,0,516,4,12,497,4,3,202,4,7,19,4,11,163,4,6,0,0,0,0,0,238,40,157,164,67,141,4,11,90,4,14,29,4,7,267,4,3,79,4,12,3,0,0,2,0,119,40,238,154,157
3282320058,1501283270007,2045,9,2,2,2,2,2,1,2,105,14,4,54,12,4,1,4,6,106,4,11,110,4,7,2,0,0,2,0,141,23,10,122,35,40,4,3,19,4,11,236,7,4,157,4,14,6,4,12,8,1,1,1,1,131,11,122,58,238
3290665137,1501884393714,1746,9,2,2,2,2,0,2,0,64,11,4,23,11,4,134,21,4,29,4,7,92,12,4,1,0,0,0,0,238,31,6,56,51,119,4,7,35,11,14,53,14,4,105,4,14,75,4,12,10,2,0,2,0,91,164,154,33,238
3327408657,1504364015429,1548,9,2,2,2,2,0,2,2,45,4,12,64,4,11,48,4,14,222,7,4,27,12,6,0,0,0,0,0,119,53,238,31,114,16,4,3,157,4,12,33,4,11,18,7,4,131,4,14,11,3,0,3,1,117,40,29,141,55
3328247695,1504442666914,1795,9,2,1,1,2,0,1,0,114,4,12,112,4,21,89,3,4,236,7,4,32,4,11,3,0,0,1,0,28,420,113,31,1,33,11,4,67,4,7,157,12,4,115,4,12,25,4,6,9,2,0,0,0,36,29,17,53,122
3329478219,1504520442144,2276,9,2,1,2,2,2,2,2,69,21,4,16,3,4,54,4,12,18,4,7,141,4,11,2,0,0,1,0,55,53,412,122,29,31,12,4,89,3,4,102,3,11,96,4,7,61,1,4,11,2,1,4,1,45,105,119,53,122
3265377607,1500142443586,1628,9,1,2,1,1,1,1,0,59,4,11,86,14,4,51,7,4,55,14,4,40,3,4,9,2,1,1,0,17,238,141,157,154,412,4,3,131,4,14,24,4,11,202,4,7,75,12,4,3,0,0,0,0,141,64,157,3,2
3321526112,1503945779081,1305,9,1,1,1,0,0,1,1,85,4,12,498,7,4,21,4,14,19,11,6,4,4,14,6,0,0,2,1,114,40,105,53,64,143,4,14,99,4,1,27,12,6,67,7,4,141,11,4,1,0,0,0,0,157,516,238,119,114
3322303547,1503995598807,1581,9,2,1,2,2,0,2,2,67,4,7,92,4,12,64,4,11,245,4,1,78,4,12,2,0,0,0,0,122,23,6,19,105,16,3,4,75,4,12,29,4,7,103,4,14,11,4,11,9,2,0,1,1,119,157,18,420,53
3330680942,1504600895171,1559,9,2,2,1,2,0,2,2,267,3,4,236,4,7,141,4,11,104,12,4,134,4,14,1,0,0,0,0,117,55,40,254,23,57,4,3,238,4,14,126,12,4,81,4,7,53,4,3,7,1,0,3,1,117,105,29,18,40
3324734324,1504188722775,1517,9,1,2,1,1,1,1,1,222,4,7,59,12,4,157,14,4,223,4,3,11,6,11,10,3,1,3,1,134,122,202,126,22,10,4,12,412,4,3,238,14,4,18,7,4,57,4,11,0,0,0,0,0,53,64,28,420,516
3268469585,1500337473706,1414,9,2,1,2,2,2,2,0,2,6,11,412,4,3,134,4,6,114,12,4,67,7,4,1,0,0,0,0,63,119,157,202,64,99,4,12,29,4,7,154,11,4,58,4,12,89,3,4,8,1,1,2,0,27,240,131,141,31
3329986965,1504550982234,1897,9,1,1,1,1,1,2,0,17,4,12,67,7,4,432,14,4,41,4,12,64,11,4,9,1,1,2,0,202,238,141,40,80,4,4,6,81,11,4,6,12,4,429,4,7,412,14,4,2,0,0,1,0,238,31,117,40,157
3317161225,1503603971008,1852,9,2,2,2,2,2,2,0,55,14,4,3,11,4,37,4,7,75,4,12,18,4,1,1,0,0,0,0,122,90,86,427,157,51,7,4,24,12,4,35,11,14,412,4,3,103,14,4,10,2,1,3,0,141,238,114,29,119
3325978559,1504274243262,1314,9,1,2,1,0,0,1,0,119,7,4,16,4,3,238,4,14,78,4,11,17,4,12,4,0,0,1,0,103,126,53,81,164,41,12,4,245,4,14,98,4,11,99,4,3,18,4,7,0,0,0,0,0,84,134,53,29,31
3279181405,1501073664521,1289,9,2,2,2,0,0,2,2,37,4,3,127,4,12,141,4,11,92,4,12,202,4,7,0,0,0,0,0,1,90,18,31,41,35,11,14,67,7,4,62,4,12,161,12,4,43,3,4,6,0,0,2,1,121,238,150,114,91
3285523250,1501518297892,2070,9,2,1,2,0,2,2,0,8,4,14,141,11,4,63,14,4,92,12,4,222,7,4,4,0,0,1,0,103,18,412,3,75,37,4,3,99,4,21,79,11,4,81,7,4,150,4,12,6,0,2,3,0,75,91,64,117,119
3319062948,1503756322343,1296,9,2,1,2,2,0,2,0,240,4,12,12,4,3,99,4,21,64,4,11,18,4,7,0,0,0,0,0,516,75,90,154,57,11,11,4,222,7,4,39,12,4,40,4,3,61,21,4,9,2,0,2,0,103,105,236,516,58
3266731420,1500225333910,1622,9,1,2,1,1,1,1,1,222,4,7,25,4,14,99,4,21,23,4,12,11,4,11,11,2,1,2,1,90,38,53,17,105,117,14,4,75,12,4,412,4,3,141,4,11,202,4,7,0,0,0,0,0,236,122,157,114,21
3323493442,1504100948834,1766,9,2,2,2,2,2,2,1,222,4,7,6,11,4,39,12,4,99,3,4,91,4,14,3,0,0,1,1,516,119,157,154,31,55,14,4,76,4,11,122,12,4,117,3,4,96,7,4,8,2,2,2,0,53,238,245,40,119
3328368324,1504447936423,2295,9,2,2,1,1,2,2,0,75,12,4,412,3,4,15,7,4,9,4,14,64,11,4,6,1,1,1,0,16,122,18,134,105,29,7,4,267,3,4,20,11,4,157,12,4,99,4,1,7,1,1,4,0,18,141,40,31,238
3328108272,1504432674043,1460,9,2,2,2,2,0,2,1,497,4,14,102,4,11,266,12,4,105,14,4,498,7,4,0,0,0,0,1,90,40,25,122,131,75,4,12,119,4,7,53,4,14,57,4,11,103,3,4,10,2,0,2,0,245,38,31,18,67
3244441649,1498752869317,2177,9,2,1,1,2,2,2,0,157,4,14,498,4,7,35,14,11,103,4,14,143,3,4,5,0,0,1,0,84,39,114,51,11,21,4,7,41,12,4,31,4,11,16,3,4,38,4,14,10,3,1,2,0,114,64,53,119,134
3327751999,1504382248852,2505,9,1,2,1,1,1,1,0,154,4,11,21,4,7,37,4,3,120,12,14,136,4,3,9,1,1,3,0,114,238,96,105,157,141,11,4,17,12,4,91,12,4,516,4,3,110,4,7,4,0,0,0,0,134,57,11,23,31
3322409690,1504009460737,1671,9,1,1,1,1,1,2,1,36,12,4,22,21,4,121,11,4,157,4,14,497,14,4,11,3,1,2,1,63,113,29,28,75,79,11,4,96,4,7,31,12,4,117,3,4,13,4,3,1,0,0,1,0,40,238,29,55,18
3306290284,1502903935047,2179,9,1,1,1,1,0,2,0,56,4,11,24,4,14,42,4,3,51,4,7,497,4,3,10,2,0,3,0,114,6,122,412,31,69,4,21,119,4,3,64,4,11,21,7,4,53,14,4,2,0,0,1,0,420,31,238,23,141
3251501124,1499198828384,2020,9,2,2,1,2,2,2,1,120,11,6,54,12,4,157,14,4,67,4,7,201,4,3,5,0,0,3,1,19,92,119,51,122,40,4,3,421,11,4,1,4,3,114,4,12,15,7,4,9,1,2,1,0,202,154,64,412,119
3323688182,1504105429932,1357,9,2,2,2,0,0,2,2,18,7,4,141,4,11,126,4,14,412,4,3,10,4,12,0,0,0,0,0,92,11,31,53,51,30,4,3,99,4,7,81,4,7,58,12,4,427,11,4,4,0,0,2,1,245,238,105,51,119
3316327548,1503581998073,1913,9,2,2,2,2,2,2,2,7,4,12,67,21,4,497,4,7,64,11,4,24,4,12,4,0,0,1,0,516,61,57,5,119,25,4,3,59,4,11,34,21,4,18,7,4,33,12,4,7,1,1,2,1,90,429,117,40,6
3316225437,1503575890868,1966,9,2,1,1,2,2,1,0,41,4,12,498,7,4,120,11,6,99,4,1,412,4,14,2,0,0,1,0,114,238,516,29,61,22,4,3,6,12,4,64,4,11,222,4,7,4,4,6,7,1,1,1,0,40,75,117,114,157
3330494336,1504587832014,1247,9,2,1,2,2,0,2,2,141,4,11,201,3,4,133,14,4,429,4,7,1,4,3,0,0,0,0,0,150,40,238,16,222,131,14,4,92,4,12,67,7,4,44,14,4,11,11,6,9,2,0,2,1,40,157,238,75,126
3241324969,1498574226181,3258,9,1,2,2,1,2,2,2,67,4,7,29,4,11,41,4,3,69,4,12,223,4,3,10,2,0,2,0,7,53,55,34,498,238,4,14,32,4,11,202,4,7,420,12,4,31,4,3,7,1,2,4,1,64,157,114,25,154
3327398473,1504363717788,2034,9,1,1,1,1,1,1,1,74,3,4,24,4,12,35,14,11,429,4,7,98,3,4,11,3,2,3,1,-1,119,103,18,29,202,7,4,201,3,4,79,11,4,112,4,7,82,4,14,0,0,0,0,0,141,114,117,31,40
3274069463,1500734169985,1644,9,2,2,2,2,2,2,2,143,4,14,240,12,21,67,4,7,31,11,4,61,3,4,2,0,0,0,0,19,60,157,24,238,498,7,4,163,14,4,11,11,4,2,12,4,497,3,4,9,3,1,3,1,64,80,53,7,119
3319660517,1503797535883,1727,9,2,2,2,2,2,2,2,236,4,3,141,4,11,40,4,3,54,12,4,15,4,7,1,0,0,0,0,114,238,31,29,11,80,4,14,18,7,4,79,4,11,105,14,4,53,3,4,10,3,1,3,1,25,157,1,412,516
3325841072,1504260541748,1281,9,2,2,0,0,0,2,0,141,4,11,57,3,4,236,4,7,45,4,12,90,12,4,0,0,0,0,0,75,29,74,81,421,498,7,4,91,14,4,79,12,4,497,4,3,203,11,6,0,0,0,1,0,157,154,1,64,117
3326424726,1504298582480,1667,9,2,1,2,2,0,2,2,141,11,4,498,4,7,497,4,3,134,4,14,114,4,12,1,0,0,1,0,92,119,157,31,9,412,14,4,51,4,7,10,4,7,11,11,4,26,4,14,9,2,0,2,1,516,117,29,105,67
3328224162,1504438827442,1990,9,1,2,2,2,1,1,0,238,4,12,117,4,14,24,4,11,90,4,14,110,4,7,9,2,1,2,0,34,119,29,53,-1,412,3,4,51,7,4,9,4,11,30,3,4,78,4,12,5,1,0,1,0,19,40,31,18,113
3262903089,1499979727207,2025,9,1,2,1,1,0,1,0,35,14,11,14,3,4,96,4,7,31,4,12,238,4,14,8,1,0,1,0,141,122,420,84,134,12,4,3,105,14,4,24,4,12,67,4,7,11,4,11,4,0,0,2,0,51,122,131,141,107
3287065956,1501618231339,2065,9,2,1,1,1,2,2,1,64,4,11,29,4,7,90,4,12,4,3,4,412,4,3,7,1,1,1,1,57,25,84,7,40,131,4,12,89,4,3,51,4,7,79,4,11,157,4,12,7,2,1,3,0,31,23,154,238,119
3317431369,1503617996714,2377,9,1,2,2,1,2,1,0,68,4,12,37,14,4,429,4,7,59,4,11,157,14,4,9,3,0,3,0,57,23,29,141,31,107,4,11,96,4,7,98,4,12,34,4,12,117,4,3,6,2,2,1,0,18,60,38,113,91
3328384215,1504448860943,1811,9,2,1,2,2,2,1,0,29,4,7,141,4,11,103,14,4,86,4,12,26,4,3,2,0,0,1,0,23,11,238,57,31,157,4,12,18,4,7,497,3,4,245,14,4,35,14,11,10,2,1,1,0,105,58,119,31,40
3329777222,1504540489827,1329,9,1,2,1,1,0,1,0,16,4,3,57,12,4,69,6,4,29,4,7,11,4,11,6,1,0,1,0,157,122,31,53,40,412,4,3,96,4,7,48,12,4,115,21,4,141,11,4,0,0,0,0,0,40,84,238,25,59
3329826594,1504542983182,2642,9,2,2,2,2,2,2,0,67,4,7,36,11,4,267,3,4,78,12,4,38,4,12,4,0,0,1,0,29,117,141,58,16,92,12,4,61,6,4,48,4,11,202,7,4,53,14,4,11,5,3,5,0,40,85,141,31,90
3262686306,1499971868271,2119,9,2,1,2,2,0,2,2,115,21,4,67,4,7,64,11,4,37,4,3,86,4,12,3,0,0,0,0,53,141,420,11,238,25,4,3,19,4,11,236,4,7,245,4,14,91,12,4,10,2,0,3,1,141,53,154,122,114
3251880910,1499248941110,1924,9,2,1,2,2,0,2,0,122,6,4,38,4,14,17,6,4,51,4,7,35,11,4,1,0,0,0,0,64,117,67,157,154,236,4,7,420,4,12,56,11,4,26,14,4,69,6,4,7,1,0,4,0,154,1,3,11,157
3302329117,1502657706007,2330,9,1,2,2,1,1,1,1,29,7,4,12,4,3,113,11,4,238,7,4,126,4,12,8,1,1,2,1,1,11,119,157,61,54,4,3,17,12,4,18,4,7,103,21,4,31,4,11,4,0,0,2,0,24,134,53,157,51
3326231238,1504286601570,1482,9,1,1,1,1,0,1,0,105,4,14,222,4,7,25,4,3,33,4,11,24,14,4,5,1,0,2,0,432,516,245,122,53,223,3,4,10,21,4,86,4,12,22,7,4,56,11,4,1,0,0,0,0,238,40,119,67,157
3326266138,1504290921434,1407,9,2,2,2,0,0,2,0,98,4,12,102,4,11,61,4,3,119,7,4,432,3,4,0,0,0,0,0,113,31,122,157,141,238,14,4,86,4,12,254,11,4,18,4,7,16,4,3,6,0,0,1,0,31,117,19,157,114
3327446781,1504365910215,1028,9,1,1,1,1,0,1,1,254,4,11,1,4,12,119,4,7,201,14,4,24,4,12,10,2,0,1,1,6,134,29,40,31,421,4,11,84,4,14,516,12,4,412,4,3,498,4,7,0,0,0,0,0,31,157,40,141,164
3331061394,1504626496743,2452,9,1,1,1,2,2,1,0,157,4,12,127,4,12,117,4,3,15,7,4,121,4,11,9,1,1,1,0,516,40,119,31,105,21,4,7,412,4,14,161,4,21,79,4,11,59,4,12,5,1,1,2,0,19,119,90,18,53
3330000599,1504551475267,1985,9,1,2,1,1,0,2,2,31,11,4,96,7,4,105,4,14,80,4,14,43,4,3,8,2,0,2,0,238,40,122,55,11,64,4,11,98,4,12,127,4,12,412,14,4,18,4,7,2,0,0,2,1,40,23,53,29,238
3302431584,1502658899906,1212,9,1,1,1,1,0,1,0,57,11,4,68,4,12,26,3,4,15,7,4,115,12,4,6,1,0,2,0,51,412,134,31,157,23,6,11,18,4,7,59,14,4,61,4,14,63,3,4,0,0,0,0,0,40,11,8,131,119
3218569356,1497136860978,914,9,1,1,1,1,0,1,0,99,4,21,5,12,4,53,4,3,57,4,11,67,4,7,5,1,0,1,0,157,35,117,122,223,81,7,4,43,4,3,103,21,4,80,11,4,25,12,4,0,0,0,0,0,236,55,64,60,17
3315283380,1503491855840,1005,9,2,2,2,2,0,0,0,117,4,7,134,1,6,18,21,4,48,4,12,8,4,14,1,0,0,0,0,157,122,119,238,113,164,4,12,29,4,7,4,4,1,59,4,11,267,4,14,9,1,0,0,0,40,412,31,154,60
3248750066,1499030433029,2153,9,1,1,2,1,1,2,2,117,4,3,245,12,4,18,4,7,19,6,11,23,12,4,10,2,1,1,0,114,121,51,154,38,412,14,4,20,11,4,238,4,14,17,14,4,110,7,4,7,0,0,4,1,114,38,11,29,7
3318259374,1503700128086,1354,9,1,2,1,1,0,2,1,412,3,4,236,4,7,115,4,12,64,4,11,50,4,12,11,3,0,0,1,238,3,34,119,19,222,7,4,24,11,4,80,12,4,99,4,14,25,3,4,0,0,0,2,0,157,497,154,53,17
3320491124,1503852195619,1873,9,1,2,1,1,1,1,1,245,4,12,126,12,4,222,7,4,59,4,11,12,3,4,9,2,1,2,1,31,40,154,84,10,67,4,7,61,4,21,113,11,4,16,4,3,27,4,12,5,1,0,1,0,141,18,114,-1,40
3318141447,1503692130329,2007,9,1,2,2,1,1,2,0,37,4,3,106,6,11,1,14,4,77,12,4,222,7,4,10,2,1,2,0,31,29,33,238,412,114,4,12,62,4,11,103,4,14,119,7,4,53,3,4,4,0,0,1,0,83,122,105,157,8
3237799255,1498341674984,1491,9,2,2,2,2,2,2,2,240,12,4,38,4,12,21,4,7,16,3,4,131,11,4,2,0,0,0,0,154,117,143,122,238,19,11,4,40,4,14,222,4,7,1,14,4,8,12,4,9,2,1,4,1,-1,53,157,67,23
3331248269,1504637475402,1635,9,2,2,2,2,2,2,0,18,4,7,44,14,4,223,12,4,61,4,21,11,4,11,2,0,0,0,0,40,516,79,31,86,103,14,4,16,3,4,121,11,4,48,12,4,498,4,7,11,3,1,2,0,57,31,55,141,157
3324319216,1504132478349,1655,9,2,1,2,2,2,2,0,19,4,11,41,12,4,497,4,3,498,4,7,131,14,4,2,0,0,1,0,141,105,114,157,29,40,4,3,236,7,4,79,11,4,59,4,12,238,4,14,11,3,1,1,0,11,119,122,516,154
3311412117,1503242697929,1701,9,2,1,2,2,2,2,0,17,12,21,51,7,4,40,3,4,57,11,4,126,4,12,1,0,0,0,0,59,64,238,157,31,67,4,7,37,3,4,245,14,4,141,4,12,20,11,4,9,1,1,2,0,29,53,75,157,119
3262571423,1499963713609,2313,9,2,1,2,2,2,2,0,80,4,12,432,14,4,45,4,12,9,11,4,18,7,4,2,0,0,0,0,157,64,141,29,7,223,4,3,127,12,4,32,11,4,122,12,4,236,7,4,10,3,1,4,0,114,29,412,157,136
3329973464,1504549980661,2039,9,2,1,2,2,2,2,0,141,11,4,99,4,3,80,14,4,18,4,7,81,4,3,1,0,0,0,0,119,19,53,17,105,54,12,4,111,4,3,24,12,4,498,4,7,164,11,4,10,1,1,4,0,29,55,31,105,119
3319293418,1503772047932,1237,9,2,1,2,0,0,2,2,22,4,7,254,4,11,117,4,3,126,4,12,516,4,12,1,0,0,0,0,33,429,11,10,154,267,4,3,90,4,6,58,4,12,64,11,4,18,4,7,6,0,0,2,1,113,119,53,40,29
3215773854,1496963591032,1697,9,2,2,2,2,2,2,2,30,11,4,201,3,4,268,4,21,17,12,4,498,7,4,1,0,0,0,0,104,119,105,154,3,51,4,7,14,4,12,103,4,14,64,11,4,412,4,3,9,2,1,2,1,105,114,154,117,113
3323673003,1504103692833,945,9,2,2,2,0,0,0,0,497,14,4,157,4,12,18,4,7,17,4,14,57,11,4,0,0,0,0,0,38,117,429,69,202,412,14,4,55,4,14,164,4,12,79,4,11,29,4,7,5,0,0,0,0,113,498,40,117,38
3324860744,1504196210365,1929,9,2,2,2,2,0,2,1,429,7,4,412,14,4,157,4,3,9,11,4,141,4,12,1,0,0,0,1,55,18,40,64,31,14,4,12,10,4,11,117,4,3,61,4,21,67,7,4,11,2,0,2,0,245,18,40,80,122
3321609182,1503951658238,1594,9,2,1,2,2,0,2,2,16,3,4,29,7,4,516,11,4,245,3,4,75,12,4,1,0,0,0,0,53,64,42,122,40,238,4,14,157,4,12,92,4,7,141,4,11,61,21,4,9,1,0,3,1,91,37,117,105,131
3240443348,1498513842385,2277,9,2,1,1,2,2,2,0,67,4,7,240,4,12,1,4,14,106,6,11,75,4,6,6,0,0,1,0,-1,114,122,238,154,38,4,14,33,4,11,36,4,12,412,3,4,51,4,7,7,1,1,3,0,91,154,157,498,23
3311706926,1503257115001,2085,9,2,1,2,1,2,1,0,33,4,11,119,7,4,412,4,3,133,4,14,238,14,4,5,1,0,2,0,18,75,36,157,497,83,4,12,55,14,4,15,4,7,37,3,4,203,4,11,9,2,1,1,0,202,122,57,134,53
3318864740,1503742743385,2308,9,1,1,1,1,0,1,0,12,4,3,99,4,21,29,4,11,122,12,4,22,4,14,9,1,0,3,0,238,141,17,35,53,154,11,4,67,7,4,31,4,12,25,4,3,84,14,4,0,0,0,0,0,11,63,157,89,119
3327216414,1504355087808,1846,9,2,1,1,1,2,1,0,39,12,4,86,4,14,22,4,7,89,14,4,19,4,11,6,1,0,2,0,143,1,18,122,11,75,4,12,37,3,4,29,7,4,238,14,4,62,11,4,8,1,1,1,0,31,141,51,67,11
3326751422,1504340756504,1788,9,1,1,1,1,0,1,0,516,4,12,1,14,4,16,4,3,67,4,7,35,11,14,11,3,0,2,0,53,122,45,91,238,38,4,21,222,7,4,245,4,12,28,11,4,201,3,4,0,0,0,0,0,53,11,157,81,497
3256844739,1499598423790,1483,9,1,1,1,1,0,1,0,7,14,4,58,4,12,33,4,11,412,4,3,67,4,7,6,1,0,1,0,19,119,497,154,114,38,14,4,92,4,12,254,4,11,81,7,4,53,3,4,0,0,0,0,0,114,64,154,45,11
3322704131,1504026492305,1631,9,1,1,1,1,1,1,1,53,14,4,8,14,4,59,4,11,81,7,4,55,4,14,11,3,1,2,1,516,105,18,57,40,126,4,12,67,4,7,103,4,14,412,4,14,64,4,11,1,0,0,0,0,245,117,122,16,238
3327707273,1504380967438,2064,9,1,1,1,1,0,1,0,64,4,11,17,4,12,37,3,4,45,4,21,18,4,7,10,2,0,2,0,105,96,16,119,238,412,7,3,236,4,7,83,12,4,103,4,14,141,11,4,4,0,0,1,0,29,59,122,89,19
3308809254,1503073848985,1810,9,1,2,1,1,0,2,1,37,3,4,254,4,11,119,4,7,85,4,12,99,21,4,11,3,0,2,1,245,157,114,51,24,13,4,21,412,3,4,110,7,4,86,4,12,5,4,11,3,0,0,1,0,105,31,17,19,53
3321702990,1503955475008,1655,9,1,2,2,1,1,2,2,103,4,14,96,4,7,33,12,4,40,3,4,516,4,11,8,3,1,1,0,114,29,141,18,38,112,6,4,63,4,14,67,4,7,64,4,11,58,4,12,2,0,0,1,1,117,122,141,114,238
3285968239,1501547538076,1421,9,2,1,2,2,0,2,0,134,11,4,29,12,14,67,4,14,10,12,4,103,1,12,0,0,0,0,0,150,157,17,58,-1,141,4,11,119,4,7,37,4,14,24,12,4,69,12,4,11,2,0,2,0,23,53,114,157,6
3280755317,1501180692425,1790,9,2,2,2,2,2,1,0,55,14,4,412,3,4,75,12,4,236,4,7,11,4,11,1,0,0,1,0,154,23,119,238,80,54,4,12,107,4,11,111,3,4,99,21,4,51,4,7,8,1,1,2,0,64,114,141,154,157
3326752137,1504341316270,205,9,2,0,0,0,0,0,0,53,4,3,24,12,4,51,7,4,245,14,4,76,11,4,0,0,0,0,0,1,114,60,157,99,35,4,12,36,11,4,64,4,14,161,3,4,18,4,7,0,0,0,0,0,55,157,-1,111,99
3256037613,1499542199565,1865,9,2,1,2,2,2,2,1,62,4,12,85,7,4,11,11,4,42,4,7,223,4,3,2,0,0,1,1,51,114,29,154,117,98,4,11,24,4,12,13,6,4,40,3,4,18,4,7,10,2,1,2,0,7,119,63,122,157
3286192489,1501587074987,1669,9,2,2,1,2,0,2,0,39,12,4,40,3,4,134,4,6,202,4,7,154,4,11,3,0,0,0,0,119,120,113,31,57,61,4,21,79,11,4,412,4,14,133,7,4,75,6,12,9,1,0,2,0,67,29,498,31,2
3325319534,1504210598037,2275,9,2,2,2,2,0,2,0,41,3,4,120,11,6,141,4,6,432,14,4,22,4,7,2,0,0,0,0,31,238,157,40,53,63,4,14,59,4,14,76,4,11,99,12,4,15,7,4,8,1,0,4,0,31,18,51,122,29
3318673925,1503706504536,2025,9,2,2,2,2,2,2,0,92,4,12,72,4,11,202,4,7,61,6,4,37,4,14,4,0,0,2,0,136,53,51,154,38,126,4,12,222,4,7,268,21,4,59,4,11,412,3,4,7,1,1,1,0,157,40,-1,498,238
3313180009,1503347464528,1645,9,2,1,2,2,2,1,1,11,4,11,150,12,4,67,4,7,497,4,3,103,14,4,0,0,0,1,1,29,17,114,141,238,161,4,21,14,14,4,110,7,4,85,4,12,59,11,4,9,2,1,1,0,18,80,35,105,31
3329738973,1504538412276,2658,9,1,1,2,1,1,2,2,105,4,14,40,12,4,81,4,21,23,3,12,11,4,11,11,4,2,3,0,91,238,157,53,412,54,12,4,59,11,4,497,3,4,21,7,4,38,14,4,6,2,0,2,1,19,67,238,157,84
3319269212,1503770831034,1769,9,1,2,1,1,0,1,2,62,14,4,21,7,4,516,4,3,33,11,4,103,14,4,8,3,0,3,0,122,40,412,8,67,18,7,4,114,4,12,134,14,4,201,4,3,57,4,11,1,0,0,0,1,40,24,75,29,11
3308533281,1503056477979,1610,9,1,1,1,1,1,2,0,498,7,4,11,6,11,117,7,4,40,4,3,163,4,6,8,1,1,0,0,141,24,96,7,157,112,3,4,201,3,4,76,4,11,59,12,4,18,7,4,3,0,0,2,0,141,119,412,29,60
3326750634,1504340127738,1983,9,2,1,2,2,2,2,0,150,12,4,238,11,4,18,7,4,37,3,4,99,21,4,4,0,0,1,0,114,40,29,157,16,119,4,7,105,14,4,12,3,4,62,4,12,64,4,11,8,2,1,2,0,51,11,31,83,157
3323478870,1504102459423,1698,9,1,2,2,1,1,1,0,11,11,6,412,14,4,8,6,4,90,4,12,429,4,7,10,1,1,3,0,40,92,157,18,29,34,4,12,81,7,4,114,14,4,497,3,4,113,4,11,3,0,0,0,0,1,157,238,117,31
3313786162,1503409171635,1311,9,1,2,2,1,1,2,2,18,4,7,84,4,14,113,4,11,40,4,3,23,4,14,9,1,1,2,0,57,117,114,92,29,141,4,11,238,14,4,222,4,7,497,3,4,27,12,6,2,0,0,1,1,16,31,114,19,64
3329923049,1504547313508,2737,9,1,2,2,2,1,2,0,25,4,3,92,4,12,64,4,11,222,4,7,268,4,21,9,2,1,3,0,105,157,141,53,75,115,4,14,55,12,4,21,7,4,16,7,4,81,11,4,7,1,0,1,0,122,86,238,105,51
3316764012,1503588980414,2146,9,1,1,1,1,1,2,0,17,14,4,59,11,4,34,4,12,29,4,7,40,4,3,10,3,1,2,0,18,117,103,105,91,122,4,12,67,4,7,497,14,4,163,4,14,56,4,11,5,0,0,2,0,53,75,141,31,119
3328018793,1504407877809,1771,9,2,1,2,2,1,2,2,81,7,4,11,14,4,412,4,3,67,4,11,245,12,4,3,0,1,0,0,61,122,29,53,157,238,4,14,5,11,4,236,4,7,117,14,4,50,12,4,8,2,0,2,1,157,119,31,154,89
3328911764,1504458286181,1714,9,1,1,1,1,1,2,2,64,4,11,89,14,4,62,14,4,110,4,7,25,12,4,11,5,1,2,0,40,141,67,117,31,53,4,3,81,7,4,254,4,11,61,14,4,98,12,4,2,0,0,1,1,498,91,18,122,238
3326569266,1504309105896,1504,9,2,2,2,2,0,2,0,74,12,4,28,14,11,136,14,4,21,7,4,201,4,3,1,0,0,0,0,113,6,31,19,202,497,4,3,498,4,7,92,4,12,54,14,4,48,4,11,11,2,0,1,0,223,40,62,53,141
3329464469,1504517728463,1573,9,1,2,2,1,1,2,1,83,4,12,497,4,3,15,7,4,113,11,4,238,4,14,11,3,1,2,1,23,412,19,38,18,498,7,4,117,4,14,121,4,11,24,12,4,53,3,4,1,0,0,1,0,119,67,40,38,84
3325787518,1504258020336,2031,9,1,2,1,1,0,1,0,81,4,7,141,4,11,63,4,14,89,3,4,78,12,4,8,1,0,2,0,31,117,245,134,516,75,12,4,59,4,11,161,1,4,44,4,3,429,7,4,1,0,0,1,0,51,40,126,238,498
3326376024,1504296194923,1599,9,2,1,1,2,2,1,1,43,4,3,24,4,12,33,4,11,22,4,7,61,4,7,3,0,0,1,1,117,238,96,268,126,101,4,14,119,7,4,164,12,4,26,3,4,141,11,4,10,2,1,1,0,238,40,150,498,18
3245254963,1498825322008,1798,9,2,1,2,2,2,2,0,29,4,7,40,4,3,17,12,4,1,4,14,3,4,11,0,0,0,0,0,154,105,157,51,53,203,11,4,127,4,12,432,14,4,222,4,7,41,12,4,6,1,1,3,0,157,114,119,51,236
3278539062,1501027383872,1367,9,2,2,2,2,0,1,0,98,3,4,21,7,4,79,14,4,80,14,4,141,4,11,0,0,0,1,0,31,53,24,51,420,1,4,14,157,12,4,89,4,14,59,11,4,18,7,4,7,1,0,1,0,31,154,19,67,498
3326495442,1504301302456,2046,9,1,2,1,1,1,1,1,99,4,21,24,4,11,412,3,4,18,7,4,245,12,4,11,1,2,4,1,122,119,89,31,516,42,4,7,120,11,6,25,4,3,164,12,4,126,4,14,0,0,0,0,0,53,31,238,75,122
3250798322,1499184444101,1404,9,2,2,2,2,0,2,2,161,4,21,412,3,4,22,4,7,58,4,12,10,4,11,2,0,0,0,0,157,114,122,51,223,7,14,4,21,7,4,44,3,4,56,4,12,29,4,11,9,1,0,2,1,117,38,114,60,55
3324154948,1504122115634,1982,9,1,2,1,1,0,1,0,31,14,4,98,4,12,99,3,4,202,7,4,11,11,4,10,2,0,3,0,55,53,141,23,64,22,4,7,24,4,11,131,4,14,14,7,4,43,3,4,0,0,0,0,0,516,51,21,245,75
3328518165,1504452423497,1808,9,2,2,1,2,2,1,0,497,4,3,498,4,7,8,12,4,236,4,14,59,4,11,2,0,0,1,0,57,55,113,84,38,79,4,11,53,4,14,3,4,12,41,4,12,429,4,7,9,1,1,1,0,39,38,141,18,40
3326489472,1504302435094,1622,9,1,2,1,1,1,1,0,37,3,4,150,4,12,42,4,3,498,4,7,59,4,11,9,1,1,1,0,412,60,154,18,141,133,12,4,29,4,7,40,4,3,238,4,14,68,11,4,1,0,0,0,0,141,31,516,53,497
3319261604,1503768172924,2448,9,2,2,2,2,1,2,0,131,4,14,57,4,11,75,12,4,119,4,3,40,4,7,3,0,1,0,0,157,17,11,412,31,25,3,4,103,4,14,62,4,11,18,7,4,122,4,12,9,2,1,4,0,84,238,51,105,114
3329987278,1504551086998,1323,9,2,1,2,0,0,2,0,141,11,4,202,4,7,238,4,14,67,12,4,432,4,3,2,0,0,0,0,164,11,21,245,119,80,12,4,18,4,7,37,3,4,33,11,4,63,4,14,3,0,0,2,0,105,157,498,23,53
3259398297,1499786484852,1715,9,1,1,1,1,1,1,0,19,11,4,51,7,4,92,4,12,26,4,3,61,14,4,10,1,1,2,0,114,154,412,38,157,22,4,7,41,12,4,79,11,4,25,3,4,8,4,12,1,0,0,0,0,154,122,7,119,3
3327361478,1504359518478,1512,9,1,1,1,1,0,1,1,64,4,11,25,3,4,7,4,12,202,4,7,86,14,4,9,1,0,3,1,31,516,90,67,40,51,7,4,421,4,11,3,12,4,75,4,12,117,3,4,0,0,0,0,0,40,122,69,16,157
3331645863,1504693941974,1826,9,1,2,1,1,1,1,0,90,4,14,37,4,3,5,4,11,18,7,4,157,4,14,9,1,1,2,0,498,86,122,114,23,79,4,11,24,14,12,67,4,7,101,14,4,89,3,4,1,0,0,1,0,201,8,122,25,53
3331236655,1504636715003,196,9,2,2,0,0,0,0,0,36,4,12,117,4,3,56,4,7,51,4,7,99,4,7,0,0,0,0,0,91,238,516,57,40,498,7,4,75,12,4,63,14,4,103,14,4,19,4,11,0,0,0,0,0,40,9,18,24,31
3325614394,1504218249991,1293,9,2,2,1,0,0,1,0,74,3,4,2,4,11,51,7,4,267,3,4,78,12,4,3,0,0,1,0,122,61,91,85,157,266,3,4,64,4,11,238,4,14,29,7,4,53,14,4,1,0,0,1,0,24,84,157,154,92
3325300105,1504210691592,1613,9,1,1,2,0,1,1,0,103,4,14,17,4,12,89,3,4,2,11,4,18,4,7,5,0,1,3,0,117,31,114,23,119,14,12,4,36,4,11,41,4,3,37,7,4,21,4,14,2,0,0,0,0,154,45,31,53,64
3326284598,1504290641330,1836,9,1,1,1,1,0,2,0,67,4,7,25,14,4,84,12,4,154,11,4,238,4,14,9,2,0,2,0,114,75,51,497,8,516,12,4,53,3,4,99,4,21,5,4,11,103,4,7,1,0,0,1,0,114,157,122,105,245
3289048054,1501779563613,1527,9,2,1,2,2,2,1,2,114,4,12,121,11,4,112,21,4,22,4,7,117,3,4,2,0,0,1,0,53,40,29,236,55,7,4,12,51,7,4,32,4,11,79,4,12,497,3,4,11,3,1,1,1,57,6,141,61,64
3312245884,1503315104533,1872,9,1,2,1,1,1,1,1,75,12,4,19,11,4,21,4,7,143,3,4,126,14,4,9,1,1,3,1,31,122,29,119,105,96,4,7,254,4,11,24,12,4,40,4,3,161,4,7,2,0,0,1,0,105,18,238,157,141
3329589847,1504529894465,1576,9,2,2,2,2,2,2,2,31,12,4,432,4,3,222,7,4,127,4,14,113,11,4,0,0,0,0,0,30,1,64,91,119,201,3,4,238,4,14,11,11,4,516,12,4,202,4,7,11,3,1,3,1,119,34,29,157,18
3330696422,1504605755834,1758,9,2,2,2,2,2,1,0,24,4,12,202,4,7,245,14,4,141,4,11,16,3,4,1,0,0,1,0,5,31,122,117,154,34,12,4,53,4,14,81,7,4,79,4,11,41,4,12,8,1,1,2,0,18,154,157,40,80
3315846093,1503522948710,2193,9,2,1,2,2,0,1,0,96,12,4,99,3,4,516,4,6,56,11,4,81,7,4,2,0,0,2,0,40,67,105,238,157,11,4,11,6,4,12,236,7,4,127,4,6,16,3,4,8,1,0,2,0,31,75,18,154,134
3321002540,1503907910546,1835,9,2,1,1,2,0,1,0,161,21,4,201,3,4,15,4,7,20,4,11,41,12,4,3,0,0,1,0,63,19,119,39,69,44,4,3,238,14,4,67,7,4,157,12,4,107,11,4,10,2,0,2,0,412,8,90,55,141
3274534887,1500763656718,1842,9,2,2,2,2,2,2,1,80,4,14,222,7,4,56,4,11,25,3,4,134,4,6,3,0,0,0,1,42,8,157,55,119,121,4,11,16,4,3,90,4,14,236,7,4,127,12,4,9,2,1,3,0,57,157,31,238,141
3247965116,1498987799056,2114,9,1,2,1,1,0,1,0,432,7,4,10,4,12,56,11,4,22,7,4,134,6,4,10,2,0,2,0,67,51,103,154,83,119,7,4,64,4,11,122,12,4,8,14,4,117,4,3,3,0,0,1,0,157,238,114,55,21
3331179308,1504634723137,1866,9,1,1,2,1,1,1,0,117,4,3,42,7,4,96,4,7,79,4,11,98,4,12,11,3,1,2,0,57,40,119,412,113,112,4,6,105,4,12,497,14,4,59,4,11,498,4,7,2,0,0,0,0,429,10,29,48,150
3309369319,1503104517361,2315,9,2,2,2,2,1,2,0,412,4,14,429,4,7,24,4,11,104,4,12,103,4,14,2,0,1,2,0,122,157,5,25,53,105,14,4,222,7,4,11,4,11,19,4,12,44,4,3,11,5,0,2,0,498,238,119,64,122
3280681254,1501175943109,1890,9,2,2,2,2,2,1,0,22,4,7,412,4,3,31,11,4,126,4,12,61,6,4,2,0,0,2,0,6,23,84,141,75,25,4,21,113,3,4,19,4,11,24,12,4,67,7,4,9,1,1,1,0,119,105,122,157,23
3313367631,1503355614801,2351,9,2,2,2,2,1,2,1,50,4,14,25,4,3,51,4,7,150,12,4,141,4,11,6,1,1,1,1,40,498,154,31,53,117,3,4,6,14,4,4,4,14,19,11,4,48,12,4,11,5,1,3,0,31,157,238,127,40
3321806362,1503960134566,1695,9,1,1,1,1,0,1,0,143,4,3,131,11,4,51,7,4,122,12,4,134,14,4,9,2,0,1,0,58,105,25,91,53,83,4,14,498,7,4,497,3,4,1,4,14,9,4,11,0,0,0,1,0,67,80,53,157,11
3316692446,1503588126939,1301,9,2,2,2,2,0,2,0,9,4,11,150,12,4,67,7,4,101,4,21,99,4,3,0,0,0,0,0,55,31,92,121,53,98,4,12,5,4,11,89,4,3,21,4,7,131,4,14,10,2,0,2,0,53,516,238,18,31
3313019219,1503339397819,1457,9,2,1,2,2,0,2,0,92,12,4,238,14,4,131,4,11,63,4,14,22,4,7,0,0,0,0,0,31,40,268,157,55,62,11,4,36,12,4,30,4,3,412,4,14,119,4,7,5,1,0,2,0,25,157,114,154,31
3325110292,1504208072265,1987,9,2,2,2,2,2,2,2,412,4,3,114,12,4,15,7,4,9,11,4,103,14,4,4,0,0,0,0,141,29,117,40,18,79,4,11,99,7,4,59,4,12,236,4,7,432,4,14,9,2,2,3,1,31,-1,40,18,57
3328961962,1504458716568,1686,9,1,1,1,1,0,1,0,61,4,14,18,7,4,432,3,4,14,4,12,11,4,11,11,2,0,2,0,75,516,141,157,55,64,11,4,59,4,12,34,4,12,236,4,7,117,4,14,0,0,0,0,0,238,412,40,122,104
3273643791,1500678868884,1063,9,2,2,1,0,0,2,0,19,4,11,236,7,4,17,14,4,75,4,6,98,4,12,1,0,0,0,0,141,126,24,154,122,57,4,11,150,4,12,37,3,4,51,7,4,8,4,12,2,0,0,1,0,117,-1,31,64,105
3256025846,1499541382989,1785,9,1,2,1,1,1,1,0,497,4,3,254,4,11,59,4,12,13,4,14,202,4,7,10,4,1,3,0,157,53,245,24,154,64,11,4,105,4,14,51,7,4,412,4,3,122,4,12,1,0,0,0,0,23,164,63,29,19
3318857491,1503743898037,2027,9,2,1,1,2,1,1,1,19,4,12,79,4,11,96,7,4,4,4,14,267,4,3,4,0,2,2,1,516,38,40,18,15,57,11,4,26,4,12,29,7,4,92,4,12,53,4,14,11,4,0,1,0,117,141,31,16,157
3329966175,1504550382666,1300,9,1,1,2,0,0,1,1,122,4,12,498,4,7,141,4,11,54,4,14,53,4,3,4,0,0,1,1,157,18,67,126,245,29,7,4,412,3,4,61,4,21,105,12,4,59,11,4,3,0,0,0,0,21,86,11,114,238
3230764538,1497904592279,2563,9,1,1,1,2,1,2,0,203,4,11,106,4,12,497,4,14,29,4,7,163,14,4,9,1,1,2,0,427,154,8,122,4,3,12,4,222,4,7,412,4,3,238,4,14,92,4,11,6,1,0,2,0,420,53,11,157,51
3323982857,1504112725018,2185,9,2,1,2,2,2,2,0,498,4,7,497,3,4,45,21,4,17,4,12,64,11,4,3,0,0,0,0,516,157,92,29,238,8,4,12,115,14,4,33,4,11,267,4,3,222,7,4,11,4,1,4,0,34,114,157,11,40
3324105257,1504119338902,2022,9,2,2,1,0,2,2,2,99,4,14,141,4,12,26,4,3,236,4,7,19,11,4,2,0,0,1,0,29,25,105,18,114,103,14,4,24,4,12,64,11,4,67,4,7,117,3,4,6,0,1,3,1,134,29,157,51,18
3307329522,1502987132721,2775,9,2,2,2,1,1,2,2,67,7,4,412,4,3,254,11,4,62,14,4,57,4,12,11,5,2,1,0,119,16,31,64,122,222,4,7,59,11,4,40,4,3,99,4,14,157,4,12,10,2,1,4,1,141,18,122,238,119
3320479580,1503851853889,1224,9,2,2,2,2,0,2,2,107,4,11,53,14,4,51,4,7,79,4,21,516,4,12,0,0,0,0,0,40,122,90,119,134,1,12,4,121,4,11,114,4,12,21,4,7,111,4,3,7,1,0,1,1,238,25,18,157,105
3322927767,1504038789385,1879,9,1,2,1,1,1,1,0,90,12,4,98,4,12,202,4,7,11,4,11,89,3,4,10,3,1,4,0,117,67,48,57,44,113,4,11,1,6,4,412,4,3,7,4,14,126,4,12,1,0,0,0,0,157,91,245,141,122
3255872075,1499532092389,2012,9,1,1,1,1,1,1,2,222,7,4,44,3,4,50,4,6,121,4,11,41,4,12,11,4,1,4,0,55,90,154,122,20,104,4,11,24,12,4,51,4,7,432,14,4,103,14,4,3,0,0,0,1,38,119,114,122,29
3329920894,1504546760719,2787,9,1,2,1,1,2,2,0,157,12,4,113,4,11,15,4,7,103,4,14,267,3,4,10,4,0,2,0,141,119,498,29,3,41,3,4,18,7,4,19,11,4,497,14,4,98,12,4,6,0,3,3,0,40,117,57,141,16
3257783107,1499675832947,1866,9,1,2,2,1,1,2,0,40,4,3,8,4,12,64,4,11,21,4,7,157,4,14,9,2,1,0,0,119,11,53,3,103,24,4,11,51,7,4,79,4,12,134,7,4,45,4,3,3,0,0,3,0,114,240,92,33,19
3319396900,1503779132463,2326,9,2,2,1,2,2,2,0,18,7,4,56,11,4,412,4,3,164,4,12,90,4,12,3,0,0,0,0,238,8,114,31,40,24,4,11,497,4,14,67,4,7,157,4,12,101,4,12,11,3,2,4,0,45,114,122,40,31
3257172578,1499617153290,1782,9,1,1,2,1,1,1,1,121,4,11,45,14,4,236,4,7,98,3,4,31,4,12,8,1,1,4,1,117,157,412,29,105,1,14,4,59,12,4,64,4,11,223,4,3,51,7,4,2,0,0,0,0,3,29,122,19,134
3328163876,1504435154923,1378,9,1,1,1,1,1,1,1,64,4,11,40,3,4,41,4,3,15,4,7,75,4,12,8,1,1,2,1,23,157,36,105,92,67,4,7,266,4,12,89,4,14,245,11,4,42,4,12,3,0,0,0,0,157,122,18,45,131
3301006670,1502572458689,2401,9,2,1,2,2,1,2,0,48,4,11,105,4,14,28,4,11,22,7,4,267,3,4,4,0,1,1,0,268,40,157,75,53,429,4,7,89,3,4,76,4,11,55,14,4,58,4,14,11,4,1,3,0,57,157,67,31,18
3313865303,1503413460824,2018,9,1,2,2,1,1,2,2,150,4,12,432,14,4,141,4,11,29,4,1,40,7,4,8,1,2,0,0,6,11,136,57,157,105,4,12,18,4,7,75,12,4,37,3,4,32,11,4,4,0,0,4,1,33,119,240,117,134
3329054712,1504464101710,2089,9,2,1,2,2,2,2,2,53,4,3,67,4,7,60,4,11,8,4,3,31,12,4,1,0,0,0,0,240,201,141,103,63,157,4,12,64,4,11,105,14,4,18,7,4,21,4,3,10,3,2,2,1,126,90,50,117,84
3326743001,1504341253242,2228,9,2,2,1,2,2,2,1,68,12,4,154,11,4,91,14,4,89,4,3,82,7,4,5,0,0,0,1,58,18,238,412,90,59,11,4,67,4,7,150,4,12,201,3,4,236,7,4,9,1,1,4,0,90,31,85,19,516
3330368132,1504574531907,1901,9,2,2,2,2,0,2,0,96,12,4,17,4,3,18,7,4,516,11,4,91,4,14,4,0,0,1,0,412,53,80,-1,105,102,11,4,39,12,4,429,4,7,157,14,4,12,14,4,10,1,0,3,0,161,141,61,427,24
3263703644,1500037835036,2290,9,2,1,1,2,2,2,0,150,4,12,54,14,4,81,7,4,1,4,14,421,11,4,4,0,0,1,0,3,157,83,202,154,84,4,14,412,4,14,141,11,4,67,4,7,34,12,4,9,1,1,2,0,51,24,154,117,64
3302100037,1502649065008,2540,9,1,2,1,1,1,1,0,91,14,4,429,4,7,48,12,4,131,12,4,39,11,4,11,4,1,3,0,31,17,122,53,84,21,4,7,103,14,4,9,4,11,117,14,4,86,12,4,0,0,0,0,0,90,420,51,7,11
3228013360,1497734483675,2626,9,1,2,1,2,2,2,1,86,4,12,19,4,11,29,4,7,50,4,14,412,4,14,10,2,1,2,1,105,92,154,122,117,63,4,14,18,4,7,39,4,12,3,14,4,77,4,11,10,4,1,3,0,157,122,164,154,113
3318993666,1503753497085,1811,9,1,2,2,1,1,2,2,163,7,4,32,4,11,67,4,7,267,3,4,86,4,12,8,1,2,1,0,8,64,18,51,24,21,4,7,78,11,4,90,14,4,117,3,4,58,12,4,4,0,0,1,1,238,150,157,40,41
3329964984,1504550055611,1631,9,1,1,1,1,0,1,1,28,11,4,236,1,4,22,4,7,41,4,12,53,14,4,9,2,0,2,1,31,55,498,19,18,67,4,7,37,4,3,107,11,4,99,21,4,58,4,14,0,0,0,0,0,157,412,420,18,75
3217703180,1497107205890,1747,9,2,2,1,2,2,1,1,69,4,3,21,14,4,154,4,11,22,7,4,98,4,12,4,0,0,2,1,92,114,157,117,122,41,4,12,40,3,4,134,12,4,60,11,4,236,4,7,9,1,1,1,0,117,24,497,157,238
3330176454,1504561686083,1648,9,2,2,2,2,0,1,0,57,4,11,41,4,12,1,3,4,15,4,7,64,4,12,1,0,0,1,0,17,25,23,24,61,60,11,4,18,7,4,516,4,3,98,4,12,110,7,4,10,2,0,0,0,53,38,3,238,141
3327708019,1504381136573,2031,9,1,1,2,2,2,1,2,32,11,4,15,7,4,37,4,3,126,12,4,78,4,12,7,1,0,3,0,105,53,122,19,141,86,4,12,64,4,11,131,4,14,89,3,4,222,4,7,9,4,2,1,1,11,103,67,238,122
3328104497,1504430973904,1803,9,2,1,2,2,0,2,2,40,3,4,222,7,4,157,11,4,164,12,4,101,4,3,0,0,0,0,0,53,238,59,103,126,150,4,12,76,4,14,203,11,4,202,7,4,37,14,4,11,2,0,4,1,11,67,64,53,240
3234280603,1498135457390,200,9,2,0,0,0,0,0,0,32,4,11,429,4,7,201,4,3,86,14,4,1,4,3,0,0,0,0,0,498,122,53,55,8,236,21,4,412,3,4,75,12,6,157,7,4,154,4,11,0,0,0,0,0,117,119,2,7,63
3318868363,1503744393651,1750,9,2,2,2,2,2,2,0,35,11,14,222,4,7,113,3,4,157,4,12,38,4,14,2,0,0,0,0,31,119,497,89,40,29,4,11,516,12,4,15,4,7,163,14,4,48,3,4,11,2,1,3,0,8,119,90,238,498
3313017267,1503338619924,2920,9,1,1,2,2,2,1,0,69,14,4,67,4,7,57,4,12,104,11,4,201,4,3,10,3,2,4,0,117,238,114,103,16,50,4,14,141,4,11,498,4,7,41,12,4,53,14,4,6,2,1,2,0,79,40,119,18,143
3303918865,1502745112041,2603,9,1,1,2,2,2,2,0,50,12,4,24,4,11,40,4,7,67,7,4,69,21,4,11,2,0,2,0,157,63,161,6,122,55,4,14,64,11,4,420,4,12,110,4,7,267,4,3,6,1,2,2,0,31,23,141,-1,157
3266926653,1500237052724,1456,9,2,1,2,2,0,2,2,150,12,4,133,4,11,201,4,3,55,4,14,67,4,7,0,0,0,0,0,157,24,141,19,143,40,3,4,21,7,4,36,4,12,154,4,11,61,4,14,9,1,0,2,1,90,51,122,119,114
3328310131,1504445840596,1925,9,2,1,2,2,2,1,0,103,3,4,40,4,3,202,4,7,84,4,12,54,4,11,2,0,0,2,0,59,412,64,157,516,67,7,4,57,4,12,267,3,4,238,14,4,80,4,11,7,1,1,1,0,16,96,18,33,141
3314046854,1503422586207,1450,9,1,2,1,1,1,1,1,2,11,4,105,14,4,25,14,4,222,7,4,114,4,12,11,2,1,2,1,31,122,29,63,17,78,11,4,67,4,7,45,4,21,6,3,4,117,4,3,0,0,0,0,0,238,11,40,18,157
3292417760,1502033371826,1731,9,2,1,1,2,2,1,1,22,7,4,63,3,4,4,14,4,58,4,12,11,4,11,2,0,0,2,1,119,238,122,51,18,141,11,4,240,4,12,55,1,4,29,4,7,40,3,4,11,3,1,1,0,19,57,114,119,90
3330367623,1504574004892,1571,9,2,2,2,2,2,2,2,111,4,11,98,4,12,497,4,3,498,4,7,69,4,14,1,0,0,0,0,92,18,59,126,40,8,4,14,412,3,4,429,4,7,10,4,11,13,4,12,11,3,1,2,1,40,31,427,119,90
3266949000,1500237937062,1633,9,2,2,2,2,0,2,0,141,11,4,105,14,4,119,7,4,16,4,3,45,14,4,3,0,0,0,0,134,51,53,157,31,412,4,3,498,4,7,29,4,11,103,4,14,58,4,12,10,2,0,3,0,51,80,11,122,55
3306189224,1502898585010,1550,9,1,2,1,1,0,1,0,134,21,4,29,7,4,143,14,4,59,4,11,240,4,12,11,3,0,2,0,429,114,57,113,40,127,12,4,117,4,14,421,4,11,18,4,7,30,12,4,1,0,0,0,0,119,55,114,57,40
3326230938,1504286523221,1938,9,2,2,1,2,2,2,0,202,4,7,50,12,4,267,3,4,78,11,4,14,4,12,3,0,0,0,0,141,29,163,55,31,67,4,7,117,4,14,268,4,12,10,4,11,27,4,12,8,1,1,3,0,103,40,114,38,157
3316085181,1503558845567,1768,9,1,2,1,1,0,1,1,11,4,11,126,12,4,161,21,4,51,4,7,412,3,4,10,2,0,2,1,31,117,75,18,103,69,4,3,516,12,4,497,3,4,20,4,11,67,7,4,1,0,0,1,0,122,-1,29,23,57
3331507786,1504654420121,992,9,1,1,1,1,0,1,1,59,4,11,1,14,4,222,4,7,36,12,4,43,12,4,10,2,0,1,1,113,19,91,6,40,67,4,7,82,4,12,41,4,12,16,4,3,107,4,11,0,0,0,0,0,29,18,113,40,157
3329362688,1504484946223,210,9,2,1,0,0,0,0,0,238,4,14,497,3,4,21,7,4,78,7,1,23,12,4,0,0,0,0,0,11,17,18,31,1,201,11,12,136,12,3,28,4,11,14,14,4,498,4,7,0,0,0,0,0,268,266,-1,122,103
3284474001,1501446732342,2175,9,1,2,1,1,1,1,0,134,4,1,40,4,3,18,7,4,33,12,4,57,11,4,9,2,1,2,0,29,238,34,75,31,222,4,7,62,4,11,412,4,3,54,4,12,4,14,4,5,0,1,2,0,119,34,51,114,38
3287427849,1501668990843,3215,9,1,1,2,1,1,1,0,51,4,7,45,21,4,133,4,11,80,12,4,143,3,4,7,2,2,4,0,19,119,157,53,266,54,4,14,75,12,4,154,4,11,22,4,7,223,4,3,6,0,0,1,0,131,53,6,122,141
3262924776,1499980280353,2598,9,2,1,2,2,2,2,0,78,12,4,81,4,14,412,4,7,4,4,14,141,11,4,5,0,0,0,0,1,91,51,53,23,24,4,11,223,3,4,18,4,7,157,4,14,107,4,12,10,1,1,4,0,92,105,119,53,90
3260846861,1499856189019,3085,9,1,1,2,2,2,1,0,143,21,4,202,4,7,75,12,6,12,4,3,64,4,11,7,1,3,3,0,157,51,122,29,102,23,12,4,96,7,4,25,14,4,60,11,4,498,4,7,10,5,1,2,0,157,11,420,114,119
3330175550,1504561423377,1637,9,1,2,1,1,1,1,1,19,4,11,63,4,3,21,4,7,86,12,4,37,12,4,9,2,1,1,1,238,119,126,122,25,157,7,4,421,11,4,62,14,4,3,4,14,23,4,6,4,0,0,1,0,53,31,81,90,122
3302321643,1502654096018,2247,9,1,2,1,1,1,1,1,119,4,7,90,12,4,432,3,4,106,4,11,236,4,7,11,3,1,3,1,141,92,86,238,134,201,4,7,64,4,11,67,4,1,45,4,14,75,12,4,1,0,0,0,0,53,238,31,498,21
3313081217,1503340031139,1451,9,2,2,2,2,2,2,2,412,3,4,4,6,4,15,7,4,121,11,4,59,4,12,0,0,0,1,0,57,96,157,245,31,150,4,12,21,4,7,61,4,21,113,11,4,53,4,3,9,2,1,1,1,107,40,57,141,119
3288329763,1501705105886,1999,9,2,1,2,2,1,1,1,9,4,14,84,14,4,86,4,12,21,4,14,121,4,11,8,1,1,2,1,31,8,420,238,11,18,7,4,141,4,11,80,14,4,26,3,4,202,4,7,9,2,0,1,0,157,238,51,122,19
3324402749,1504138926431,1497,9,1,1,1,1,0,1,0,222,4,7,86,4,12,90,14,4,12,4,3,141,11,4,11,2,0,1,0,53,29,64,114,238,103,4,14,44,3,4,81,4,7,92,4,12,56,4,11,0,0,0,0,0,420,122,238,11,119
3270710728,1500484199250,2358,9,1,1,1,1,2,1,2,238,4,14,412,3,4,50,12,4,9,11,4,22,7,4,10,2,1,3,0,92,105,201,11,154,131,12,4,40,3,4,110,4,7,63,4,21,266,6,11,8,1,1,2,1,121,23,141,134,53
3250072329,1499112034943,2327,9,2,2,1,2,2,2,0,81,4,7,31,3,4,105,14,4,420,4,12,36,11,4,4,0,0,0,0,96,114,154,238,223,17,11,4,41,12,4,67,7,4,43,4,3,157,4,14,10,4,1,5,0,3,427,117,154,119
3329201921,1504471239319,2041,9,1,2,2,1,1,2,0,117,3,4,96,4,7,31,11,4,105,12,4,24,4,12,8,1,1,1,0,40,154,113,51,29,38,12,4,420,12,4,141,11,4,498,4,7,412,4,14,6,0,0,2,0,53,64,122,40,238
3301614025,1502626849938,2401,9,2,2,2,2,2,2,1,22,7,4,161,4,3,45,21,4,78,4,12,141,4,11,6,0,0,0,1,119,64,5,6,91,131,11,4,133,12,4,16,4,7,18,4,7,4,4,14,8,2,2,4,0,238,75,105,80,157
3327934727,1504394875395,2451,9,1,2,1,1,2,2,0,157,14,4,45,4,12,96,4,21,497,4,7,20,4,11,11,2,1,2,0,105,57,31,29,40,19,11,4,59,12,4,103,14,4,15,4,7,117,4,3,5,0,1,2,0,154,121,29,31,18
3329912148,1504546868506,2131,9,1,1,1,1,1,1,1,84,12,4,79,11,4,90,12,4,29,7,4,89,3,4,9,2,2,2,1,16,114,40,117,18,432,4,3,96,4,7,134,4,14,106,11,4,157,4,12,2,0,0,1,0,16,18,40,113,141
3321568765,1503949059998,1813,9,2,2,1,2,1,2,0,105,4,12,516,4,12,222,3,4,76,11,4,63,4,14,3,0,1,1,0,40,11,141,117,203,421,11,4,236,7,4,133,7,4,412,4,3,25,14,4,10,2,0,1,0,29,31,114,141,117
3227161280,1497708339849,2417,9,2,2,1,2,2,2,0,5,4,11,161,4,7,223,4,3,105,12,4,81,4,7,5,0,1,0,0,3,7,154,51,498,92,4,12,40,3,4,15,7,4,48,4,11,126,7,4,11,3,1,5,0,117,114,122,3,157
3315275856,1503493175410,2244,9,2,1,1,2,1,2,0,44,3,4,157,12,4,131,4,7,67,4,7,5,4,11,6,1,1,1,0,141,24,23,16,53,104,4,11,41,12,4,29,7,4,89,4,3,84,14,4,8,1,0,3,0,86,141,119,31,238
3323047223,1504045001444,1922,9,2,1,1,2,2,1,1,412,3,4,57,4,11,41,4,12,18,4,7,4,6,4,7,0,0,3,1,16,75,150,40,114,69,4,1,117,4,3,29,4,7,48,4,12,31,11,4,7,1,1,0,0,59,114,38,53,40
3323028669,1504045356075,2257,9,1,1,1,1,2,2,0,163,4,3,107,4,11,58,12,4,89,4,14,236,4,7,9,2,0,1,0,119,40,157,8,19,68,12,4,29,4,7,32,4,11,497,3,4,238,12,4,6,0,1,2,0,55,8,412,11,122
3324660456,1504184332141,1540,9,2,2,2,2,2,2,2,69,4,21,31,11,4,429,7,4,201,4,3,240,12,4,2,0,0,1,0,122,20,57,516,238,412,4,14,11,4,11,96,4,7,41,4,12,61,4,21,8,1,1,1,1,57,40,497,157,122
3314123632,1503425459153,1065,9,2,1,2,2,0,2,1,117,3,4,29,4,7,103,21,4,102,14,11,54,4,12,0,0,0,0,1,75,40,59,119,80,91,4,14,51,7,4,412,4,14,131,12,4,421,11,4,7,1,0,1,0,19,16,40,24,31
3326643572,1504312109149,1529,9,1,1,1,0,0,1,0,90,4,14,498,4,7,412,14,4,23,12,4,141,11,4,7,0,0,1,0,75,122,157,31,92,20,4,11,429,4,7,267,4,3,105,4,14,48,12,4,0,0,0,0,0,33,96,40,18,11
3282132581,1501270877196,1694,9,1,2,1,1,1,1,1,238,14,4,64,4,11,15,4,7,84,12,4,25,4,3,11,3,1,3,1,51,40,119,157,50,55,4,14,18,7,4,59,4,11,114,4,12,45,4,3,0,0,0,0,0,154,81,119,31,113
3329420907,1504499679308,1578,9,2,2,2,2,2,2,2,420,4,12,48,4,11,16,4,3,45,4,21,51,7,4,1,0,0,0,0,11,99,105,18,119,21,4,7,157,14,4,412,3,4,59,4,12,56,4,11,11,2,1,3,1,35,238,122,90,29
3311514629,1503248003666,935,9,2,2,2,0,0,2,0,40,4,3,64,4,11,150,4,12,42,4,12,222,4,7,0,0,0,0,0,31,120,80,61,412,57,4,11,117,3,4,498,7,4,92,12,4,7,12,4,3,0,0,1,0,238,80,141,202,6
3318996873,1503754402816,2302,9,2,1,1,2,1,1,1,43,3,4,111,4,12,131,4,21,17,11,4,222,7,4,4,0,1,3,1,84,31,141,157,1,516,12,4,21,7,4,238,4,14,154,4,11,25,4,3,8,1,0,0,0,114,33,51,11,134
3289282292,1501790384201,1736,9,1,2,1,1,1,1,1,84,14,4,202,7,4,114,4,12,53,14,4,24,4,11,11,3,1,3,1,57,121,38,141,91,31,11,4,40,4,3,15,4,7,62,12,4,134,14,4,2,0,0,0,0,412,119,85,154,141
3277343908,1500970876010,1593,9,2,1,1,2,0,2,2,99,3,4,86,12,4,51,7,4,24,4,11,157,4,14,1,0,0,0,0,119,53,105,11,122,412,3,4,32,4,11,61,4,21,114,12,4,18,7,4,10,2,0,3,1,141,67,80,238,29
3329725046,1504537194795,1543,9,2,1,1,0,0,2,0,131,4,21,114,12,4,412,3,4,22,7,4,427,11,4,1,0,0,0,0,17,157,86,223,67,516,11,4,75,4,12,497,4,14,498,4,7,55,4,14,4,0,0,1,0,80,238,18,28,25
3228192574,1497739314490,1718,9,1,1,1,1,1,1,1,96,7,4,39,4,14,432,14,4,20,12,11,38,12,4,11,2,1,3,1,113,11,154,157,76,103,4,14,35,11,14,143,4,14,51,4,7,8,4,12,1,0,0,0,0,154,498,157,117,19
3261963021,1499897811248,1753,9,2,1,2,2,2,2,0,42,4,7,56,4,11,141,4,12,236,4,7,40,3,4,0,0,0,0,0,131,157,497,38,238,92,4,12,51,4,7,99,4,21,11,11,4,432,4,14,8,1,1,3,0,154,114,238,157,29
3329370898,1504484045482,1482,9,1,2,2,1,0,2,1,141,12,4,136,21,4,19,11,4,53,3,4,133,7,4,7,1,0,1,1,114,122,516,29,238,40,4,12,222,7,4,64,11,4,13,6,4,80,14,4,1,0,0,1,0,420,22,245,18,91
3329919521,1504548756517,1790,9,1,1,1,1,1,1,1,112,6,4,16,4,3,57,12,4,19,11,4,67,4,7,8,1,1,1,1,29,238,92,8,22,15,7,4,37,3,4,120,4,11,86,12,4,23,4,14,2,0,0,0,0,18,64,238,240,157
3305238764,1502832383637,1685,9,1,2,1,1,1,1,0,40,3,4,154,11,4,498,4,7,105,4,14,74,12,4,9,1,1,2,0,18,150,31,61,141,68,4,12,12,3,4,64,4,11,161,6,4,119,4,7,1,0,0,0,0,141,8,29,33,412
3220106341,1497230335106,1432,9,2,1,2,2,2,2,2,58,12,4,236,4,7,16,4,3,121,11,4,134,21,4,2,0,0,0,0,113,154,39,51,157,77,11,4,61,4,14,15,7,4,412,4,3,23,4,12,9,2,1,2,1,29,82,157,154,117
3311249403,1503238233307,2205,9,2,2,1,1,0,2,0,5,4,14,59,4,12,110,7,4,121,11,4,412,14,4,6,1,0,1,0,141,84,31,157,40,79,4,11,98,12,4,67,7,4,267,3,4,38,12,4,9,1,0,2,0,55,141,10,122,24
3255412141,1499483596107,1213,9,1,2,1,1,0,2,1,34,4,12,92,12,4,14,14,4,18,4,7,203,11,4,10,2,0,0,1,154,3,157,35,119,19,11,4,55,4,14,110,4,7,89,3,4,86,12,4,0,0,0,1,0,58,154,7,117,412
3327212749,1504353842429,2409,9,2,2,2,1,1,2,1,22,4,7,38,4,12,75,6,12,19,11,4,17,4,14,7,1,1,0,1,53,1,105,245,51,11,4,11,16,3,4,96,4,12,92,4,14,67,4,7,9,1,1,4,0,31,53,29,63,59
3330242338,1504563939258,2345,9,2,1,1,2,0,2,0,64,11,4,81,14,4,157,12,4,53,4,12,111,4,12,4,0,0,2,0,245,238,6,86,222,48,4,12,429,4,7,37,14,4,141,14,11,45,4,14,10,2,0,1,0,55,245,17,36,40
3311323757,1503239455599,2111,9,2,2,2,2,0,1,0,3,4,12,4,6,4,254,4,11,222,4,14,61,4,3,5,0,0,3,0,202,24,157,23,114,44,3,4,56,11,4,103,7,4,91,4,14,78,4,12,11,3,0,1,0,122,53,23,48,114
3325799946,1504259837492,2617,9,1,2,2,2,2,1,1,67,7,4,64,4,11,40,4,3,143,7,4,24,4,12,8,1,1,3,1,98,113,238,16,161,89,3,4,150,4,12,157,4,14,96,4,7,33,11,4,10,2,1,2,0,154,31,29,18,84
3311675251,1503256181170,1816,9,1,1,1,1,0,1,0,7,14,4,98,4,12,498,4,7,131,4,11,16,3,4,8,1,0,1,0,141,117,497,53,90,79,4,11,164,4,12,29,4,7,4,4,6,111,4,3,2,0,0,1,0,154,103,53,119,31
3290939471,1501933758204,1856,9,2,2,2,2,2,1,1,5,4,11,119,4,7,43,3,4,133,12,4,30,4,14,6,0,0,2,1,245,55,-1,157,238,24,4,12,105,14,4,51,7,4,154,11,4,26,4,3,7,1,1,1,0,53,157,45,92,29
3264122398,1500061107984,1616,9,1,1,1,1,0,1,0,18,4,7,86,4,12,143,4,14,61,14,4,72,11,4,10,2,0,3,0,53,74,122,114,11,55,4,14,157,4,12,81,7,4,79,4,11,63,4,14,0,0,0,0,0,51,122,201,67,19
3314219851,1503431714917,1403,9,1,1,1,0,0,1,1,1,14,4,32,4,11,22,4,7,89,14,4,122,4,12,7,0,0,2,1,238,40,412,119,157,131,12,4,164,4,12,79,4,11,16,4,3,67,4,7,1,0,0,0,0,141,90,31,117,38
3257537207,1499636266247,1564,9,1,1,1,1,1,1,0,236,7,4,98,4,11,43,3,4,1,4,14,114,4,12,10,2,1,2,0,157,122,99,51,154,24,14,4,20,3,4,13,1,4,113,11,4,67,4,7,0,0,0,0,0,64,498,58,103,122
3320815672,1503870020843,2173,9,1,2,2,1,1,2,2,22,7,4,90,4,14,150,4,12,33,4,11,117,4,3,11,3,1,3,0,59,105,11,63,154,32,11,4,98,4,12,1,3,4,18,4,7,115,21,4,3,0,0,1,1,222,53,67,238,92
3317181881,1503604392862,1439,9,1,1,1,1,0,2,1,17,4,12,117,4,3,105,14,4,31,11,4,67,4,7,6,1,0,1,1,14,21,238,516,53,35,14,11,80,4,12,63,4,14,498,4,7,497,4,3,0,0,0,1,0,2,157,23,29,53
3316174001,1503568861046,2473,9,1,1,2,1,2,2,1,84,4,7,154,4,11,110,4,7,267,3,4,98,4,12,8,1,0,2,1,157,516,67,18,75,55,14,4,102,14,11,133,4,14,412,4,14,498,7,4,7,0,1,3,0,105,54,516,31,16
3329356227,1504487229593,2676,9,2,1,2,2,1,2,0,79,4,11,69,4,14,92,12,4,22,4,7,40,3,4,6,0,1,2,0,31,53,29,157,99,412,4,12,119,4,7,23,4,12,141,11,4,45,21,4,11,4,0,2,0,11,122,201,114,51
3321428093,1503940812396,1756,9,2,1,2,1,2,1,0,55,4,14,254,4,11,412,3,4,119,7,4,23,12,4,6,1,0,3,0,64,38,154,113,31,90,12,4,18,7,4,267,4,3,115,4,3,32,4,11,9,1,1,0,0,29,122,28,238,117
3319162896,1503762116330,2340,9,1,2,1,1,1,1,0,222,7,4,412,4,3,91,14,4,82,12,4,79,4,11,9,2,1,3,0,119,18,8,238,497,37,4,3,86,4,14,77,11,4,236,7,4,3,21,4,5,0,0,1,0,122,157,134,516,119
3320771118,1503865534707,2172,9,1,2,1,1,2,1,1,23,1,11,111,14,4,21,7,4,103,4,1,82,4,12,11,2,1,4,1,39,122,63,119,245,89,4,3,99,4,14,18,4,7,85,4,12,79,4,11,2,0,1,0,0,122,498,157,53,51
3315327825,1503498782702,2058,9,2,1,1,2,1,1,1,53,4,3,62,4,14,28,4,11,498,7,4,157,14,4,7,0,2,1,1,40,11,67,18,64,141,4,11,267,3,4,163,14,4,51,7,4,150,4,12,9,2,0,2,0,40,11,254,57,117
3328391768,1504448570237,2071,9,2,2,2,2,2,2,0,154,4,11,98,4,12,117,3,4,99,21,4,222,4,7,2,0,0,0,0,17,122,29,5,18,202,7,4,61,4,12,60,4,11,516,4,12,201,3,4,8,2,1,2,0,29,8,67,114,122
3292160098,1502017594154,1876,9,1,1,2,1,1,1,2,222,4,7,91,14,4,17,4,12,57,4,11,223,4,3,9,2,1,2,0,103,51,157,24,23,35,11,4,163,4,3,75,4,12,67,7,4,26,4,3,2,0,0,0,1,23,141,157,41,53
3302218014,1502652643145,1564,9,1,2,1,1,0,2,1,43,14,4,164,12,4,113,4,11,29,4,7,90,4,12,11,3,0,2,1,24,117,53,-1,7,74,4,1,498,21,4,64,11,4,40,4,7,84,4,12,2,0,0,1,0,-1,96,38,19,141
3328167011,1504436372913,851,9,1,1,1,1,0,0,0,161,1,4,91,4,14,64,4,11,96,4,7,412,4,14,8,1,0,0,0,38,18,429,12,40,69,6,4,60,11,4,516,12,4,117,4,7,67,4,21,0,0,0,0,0,429,29,113,126,497
3292490507,1502034811667,1508,9,2,2,2,2,2,2,2,105,4,14,222,4,7,68,12,4,44,4,3,266,4,11,0,0,0,0,0,24,122,31,99,61,161,3,4,53,14,4,23,12,4,57,4,11,202,7,4,11,3,1,1,1,31,6,29,67,122
3321212892,1503927311655,1418,9,2,1,2,2,2,2,0,266,12,4,427,4,11,79,4,3,91,4,14,429,4,7,1,0,0,0,0,157,114,11,55,238,59,11,4,92,4,12,45,4,21,26,4,3,67,4,7,11,2,1,2,0,141,53,61,119,516
3292254097,1502022595391,1903,9,1,2,2,1,1,1,0,267,4,3,29,7,4,1,4,14,27,4,12,56,4,11,8,1,1,3,0,117,51,238,157,31,222,4,7,412,3,4,61,4,6,75,4,12,11,11,4,4,0,0,1,0,114,31,119,498,64
3324308100,1504131873567,1747,9,1,1,2,1,0,1,0,150,4,12,141,4,11,412,3,4,105,4,14,18,4,7,10,3,0,2,0,498,157,57,31,122,26,4,3,51,7,4,92,12,4,63,3,4,59,4,11,1,0,0,0,0,238,21,516,67,432
3290415717,1501871313231,1268,9,2,1,2,0,0,2,2,18,7,4,23,4,12,4,3,4,113,4,11,79,4,14,1,0,0,0,0,11,119,75,38,141,222,7,4,238,4,14,20,11,4,12,3,4,90,4,12,7,0,0,2,1,57,40,31,154,103
3281778147,1501251687574,1603,9,2,1,2,2,0,2,0,22,4,14,91,4,11,85,4,12,134,7,4,201,4,3,1,0,0,0,0,51,8,67,84,5,42,4,21,83,12,4,36,11,4,53,3,4,222,7,4,9,1,0,3,0,238,121,51,17,18
3331587424,1504687747790,2059,9,1,2,2,1,1,2,1,79,4,11,16,3,4,222,7,4,24,4,12,157,4,3,9,2,1,1,1,60,114,117,18,31,15,7,4,61,3,4,6,12,4,44,4,3,76,4,11,2,0,0,2,0,23,-1,18,119,40
3327418568,1504363964878,1299,9,2,2,2,2,0,2,2,516,4,12,222,7,4,34,12,4,80,11,4,117,4,3,0,0,0,0,0,64,122,40,31,105,164,12,4,24,4,11,3,12,4,48,3,4,29,4,7,9,2,0,1,1,119,134,113,114,18
3320801184,1503868463052,1732,9,2,1,2,2,1,2,1,23,4,6,85,4,3,29,4,7,39,14,4,11,11,4,2,0,1,1,1,238,24,17,134,141,412,4,3,4,4,3,222,7,4,54,4,12,59,11,4,8,2,0,2,0,64,31,238,157,6
3302334701,1502655727519,194,9,1,1,0,0,0,0,0,53,14,4,90,4,3,31,4,11,15,4,7,240,4,12,0,0,0,0,0,11,122,75,201,51,141,11,4,43,3,4,2,4,12,222,3,4,25,7,4,0,0,0,0,0,105,114,103,35,17
3318752805,1503714538401,1731,9,2,1,2,2,2,2,2,8,4,12,157,3,4,497,14,4,429,7,4,203,11,4,4,0,0,0,0,18,40,29,113,141,412,4,14,64,11,4,90,4,3,54,4,12,498,7,4,10,2,1,3,1,29,141,516,119,40
3323085768,1504048442067,1841,9,1,2,1,1,1,1,0,267,3,4,157,4,14,77,11,4,78,4,12,498,7,4,11,4,1,2,0,238,29,110,8,122,51,4,7,13,6,4,107,4,11,516,4,12,40,4,3,2,0,0,1,0,245,7,19,119,31
3323376818,1504098855804,1528,9,2,2,2,2,2,1,2,113,4,11,202,7,4,41,4,12,63,4,3,103,4,1,1,0,0,1,0,1,122,16,29,141,67,4,7,99,4,14,40,4,3,24,12,4,62,11,4,7,1,1,1,1,141,31,53,8,119
3328829396,1504458094524,1809,9,2,1,2,2,0,2,0,31,6,4,161,4,12,29,4,7,37,14,4,10,4,11,0,0,0,0,0,238,122,141,75,11,20,11,4,18,4,7,117,4,3,245,12,4,68,12,4,10,2,0,3,0,105,114,57,141,157
3325872349,1504265750214,1791,9,2,2,2,2,2,2,2,131,14,4,18,4,7,497,3,4,23,4,12,36,11,4,3,0,0,1,0,40,134,11,245,114,35,11,14,75,12,4,201,3,4,236,4,7,69,14,4,10,3,1,2,1,31,67,154,90,122
3258731497,1499715911315,1151,9,1,1,1,0,0,0,0,76,11,4,24,12,4,29,4,7,99,4,21,111,4,3,2,0,0,0,0,84,53,5,498,412,61,11,4,1,4,3,105,14,4,59,4,12,107,11,4,0,0,0,0,0,150,238,157,25,420
3324309660,1504132558383,2235,9,1,1,1,1,1,1,1,157,4,12,7,14,4,16,3,4,141,11,4,21,4,7,11,3,1,2,1,29,117,412,122,31,96,7,4,78,12,4,3,14,4,44,3,4,121,4,11,2,0,0,0,0,238,57,11,40,29
3295942537,1502262958939,1346,9,2,2,2,2,0,2,2,4,4,3,223,3,4,107,14,4,35,11,14,119,7,4,0,0,0,0,0,7,157,64,266,141,5,4,11,164,4,12,412,4,3,42,4,7,90,4,14,11,2,0,2,1,498,18,51,238,85
3321161717,1503923614650,1700,9,2,2,1,0,0,1,0,75,4,12,76,4,11,4,14,4,89,3,4,104,4,7,5,0,0,2,0,157,92,117,141,40,67,7,4,114,12,4,53,3,4,42,4,12,113,11,4,5,0,0,1,0,497,119,122,238,40
3280537806,1501167969794,1661,9,2,2,2,2,2,2,2,497,4,3,18,7,4,164,4,12,103,14,4,32,11,4,4,0,0,1,0,11,35,122,38,119,202,4,7,412,4,3,41,4,12,39,4,11,112,4,6,9,2,1,1,1,21,51,122,92,154
3313716828,1503404984267,1099,9,2,2,2,2,0,0,0,57,12,4,412,4,14,163,7,4,120,6,11,119,7,4,0,0,0,0,0,113,40,157,67,31,54,4,12,5,11,4,96,4,7,43,4,3,112,6,4,11,3,0,0,0,18,117,7,114,31
3324871055,1504196447044,1001,9,2,2,2,0,0,2,0,19,4,11,17,12,4,90,4,14,412,3,4,429,4,7,0,0,0,0,0,29,91,23,122,67,238,4,14,150,4,12,21,7,4,11,4,11,53,4,3,4,0,0,2,0,245,498,516,86,105
3309545391,1503136437255,1852,9,1,1,1,1,1,2,1,61,4,21,16,4,3,67,4,7,120,6,11,57,4,12,10,2,1,1,1,141,113,29,122,11,103,14,4,121,4,11,18,4,7,106,12,4,432,4,14,4,0,0,2,0,117,40,51,114,238
3324351858,1504133325645,2079,9,1,2,2,1,1,1,1,35,11,14,412,14,4,79,14,4,29,7,4,17,6,12,8,2,1,2,1,202,59,238,53,122,32,11,4,201,4,3,99,4,21,57,12,4,51,4,7,4,0,0,0,0,105,157,114,11,6
3239625383,1498470342497,1441,9,1,2,1,1,0,1,2,202,4,7,92,12,4,412,14,4,101,12,4,64,11,4,11,1,0,2,0,117,157,38,498,154,12,4,3,119,7,4,114,4,12,121,4,11,61,21,4,2,0,0,0,1,131,11,157,122,55
3237700018,1498336671471,1757,9,2,2,2,2,0,2,2,17,4,12,53,4,14,126,11,4,143,21,4,498,4,7,3,0,0,1,0,23,238,154,61,157,412,4,3,9,3,4,45,4,12,77,11,4,67,7,4,11,3,0,1,1,119,38,238,11,79
3329313880,1504479342597,2294,9,2,1,1,2,1,2,0,89,4,3,103,3,4,79,4,11,15,7,4,105,4,12,3,0,1,0,0,516,19,238,412,121,114,12,4,154,4,11,134,6,4,18,7,4,53,14,4,9,2,1,3,0,55,150,51,23,141
3316943715,1503593182744,1640,9,2,1,2,2,0,2,2,2,12,4,202,4,7,53,4,14,11,11,4,41,12,4,0,0,0,0,0,119,154,516,122,141,64,4,11,39,12,4,236,7,4,99,21,4,201,4,3,11,4,0,3,1,114,498,516,17,238
3271417512,1500558120271,1611,9,1,1,1,1,0,1,1,21,4,7,5,4,11,12,4,3,25,21,4,86,4,12,8,1,0,3,1,51,22,157,17,11,24,12,4,141,11,4,143,3,4,99,12,4,18,7,4,0,0,0,0,0,420,122,245,23,157
3328921177,1504458297496,196,9,2,1,0,0,0,0,0,51,7,4,164,12,4,245,4,12,5,11,4,223,3,4,0,0,0,0,0,240,238,11,31,53,29,7,4,41,12,4,24,11,4,69,6,4,43,3,4,0,0,0,0,0,157,11,40,122,134
3318675314,1503707351135,1468,9,1,1,1,1,1,1,0,121,4,11,44,3,4,51,4,7,103,4,14,59,12,4,10,2,1,2,0,31,516,117,134,29,41,4,12,98,4,12,222,4,7,267,3,4,141,11,4,0,0,0,0,0,497,18,40,29,157
3312778382,1503330321125,1811,9,1,2,1,1,1,1,0,24,4,11,126,4,12,18,7,4,105,4,14,117,4,3,10,2,1,2,0,141,11,40,7,37,245,14,4,222,7,4,107,11,4,80,12,4,111,3,4,0,0,0,0,0,67,29,10,2,40
3322866694,1504035735712,1649,9,2,1,2,2,2,2,0,98,4,12,92,14,4,120,4,11,412,14,4,202,4,7,2,0,0,0,0,6,67,53,90,25,18,4,7,99,4,3,55,4,14,36,4,11,223,12,4,7,2,1,2,0,40,31,238,105,53
3292438045,1502034151367,2447,9,2,1,2,1,2,2,0,12,4,3,84,4,3,17,6,12,29,11,4,110,4,7,5,1,1,1,0,154,141,51,4,238,61,4,7,2,4,3,122,12,4,103,3,4,19,6,11,9,1,1,4,0,157,-1,143,27,3
3331033209,1504624415453,1670,9,2,2,2,2,2,2,2,96,4,7,26,4,3,92,4,12,76,11,4,131,4,12,3,0,0,0,0,33,31,38,57,40,78,4,12,91,14,4,267,3,4,121,4,11,18,4,7,10,1,1,3,1,33,40,117,31,113
3331016266,1504624937366,2239,9,1,2,1,1,1,2,0,57,4,11,86,4,12,44,4,3,101,12,4,15,7,4,7,2,1,0,0,67,119,29,16,238,497,14,4,498,7,4,69,6,4,58,4,12,64,11,4,7,1,0,3,0,29,122,516,31,154
3326039155,1504277508106,1659,9,1,2,1,1,1,2,2,55,14,4,18,4,7,497,3,4,121,4,11,133,3,4,11,2,1,1,0,40,117,157,105,141,92,12,4,107,4,11,37,4,3,103,4,14,21,4,7,1,0,0,2,1,117,31,90,238,157
3312234218,1503313711414,1872,9,1,1,1,1,0,1,0,18,7,4,107,12,4,161,4,14,121,11,4,89,14,4,9,2,0,2,0,90,157,238,23,81,22,4,7,25,3,4,141,4,14,131,4,11,240,4,12,2,0,0,0,0,51,429,114,157,19
3302608699,1502670195155,1536,9,2,2,2,2,0,2,0,59,4,11,29,4,7,157,12,4,61,21,4,111,4,3,1,0,0,0,0,119,134,238,57,53,1,14,4,92,4,12,12,3,4,67,4,7,64,11,4,9,1,0,2,0,18,119,31,122,57
3297747252,1502393288041,1212,9,2,2,2,2,0,2,2,64,4,14,202,7,4,236,12,4,25,4,3,121,4,11,0,0,0,0,0,134,122,141,31,154,18,4,7,53,4,3,112,4,14,150,4,12,19,11,4,8,1,0,2,1,11,91,157,8,35
3280954399,1501191596604,2099,9,1,2,2,1,2,1,0,36,12,4,61,4,6,57,4,11,29,7,4,117,4,3,9,2,0,2,0,67,64,10,11,31,202,7,4,412,14,4,126,4,12,79,4,11,4,6,4,7,0,1,1,0,40,113,154,31,55
3284702881,1501456757416,1252,9,1,1,1,1,0,1,1,102,4,11,3,4,3,6,7,4,240,4,12,91,4,14,9,2,0,2,1,96,157,55,24,119,141,11,6,92,4,12,412,4,3,8,6,4,429,4,7,1,0,0,0,0,17,157,64,105,154
3266578967,1500219064071,1803,9,1,2,2,2,2,1,2,157,4,3,64,4,11,29,4,7,412,4,14,26,4,14,7,1,0,2,0,114,126,14,141,8,161,7,4,131,4,11,51,7,4,41,3,4,201,4,3,8,1,1,1,1,105,55,33,38,238
3324089575,1504120335668,1220,9,2,2,2,2,0,2,0,157,4,12,245,4,12,32,11,4,16,4,7,222,4,21,0,0,0,0,0,75,119,31,29,40,81,4,3,35,14,11,412,3,4,18,7,4,85,4,12,11,3,0,2,0,29,141,91,24,238
3329116324,1504467165925,1725,9,1,2,1,1,0,2,1,3,4,12,115,4,7,121,4,11,21,4,7,25,4,3,6,1,0,1,1,67,266,11,245,157,33,4,11,43,4,14,114,12,4,111,4,3,498,4,7,2,0,0,1,0,141,53,24,37,432
3322518101,1504015646403,1664,9,1,2,1,1,0,2,1,11,4,11,41,4,12,157,14,4,110,7,4,412,14,4,10,2,0,1,1,69,141,33,516,40,432,4,3,111,11,4,150,14,4,90,4,6,222,7,4,0,0,0,1,0,64,10,39,238,57
3311008407,1503223065042,1856,9,2,1,1,2,2,1,1,117,14,4,122,4,6,96,7,4,90,6,4,421,4,11,3,0,0,3,1,31,113,154,33,119,222,4,7,103,4,14,420,4,12,427,11,4,40,4,3,9,2,1,0,0,61,29,10,114,59
3318854199,1503742415481,1819,9,1,2,2,1,1,2,0,119,4,7,112,4,7,154,4,11,25,3,4,74,4,12,7,1,1,1,0,113,53,92,157,29,412,4,14,79,11,4,30,12,4,28,4,14,15,7,4,3,0,0,2,0,31,29,117,40,38
3328969187,1504460727539,1973,9,2,2,2,2,2,2,0,99,6,4,432,3,4,154,11,4,31,12,4,29,4,7,4,0,0,1,0,40,35,90,11,157,20,11,4,17,12,4,39,4,14,18,4,7,161,3,4,8,1,1,3,0,412,22,64,91,122
3323310095,1504096131897,2330,9,2,2,2,2,0,2,2,64,11,4,68,12,4,37,4,3,222,7,4,103,4,14,5,0,0,1,0,134,51,53,17,157,126,14,4,498,4,7,150,12,4,45,4,3,28,11,4,9,2,0,3,1,40,141,11,53,122
3327232002,1504353920111,2962,9,1,1,2,2,2,2,0,412,4,7,29,4,7,101,21,4,113,11,4,39,4,12,8,1,1,0,0,84,122,24,157,67,41,4,21,21,4,7,154,11,4,126,12,4,37,4,12,9,4,2,3,0,89,53,105,11,516
3329225781,1504472842931,978,9,2,2,2,0,0,2,0,9,4,11,37,4,3,61,7,4,122,12,4,67,7,4,1,0,0,0,0,113,17,141,51,420,38,4,12,412,4,3,120,6,11,202,7,4,150,4,12,3,0,0,1,0,90,18,113,40,29
3314120342,1503427857523,1271,9,2,1,2,2,0,2,0,114,4,12,157,4,14,29,4,21,40,7,4,16,11,4,0,0,0,0,0,53,122,23,6,119,35,11,14,412,3,4,222,7,4,51,4,7,17,4,12,9,3,0,1,0,238,80,131,53,236
3319891799,1503838730997,2228,9,1,2,2,1,1,1,2,81,7,4,32,4,11,134,4,6,92,12,4,25,4,7,7,1,1,2,0,59,86,3,7,43,53,4,14,48,4,12,42,4,7,2,11,6,245,4,14,5,0,0,0,1,18,51,516,157,11
3329105398,1504466724652,2391,9,1,2,1,2,2,2,2,105,14,4,41,4,12,53,4,3,141,4,11,202,4,7,7,1,1,0,0,11,117,29,157,18,126,4,12,103,4,21,67,4,7,89,4,14,121,11,4,7,2,1,4,1,50,119,122,11,18
3217523210,1497098561405,1849,9,1,1,1,1,0,1,0,53,4,14,21,4,7,161,3,4,17,14,4,254,11,4,11,3,0,2,0,105,114,115,122,64,99,21,4,222,7,4,24,11,4,157,4,14,497,4,3,3,0,0,1,0,126,122,67,8,64
3324404696,1504140602801,2421,9,2,2,1,2,2,1,0,201,3,4,11,11,4,202,4,7,86,12,4,61,4,14,7,0,0,3,0,122,157,91,75,238,119,4,7,90,21,4,64,11,4,497,3,4,58,4,12,8,1,2,1,0,157,18,150,84,31
3311341779,1503239073213,1953,9,2,1,1,2,2,2,1,110,7,4,54,4,3,245,4,12,5,11,4,141,4,14,3,0,0,0,1,23,113,157,103,75,69,6,4,19,11,4,40,4,3,222,7,4,92,4,12,10,3,1,4,0,122,84,6,498,53
3324301661,1504129572599,2781,9,1,2,2,1,1,2,0,17,4,12,67,4,7,89,3,4,103,4,14,29,4,11,10,3,1,3,0,115,238,7,245,157,154,11,4,101,21,4,117,4,3,41,12,4,498,7,4,5,0,0,1,0,122,141,24,238,16
3245463246,1498836427537,2073,9,1,1,1,1,1,1,1,18,4,7,112,14,4,16,4,3,114,12,4,106,11,4,8,2,1,3,1,134,498,157,3,29,236,14,4,60,11,4,67,4,7,497,4,3,24,4,12,8,2,0,1,0,154,64,238,157,51
3322982179,1504040007541,1922,9,1,1,2,1,1,1,0,114,4,12,37,4,3,222,7,4,163,4,14,113,11,4,11,3,1,2,0,105,141,40,55,90,33,4,11,157,12,4,10,3,4,29,7,4,81,4,14,2,0,0,1,0,141,19,134,238,40
3238823607,1498418611347,1937,9,1,1,1,1,0,1,0,99,7,4,58,4,12,117,4,3,236,4,7,19,11,4,10,2,0,2,0,223,164,64,157,498,102,11,4,16,12,14,103,14,4,136,4,12,163,4,12,3,0,0,0,0,498,41,91,122,53
3326470533,1504299776103,1591,9,1,1,1,1,0,1,1,267,3,4,516,4,12,121,4,11,498,4,7,103,4,14,9,2,0,3,1,40,238,18,31,119,84,4,14,67,7,4,254,11,4,412,14,4,74,4,12,2,0,0,0,0,40,117,61,157,29
3289217223,1501788783604,2662,9,2,1,1,1,2,2,0,202,4,7,57,4,11,61,4,21,85,4,12,40,4,3,6,2,0,0,0,141,114,31,92,63,498,7,4,35,14,11,24,4,14,238,4,14,497,4,3,10,3,2,3,0,75,25,51,412,86
3328154771,1504435336178,2344,9,1,1,2,1,1,1,2,64,11,4,67,4,7,75,4,12,163,4,14,161,4,3,10,2,1,1,0,29,157,31,51,117,516,11,4,80,4,14,13,4,6,96,4,7,40,3,4,5,0,0,2,1,238,119,31,141,23
3283701809,1501375185208,1551,9,2,1,2,2,2,2,1,114,4,12,18,4,7,267,14,4,163,21,4,141,4,11,2,0,0,0,1,31,497,80,113,38,61,4,6,15,7,4,121,11,4,40,3,4,92,12,4,11,4,1,2,0,31,117,38,19,238
3215847043,1496981212684,1821,9,1,1,1,1,0,1,0,236,7,4,412,4,3,96,4,7,59,11,4,103,14,4,9,2,0,2,0,55,58,3,11,154,27,6,12,35,11,14,61,4,14,498,7,4,497,4,3,1,0,0,0,0,67,154,19,157,38
3329853113,1504544436912,1470,9,1,1,1,1,0,2,0,103,4,14,5,4,11,18,7,4,126,4,12,44,3,4,10,2,0,1,0,25,122,117,31,24,38,14,4,157,4,12,141,4,11,498,4,7,497,4,3,0,0,0,1,0,202,31,24,53,516
3329911889,1504546799123,2104,9,1,2,1,1,2,1,0,22,7,4,245,4,14,516,4,12,19,4,11,99,4,3,8,2,1,3,0,497,75,92,126,113,412,4,14,18,7,4,141,11,6,134,4,1,31,12,4,6,0,1,1,0,40,238,91,157,119
3324405600,1504141489832,2333,9,2,1,2,2,2,2,1,43,3,4,74,4,12,429,4,7,99,4,14,120,6,11,5,0,0,1,1,105,119,238,240,19,157,14,4,21,7,4,38,4,12,141,4,11,37,4,3,11,4,1,2,0,7,516,53,18,75
3255559369,1499513597068,2151,9,2,2,2,2,1,2,2,29,4,7,98,12,4,45,21,4,143,4,3,19,4,11,6,1,1,0,0,119,53,105,8,498,245,4,14,23,4,12,120,4,11,89,4,3,21,7,4,9,3,0,4,1,90,67,64,157,154
3274572674,1500762976441,1576,9,2,1,2,2,2,2,2,51,4,7,64,4,11,412,14,4,41,12,4,103,4,14,0,0,0,1,0,154,38,35,7,31,20,4,11,9,4,14,117,3,4,498,4,7,133,4,12,9,3,1,3,1,238,8,134,23,141
3320852747,1503872318541,1569,9,1,1,1,1,1,2,0,19,11,4,29,7,4,157,12,4,99,4,3,25,21,4,9,2,1,1,0,238,164,134,141,40,37,14,4,75,12,4,18,4,7,55,4,14,59,11,4,1,0,0,1,0,1,40,31,498,57
3299227155,1502482405563,2097,9,2,1,2,2,2,2,0,40,3,4,22,7,4,17,4,12,121,4,11,25,4,14,2,0,0,0,0,105,51,157,119,31,84,4,14,74,4,1,113,11,4,202,7,4,111,4,14,10,3,1,4,0,114,119,67,64,268
3309267150,1503095452597,2137,9,1,1,1,1,2,1,0,38,4,12,236,4,7,412,4,14,19,11,4,122,12,4,10,2,0,4,0,18,40,113,29,117,48,6,11,22,4,7,16,3,4,41,4,12,42,4,3,3,0,2,0,0,31,119,51,141,18
3287778098,1501695112144,2627,9,1,1,2,2,2,1,0,30,4,12,412,4,3,86,4,12,31,4,11,67,4,7,9,1,1,2,0,63,51,90,114,105,238,4,14,99,3,4,57,4,11,58,12,4,81,4,7,6,2,1,2,0,53,119,-1,103,75
3330020707,1504551924238,1690,9,2,2,2,2,0,2,0,23,4,12,117,4,11,84,4,14,222,4,7,223,4,3,2,0,0,0,0,157,238,113,19,114,516,11,4,72,12,4,412,4,3,115,4,12,81,7,4,10,1,0,2,0,238,53,31,40,18
3322393552,1504006995290,1470,9,1,2,2,1,1,1,2,98,4,12,201,3,4,26,1,4,59,11,4,119,7,4,8,1,1,2,0,18,19,157,16,131,51,7,4,25,14,4,4,6,4,84,4,12,64,4,11,2,0,0,0,1,29,38,53,24,11
3255623989,1499515676731,2173,9,1,1,1,2,2,1,2,154,11,4,3,4,3,27,12,6,67,4,7,163,4,21,10,2,1,3,0,122,157,240,63,92,8,4,6,202,7,4,12,3,4,19,11,4,74,4,12,8,1,1,1,1,119,114,157,11,134
3311502611,1503246967798,1531,9,1,2,1,0,0,1,2,113,4,11,31,12,4,67,7,4,432,14,4,163,21,4,5,0,0,2,0,141,122,10,18,105,112,6,4,236,7,4,48,4,12,154,4,11,40,4,3,0,0,0,0,1,122,39,238,29,141
3320953388,1503885968674,2227,9,1,2,1,1,1,1,1,99,14,4,19,11,4,9,7,4,39,4,12,236,4,7,10,1,1,4,1,83,8,25,21,122,119,7,4,103,14,4,17,4,14,23,12,4,24,4,11,2,0,0,0,0,53,420,54,157,75
3325688182,1504226128864,2466,9,2,1,1,2,2,2,0,59,4,12,3,11,4,74,12,4,96,4,7,40,3,4,4,0,0,1,0,103,412,75,119,31,16,4,3,1,4,12,81,7,4,421,4,11,115,4,21,9,1,1,4,0,119,238,53,122,141
3265489144,1500149284929,2884,9,2,2,2,2,2,1,0,19,11,4,412,3,4,45,21,4,51,4,7,75,4,12,8,2,1,4,0,141,164,154,157,53,21,4,7,42,4,3,266,4,12,29,11,4,12,3,4,9,3,1,1,0,-1,25,53,122,114
3316177393,1503571269649,1661,9,2,2,1,2,2,2,2,412,4,14,154,4,11,222,4,7,57,4,12,69,6,4,1,0,0,0,0,40,117,18,7,29,245,4,14,202,4,7,16,3,4,90,4,12,31,11,4,10,2,1,3,1,113,29,238,516,18
3324096268,1504119553503,1814,9,2,2,2,2,0,2,1,63,14,4,105,14,4,96,4,7,141,4,11,122,4,12,1,0,0,0,1,16,157,11,33,8,25,14,4,18,7,4,67,4,12,112,6,4,36,4,11,11,3,0,2,0,38,134,119,17,40
3271997516,1500571935634,1873,9,1,2,1,1,0,2,2,266,4,12,497,14,4,90,12,4,498,4,7,107,4,11,6,1,0,2,0,55,238,117,103,157,81,4,7,3,14,4,24,11,4,23,4,12,61,14,4,2,0,0,1,1,121,21,157,114,119
3320856717,1503873969063,1868,9,2,1,2,2,2,2,0,59,4,12,18,7,4,497,3,4,28,11,4,61,4,21,3,0,0,1,0,29,429,53,113,38,245,12,4,76,4,11,37,14,4,51,4,7,3,12,4,10,2,1,2,0,40,117,92,29,141
3328256028,1504442295132,1629,9,2,1,1,2,0,2,0,114,12,4,105,4,14,497,3,4,64,11,4,498,4,7,1,0,0,0,0,55,119,141,51,58,22,4,7,90,3,4,2,11,4,38,4,12,516,4,12,7,1,0,3,0,119,53,7,63,24
3319443507,1503781092029,1753,9,1,1,2,1,1,2,1,64,4,11,18,7,4,150,4,12,143,14,4,53,4,3,9,1,1,1,1,55,31,154,33,429,126,12,4,29,4,7,117,4,3,4,4,6,11,4,11,3,0,0,2,0,40,31,6,19,136
3263400372,1500005260939,2450,9,1,1,1,1,2,1,0,19,11,4,27,6,12,412,3,4,7,12,4,202,7,4,9,1,0,3,0,154,51,29,157,-1,119,4,7,11,11,4,48,4,14,103,4,14,68,12,4,3,0,1,1,0,141,38,154,24,8
3305218710,1502831925636,3852,9,2,1,2,2,2,2,1,106,4,14,45,4,12,64,4,11,35,12,14,236,7,4,7,0,2,3,1,245,141,57,157,126,92,12,4,202,7,4,84,14,4,102,4,11,43,3,4,11,6,1,3,0,34,141,412,24,6
3241665607,1498590680443,194,9,1,1,0,0,0,0,0,498,4,7,75,12,4,19,11,4,115,21,4,89,4,3,0,0,0,0,0,67,51,119,58,157,62,12,4,18,7,4,74,4,14,29,4,11,43,3,4,0,0,0,0,0,202,23,92,105,154
3317027153,1503598795021,1931,9,1,1,1,1,1,2,0,60,4,11,122,12,4,498,4,7,497,3,4,105,4,14,8,2,1,2,0,16,67,11,18,40,53,14,4,222,4,7,50,4,12,141,11,4,161,4,3,1,0,1,1,0,90,29,57,117,134
3299896258,1502531033593,2101,9,1,1,1,1,1,1,0,115,7,4,15,4,7,25,4,3,11,14,4,141,4,11,11,3,1,3,0,54,53,202,105,157,245,11,4,268,4,21,1,4,3,86,12,4,498,7,4,1,0,0,0,0,24,61,53,51,420
3329064282,1504464143358,2615,9,1,1,1,1,1,1,0,25,4,12,75,4,12,131,12,4,29,7,4,120,11,6,11,4,1,4,0,122,117,10,11,-1,236,7,4,111,4,3,20,12,4,35,11,4,163,4,3,2,0,0,0,0,157,31,105,238,114
3329474950,1504518575747,1410,9,1,1,1,0,1,1,1,59,14,4,96,4,7,238,4,14,141,4,11,92,4,12,7,0,1,1,1,61,90,31,117,126,102,4,11,497,3,4,119,4,7,516,4,12,69,4,21,2,0,0,1,0,113,29,34,40,18
3320262913,1503847310356,2211,9,2,1,2,1,1,2,2,429,7,4,7,4,14,107,11,4,75,12,6,412,4,3,6,1,1,1,0,103,18,67,141,238,117,4,3,133,14,4,79,11,4,29,7,4,61,4,1,7,1,1,3,1,114,122,238,40,31
3322828355,1504033692108,2503,9,1,2,1,1,0,2,0,64,4,11,41,12,4,17,4,14,90,3,4,133,7,4,10,2,0,2,0,157,105,-1,25,31,99,4,12,8,12,4,79,4,11,110,7,4,412,14,4,2,0,0,1,0,40,53,157,55,238
3330020820,1504551966086,1720,9,1,2,2,1,1,1,2,110,4,7,64,4,11,40,4,3,114,12,4,84,14,4,8,1,1,3,0,1,141,67,122,117,157,4,12,4,4,6,31,11,4,429,4,7,53,4,14,3,0,0,0,1,11,29,119,19,238
3273662002,1500678259766,2569,9,1,2,2,1,2,2,0,421,4,11,22,4,7,14,4,12,25,4,3,43,4,12,10,3,0,2,0,498,23,157,24,31,201,4,3,236,4,7,61,21,4,92,4,12,9,4,11,5,0,1,2,0,21,3,122,31,141
3297497019,1502378327505,2954,9,2,2,1,1,2,1,0,38,4,14,53,4,14,412,4,7,31,4,11,114,4,12,8,3,0,2,0,157,25,141,69,6,29,4,7,203,4,11,45,4,14,98,4,12,26,14,4,9,2,2,3,0,238,105,119,14,90
3314301286,1503432241230,1384,9,1,1,1,1,1,1,0,498,4,7,16,3,4,14,12,4,9,11,4,99,21,4,7,1,1,2,0,119,57,31,40,154,429,4,7,34,12,4,32,11,4,92,4,12,267,4,3,0,0,0,0,0,113,40,38,90,117
3322605051,1504020722972,1549,9,2,2,2,2,2,1,2,23,6,11,157,14,4,432,3,4,202,7,4,54,12,4,1,0,0,1,0,53,75,18,1,29,32,11,4,89,3,4,122,12,4,81,4,7,238,14,4,10,2,1,0,1,105,31,39,498,67
3305023437,1502825483684,1858,9,1,1,1,1,2,1,0,3,12,4,141,11,4,4,14,4,63,14,4,51,4,14,11,5,0,3,0,92,134,31,55,117,38,4,12,22,7,4,12,4,14,154,4,11,126,12,4,1,0,1,0,0,57,75,53,201,157
3266930174,1500238033352,2125,9,1,1,1,1,1,1,0,141,12,4,91,14,4,2,11,6,51,7,4,53,4,3,11,3,1,4,0,122,19,5,21,157,432,4,3,67,7,4,86,12,4,90,6,4,11,11,4,0,0,0,0,0,222,122,17,110,101
3317336045,1503614286527,1753,9,1,1,2,1,0,2,2,127,4,21,202,4,7,29,11,4,40,4,3,126,12,4,11,3,0,1,0,51,92,64,119,141,150,12,4,26,4,3,67,7,4,254,4,11,245,12,4,2,0,0,3,1,154,238,55,18,57
3321213833,1503927554918,1440,9,2,1,2,2,2,2,0,69,4,7,68,12,4,57,11,4,498,4,7,497,14,4,0,0,0,0,0,61,119,40,117,92,412,4,14,90,6,4,202,7,4,104,11,4,36,12,4,8,1,1,2,0,516,40,18,117,29
3330964678,1504621479215,1907,9,1,1,1,1,2,1,2,498,4,7,39,4,12,412,4,14,57,4,11,4,14,4,9,2,1,3,0,429,25,157,38,266,7,4,14,79,11,4,3,4,12,18,4,7,497,14,4,3,0,1,0,1,38,53,40,96,516
3325515231,1504212207401,1596,9,1,1,1,1,0,2,1,267,3,4,61,4,3,17,4,12,498,4,7,141,4,11,9,2,0,1,1,31,40,113,16,29,412,4,12,102,4,11,67,7,4,9,4,14,1,4,14,5,0,0,2,0,24,29,60,154,113
3326031480,1504275320479,2205,9,1,2,2,1,0,1,0,114,12,4,141,4,11,202,4,7,103,4,14,40,3,4,11,3,0,2,0,29,412,421,38,3,59,11,4,432,14,4,99,4,21,516,4,12,110,4,7,2,0,0,1,0,91,18,121,117,498
3327704056,1504380032800,1780,9,2,2,2,2,0,1,0,58,4,12,18,7,4,37,4,3,141,4,11,13,4,14,1,0,0,1,0,16,516,119,90,40,59,11,4,4,14,4,29,4,7,117,4,3,24,4,12,11,3,0,1,0,412,420,105,53,134
3319882068,1503838736211,1507,9,1,1,1,1,1,2,2,80,4,14,38,12,4,119,4,7,16,4,7,79,4,11,9,2,1,0,0,154,238,29,117,57,81,4,7,63,4,14,236,4,14,31,12,4,19,4,11,1,0,0,3,1,157,61,18,40,90
3321411210,1503938555956,1657,9,2,2,2,2,0,2,2,3,11,4,53,14,4,163,4,14,22,4,7,86,4,12,1,0,0,0,0,157,119,25,75,122,21,4,7,99,14,4,141,4,11,54,4,12,44,4,3,9,1,0,3,1,122,18,67,157,31
3326523374,1504303218207,1999,9,2,1,1,2,0,1,0,157,14,4,420,12,4,31,4,11,143,4,14,236,4,7,4,0,0,1,0,90,39,238,23,134,117,11,4,96,4,7,40,3,4,86,4,14,121,4,12,11,2,0,0,0,27,238,119,61,516
3293111692,1502053820173,2999,9,2,1,1,1,2,2,2,163,7,4,91,11,4,29,7,4,34,4,14,83,12,4,8,2,0,2,0,240,154,61,141,119,54,4,12,43,3,4,15,4,7,57,11,4,122,4,12,9,1,1,3,1,119,31,35,154,92
3317501429,1503632718505,1344,9,2,2,2,2,0,2,2,32,11,4,74,21,4,202,4,7,53,3,4,39,12,4,0,0,0,0,0,245,63,5,89,57,163,12,4,122,6,4,117,14,4,119,4,7,102,11,4,8,1,0,3,1,516,238,31,24,40
3246140577,1498853037134,2019,9,2,2,2,2,2,2,0,133,14,4,79,4,3,143,12,4,21,7,4,30,4,11,4,0,0,0,0,420,122,498,157,11,103,4,14,5,11,4,14,4,12,29,4,7,201,4,3,10,2,1,4,0,35,164,18,67,245
3238435055,1498402369190,1869,9,1,1,1,1,1,1,2,3,4,12,40,3,4,51,7,4,238,14,4,154,4,11,7,1,1,1,0,157,114,236,103,122,202,4,7,43,3,4,99,4,3,11,4,11,10,7,4,2,0,0,0,1,114,74,80,117,69
3280952452,1501190985377,1319,9,2,2,2,2,0,2,0,236,1,3,35,3,14,240,4,12,11,4,11,238,4,14,0,0,0,0,0,22,81,67,6,75,222,4,7,141,11,4,150,12,4,101,3,4,10,4,14,9,2,0,1,0,117,154,122,157,21
3325566950,1504215690764,2426,9,2,2,2,2,2,2,2,11,4,11,163,4,14,54,4,12,10,3,4,81,7,4,7,0,1,0,0,412,29,68,117,157,267,4,3,15,7,4,141,11,4,103,14,4,86,12,4,9,1,1,4,1,516,31,40,57,238
3321323875,1503933754221,2026,9,1,1,1,1,1,1,0,21,4,7,89,4,3,105,4,14,29,4,11,98,4,12,10,2,1,3,0,498,55,40,238,412,12,14,4,90,3,4,113,11,4,15,7,4,240,4,12,0,0,0,0,0,122,134,119,40,117
3326744186,1504342042234,2239,9,1,2,2,1,2,1,1,113,4,11,41,4,3,18,4,7,54,4,12,412,4,14,10,2,0,3,1,69,122,157,117,40,16,3,4,59,12,4,21,7,4,9,4,14,141,4,11,8,1,1,1,0,53,266,157,51,75
3322832637,1504032180467,2228,9,1,2,1,1,0,2,0,92,12,4,99,14,4,110,7,4,19,4,11,37,3,4,10,2,0,0,0,105,122,40,67,31,86,12,4,202,4,3,53,4,3,245,14,4,102,4,11,3,0,0,2,0,25,427,17,91,122
3227420597,1497720102886,1554,9,1,2,2,1,0,1,0,122,4,12,236,7,4,9,21,4,25,4,3,32,4,11,5,1,0,2,0,86,11,105,17,238,53,3,4,23,12,4,104,11,4,157,4,14,222,4,7,3,0,0,0,0,154,105,238,84,51
3327461252,1504364699659,2063,9,1,1,2,1,2,2,0,245,4,12,43,4,12,106,11,4,67,7,4,497,4,14,7,1,0,2,0,122,119,59,28,157,64,11,4,58,4,12,16,3,4,18,4,7,55,4,14,4,0,1,2,0,141,238,154,31,516
3324874108,1504197365112,1532,9,1,2,1,1,0,1,1,15,7,4,267,4,3,23,12,4,157,4,14,82,11,4,10,1,0,3,1,7,29,-1,75,31,53,4,3,35,11,14,38,14,4,498,7,4,240,4,12,0,0,0,0,0,5,86,126,-1,254
3317430286,1503629269846,1874,9,2,1,2,2,2,2,2,20,4,11,103,21,4,412,4,14,119,7,4,516,4,12,1,0,0,0,0,75,201,11,51,18,53,14,4,82,7,4,105,4,14,19,4,11,36,12,4,9,2,1,3,1,141,157,22,51,18
3321180588,1503923440363,1294,9,1,1,1,1,0,1,0,7,12,4,67,7,4,157,14,4,64,11,4,412,3,4,9,1,0,2,0,19,84,31,420,53,40,4,3,54,4,12,105,4,14,21,4,7,79,4,11,0,0,0,0,0,19,238,29,154,31
3324208965,1504125800035,1812,9,1,2,2,1,1,1,0,141,4,11,3,4,12,22,4,7,99,4,3,245,4,14,9,2,1,3,0,157,412,45,53,29,1,14,4,11,4,11,89,4,3,17,12,4,150,4,7,4,0,0,0,0,63,136,64,81,119
3320915756,1503878393113,1931,9,2,2,2,2,0,2,0,134,6,4,141,4,11,17,12,4,223,3,4,51,7,4,1,0,0,0,0,64,238,122,53,57,63,4,14,24,4,11,21,4,3,112,14,4,35,12,14,8,2,0,3,0,119,164,157,11,31
3327950994,1504393903687,1903,9,1,2,2,1,0,1,0,102,4,11,43,4,14,236,14,4,8,12,4,67,7,4,11,2,0,3,0,157,161,53,498,238,81,4,14,25,4,3,54,4,11,202,7,4,86,12,4,4,0,0,0,0,141,31,134,238,157
3319252696,1503768417236,193,9,1,0,0,0,0,0,0,26,4,12,131,4,12,119,4,7,412,14,4,103,4,14,0,0,0,0,0,53,114,498,420,238,121,4,11,37,3,4,254,4,12,18,7,4,42,4,7,0,0,0,0,0,17,122,157,238,67
3307754087,1502997877537,1724,9,1,1,2,1,1,1,0,203,4,11,238,14,4,18,7,4,37,3,4,75,4,12,11,3,1,3,0,8,40,117,7,498,38,4,12,64,11,4,15,4,7,497,4,3,54,12,4,2,0,0,0,0,57,141,119,31,131
3329820871,1504541478906,1639,9,1,1,1,1,2,1,1,1,4,14,6,12,4,429,4,7,12,4,3,203,4,11,8,1,0,2,1,23,154,31,122,238,27,12,6,79,11,4,81,7,4,40,3,4,498,14,4,2,0,1,0,0,113,-1,141,16,122
3276290289,1500907177631,1670,9,1,1,2,1,0,1,0,412,4,14,122,4,12,7,14,4,21,4,7,113,11,4,11,3,0,2,0,51,141,157,38,119,202,4,7,83,4,12,40,4,3,61,4,21,56,11,4,1,0,0,0,0,31,119,27,238,51
3314203294,1503429181607,2614,9,1,1,1,1,1,1,0,22,4,7,122,4,12,245,4,12,31,4,11,89,4,14,9,2,1,4,0,119,38,25,86,57,105,4,11,99,4,14,37,4,3,92,12,4,18,4,7,6,0,0,0,0,67,157,86,53,238
3322341933,1504000999683,1533,9,2,2,2,2,0,2,0,14,12,4,154,4,11,143,4,3,157,14,4,110,4,7,0,0,0,0,0,29,6,114,141,119,103,14,4,12,3,4,21,7,4,126,4,7,121,4,11,10,2,0,2,0,53,122,6,31,238
3324045672,1504116637262,1457,9,2,2,2,2,2,2,0,7,14,4,37,3,4,18,7,4,114,4,12,141,11,4,1,0,0,0,0,238,58,84,157,119,133,14,4,223,3,4,77,11,4,103,14,4,67,4,7,11,3,1,3,0,51,24,29,150,91
3268882273,1500388770110,1814,9,2,2,2,2,0,2,0,412,4,3,498,4,7,41,4,12,19,4,11,1,4,14,0,0,0,0,0,33,141,24,134,157,61,4,14,29,4,11,161,4,3,55,14,4,236,4,7,9,2,0,1,0,3,114,154,141,157
3288988395,1501776057589,1672,9,1,2,1,1,0,1,1,121,11,4,245,4,14,24,4,12,51,4,7,117,4,3,9,1,0,3,1,107,238,134,143,6,236,4,7,141,14,4,157,14,4,164,12,4,120,11,6,2,0,0,0,0,114,57,122,62,119
3325094032,1504206265889,1805,9,1,2,1,1,0,1,1,62,4,12,29,21,4,31,11,4,245,12,4,40,4,3,9,1,0,2,1,38,53,96,119,91,67,4,7,44,3,4,141,11,4,1,6,4,86,4,12,4,0,0,2,0,57,84,41,18,53
3318818090,1503739535160,1363,9,2,1,2,0,0,2,0,15,7,4,24,11,4,12,4,3,13,4,12,98,12,4,1,0,0,0,0,238,11,113,18,134,23,4,14,429,7,4,154,4,11,38,14,4,44,4,3,5,0,0,2,0,67,29,141,157,238
3329582828,1504527372542,2601,9,1,2,2,1,1,2,2,57,12,4,30,21,4,64,11,4,15,7,4,223,3,4,11,3,1,4,0,16,122,67,141,31,99,4,21,25,3,4,105,4,12,98,11,4,51,7,4,6,0,0,1,1,238,40,107,122,59
3325671628,1504221617544,1990,9,1,1,1,0,0,1,2,106,4,11,79,14,4,34,12,4,63,14,4,117,7,4,4,0,0,3,0,69,238,53,18,64,254,11,4,98,4,12,516,4,3,103,4,14,222,4,7,3,0,0,0,1,11,64,114,157,67
3268663830,1500372848062,2444,9,1,1,2,1,2,1,2,28,11,4,99,4,21,62,12,4,29,7,4,412,4,14,8,1,0,3,0,157,55,122,141,119,115,4,12,106,4,12,222,4,7,497,4,3,421,4,11,5,0,1,1,1,51,157,119,58,141
3270475529,1500472084417,1499,9,2,1,1,2,0,1,0,107,11,4,157,14,4,134,6,4,18,7,4,89,3,4,4,0,0,2,0,117,105,141,61,92,31,4,12,40,4,3,222,7,4,101,4,21,56,4,11,7,1,0,0,0,103,114,119,92,141
3324213603,1504124462796,2778,9,2,1,2,2,2,2,0,157,4,14,427,11,4,202,7,4,92,4,12,516,4,11,3,0,0,1,0,80,51,84,122,44,8,3,4,17,14,4,99,4,3,64,11,4,40,7,4,11,6,2,4,0,18,238,29,-1,103
3324346287,1504134939140,2103,9,1,2,1,1,2,2,0,141,4,11,75,4,12,115,4,21,15,4,7,16,4,3,11,3,0,2,0,29,31,157,105,238,26,4,3,119,4,7,163,4,21,58,4,12,19,4,11,3,0,1,2,0,412,114,40,131,154
3321143783,1503920745475,1979,9,2,2,2,2,2,2,0,107,11,4,41,12,4,412,4,14,57,12,4,29,7,4,3,0,0,0,0,18,31,141,79,40,113,4,11,497,4,3,498,4,7,157,4,14,84,12,4,9,1,1,3,0,80,18,105,117,40
3322753790,1504029465402,1847,9,1,1,1,1,1,1,0,119,7,4,131,14,4,432,4,14,120,6,11,122,12,4,9,1,1,3,0,238,498,105,40,141,62,4,11,202,7,4,516,12,4,61,4,12,99,3,4,0,0,0,0,0,238,29,150,67,31
3298350467,1502424027919,2146,9,2,2,1,2,2,2,1,222,4,7,133,4,3,245,4,12,64,4,11,37,4,3,6,0,0,3,1,157,412,114,164,53,16,4,3,7,14,4,67,7,4,5,4,12,19,4,12,7,1,1,1,0,1,150,157,141,29
3330920398,1504620130899,1702,9,2,2,2,2,2,2,2,72,4,11,117,4,3,202,4,7,92,4,12,245,4,12,0,0,0,0,0,154,136,40,29,238,134,4,6,150,12,4,412,14,4,51,4,7,79,4,11,11,3,1,3,1,57,16,143,33,141
3314278754,1503434950640,1930,9,1,1,1,1,1,1,0,24,4,12,236,4,3,412,4,3,18,4,7,57,11,4,10,2,2,4,0,83,40,154,31,157,120,6,11,75,4,14,268,12,4,67,7,4,12,4,14,5,0,0,0,0,40,126,29,38,119
3328051571,1504415527848,2198,9,1,1,2,2,2,1,0,55,14,4,31,12,4,67,7,4,412,4,14,64,11,4,7,1,1,3,0,497,141,154,40,38,51,4,7,8,4,6,57,4,12,26,4,3,516,4,11,6,1,1,0,0,61,40,121,29,117
3321662372,1503952553355,1747,9,2,1,2,2,0,2,0,64,11,4,22,4,7,40,4,3,24,12,4,4,21,4,1,0,0,0,0,103,141,67,8,516,157,3,4,14,4,12,36,11,4,432,4,3,15,4,7,7,1,0,2,0,114,18,122,412,201
3331397081,1504645576396,1424,9,1,1,1,1,0,1,1,19,4,11,51,7,4,23,4,12,117,4,3,35,4,14,11,3,0,3,1,11,114,119,238,55,236,4,7,12,4,3,64,11,4,39,4,12,222,7,4,1,0,0,0,0,412,11,141,29,-1
3318256490,1503699168128,2023,9,2,1,1,2,2,2,0,84,4,14,21,4,7,40,4,3,141,4,11,157,12,4,1,0,0,0,0,113,126,53,11,114,30,12,4,64,4,11,429,7,4,427,7,4,238,4,14,10,3,1,4,0,29,154,113,516,31
3311189610,1503234366270,1613,9,2,2,2,2,2,1,2,16,4,3,27,12,4,99,4,21,5,4,11,18,4,7,2,0,0,2,0,40,114,105,63,31,21,4,7,267,14,4,59,4,11,14,4,12,7,4,12,11,3,1,1,1,35,92,38,157,31
3321568034,1503948883188,1873,9,2,2,2,2,0,2,2,22,4,7,41,3,4,57,11,4,3,12,4,40,4,3,1,0,0,0,0,19,67,122,23,5,59,11,4,240,4,12,61,4,1,497,3,4,498,4,7,11,2,0,3,1,201,157,53,119,114
3323088524,1504049923998,1156,9,1,1,1,0,0,1,1,20,11,4,39,4,12,497,14,4,498,7,4,131,4,14,6,0,0,2,1,412,75,31,238,105,17,11,4,45,4,3,516,4,14,157,7,4,91,14,4,1,0,0,0,0,141,412,119,29,62
3287946091,1501697784404,3128,9,2,2,1,2,1,1,0,91,4,14,25,4,3,6,6,12,429,4,7,120,4,11,7,0,2,2,0,238,5,31,154,412,136,21,4,16,3,4,86,4,12,119,4,7,28,11,4,8,1,1,3,0,154,122,67,238,19
3305695928,1502843843678,1295,9,1,1,1,0,0,2,1,1,14,4,96,7,4,2,6,11,122,4,12,40,4,14,3,0,0,2,1,57,412,53,113,29,3,4,12,117,3,4,98,4,12,20,11,4,222,7,4,0,0,0,1,0,157,18,64,114,57
3245043364,1498789288092,2237,9,1,1,1,1,1,1,0,92,4,12,245,4,12,12,3,4,18,7,4,79,4,11,9,2,1,3,0,51,432,157,117,134,429,4,7,98,11,4,58,12,4,81,4,14,412,4,14,2,0,0,1,0,122,164,114,67,154
3329867415,1504545877172,2543,9,2,1,1,1,2,1,2,19,11,4,15,4,7,89,4,3,55,4,14,35,12,14,6,1,0,1,0,117,84,202,103,67,150,12,4,113,4,11,131,4,14,40,4,14,222,7,4,9,1,1,5,1,98,-1,238,157,67
3330069261,1504556399753,1358,9,2,2,2,2,2,2,2,67,4,7,111,3,4,84,4,14,516,4,12,72,4,11,1,0,0,0,0,58,51,99,90,53,31,11,4,80,4,14,13,12,4,117,3,4,236,4,7,7,1,1,2,1,157,75,119,24,141
3311434026,1503243793644,1969,9,1,2,2,1,0,1,1,42,4,21,11,11,3,29,7,4,41,3,4,99,3,4,9,2,0,2,1,114,133,69,119,238,39,4,12,18,4,7,9,4,3,141,11,4,90,4,12,1,0,0,1,0,154,157,16,113,6
3324256967,1504128231568,1321,9,1,1,1,0,0,1,0,53,4,3,18,4,7,92,14,4,64,4,11,4,4,6,6,0,0,2,0,157,238,122,3,16,67,11,4,57,12,4,30,4,21,25,3,4,202,7,4,0,0,0,0,0,6,16,17,40,238
3277063396,1500928814293,1603,9,1,1,1,1,0,1,1,67,7,4,117,4,3,103,14,4,5,4,11,86,4,12,9,2,0,3,1,122,19,157,141,90,56,4,11,38,14,4,420,12,4,202,4,7,44,3,4,1,0,0,0,0,134,53,80,29,31
3328004116,1504401233782,1923,9,2,2,1,2,1,2,2,202,4,7,35,11,14,61,4,21,164,4,12,43,4,3,4,0,1,1,0,113,238,141,18,117,497,4,3,236,14,4,154,4,11,29,4,7,8,4,6,9,1,0,2,1,31,40,141,18,23
3220049311,1497224260349,1819,9,2,2,2,2,0,2,2,157,4,12,29,7,4,79,11,4,143,4,3,38,4,12,0,0,0,0,0,498,105,120,58,154,236,4,7,48,4,12,40,3,4,121,11,4,61,4,14,11,4,0,2,1,154,122,92,117,67
3321993412,1503963660334,2166,9,2,1,1,2,1,1,0,68,12,4,35,14,11,412,4,3,18,4,7,236,21,4,3,0,1,3,0,11,141,238,75,114,92,4,12,33,4,11,432,4,3,498,4,7,163,4,14,10,2,1,1,0,28,16,31,59,157
3325673459,1504222645209,2797,9,1,1,2,1,2,2,0,13,12,4,497,4,3,254,4,11,38,14,4,429,7,4,11,3,0,2,0,23,238,11,157,96,141,4,12,498,7,4,161,4,3,103,14,4,35,4,11,5,0,1,2,0,11,122,238,157,114
3267119826,1500248702629,1847,9,1,1,1,1,1,1,1,60,4,11,58,4,12,497,3,4,61,4,14,119,7,4,11,4,2,2,1,154,141,79,20,51,3,4,12,59,4,11,412,14,4,202,4,7,38,12,4,2,0,0,1,0,498,121,150,126,154
3313528633,1503391284677,1770,9,2,1,2,2,2,2,0,429,7,4,136,4,12,412,4,3,64,4,11,57,12,4,0,0,0,0,0,105,92,16,122,55,236,4,7,432,14,4,34,12,4,141,4,12,113,11,4,10,2,1,2,0,29,40,105,31,-1
3326761867,1504341095864,918,9,1,2,1,0,0,1,0,113,4,11,5,12,4,245,1,4,119,4,7,16,3,4,7,0,0,1,0,17,31,157,121,40,117,3,4,69,14,4,67,7,4,33,11,4,75,4,12,0,0,0,0,0,105,24,122,157,64
3328290615,1504443137997,1771,9,1,1,1,0,0,1,0,236,4,14,222,7,4,117,4,3,6,12,4,31,11,4,7,0,0,2,0,498,40,24,122,105,12,3,4,60,4,11,126,4,14,202,7,4,68,4,12,0,0,0,0,0,53,57,498,103,122
3329177523,1504470555306,2180,9,2,2,2,2,2,1,2,42,4,7,30,4,3,127,4,12,64,11,4,143,4,14,4,0,0,2,0,120,238,141,84,91,105,4,12,420,12,4,104,4,11,48,3,4,18,4,7,10,3,1,1,1,15,-1,90,24,23
3330130367,1504559489431,1744,9,2,2,1,2,2,2,2,61,4,12,17,14,4,59,11,4,40,3,4,18,7,4,2,0,0,0,0,25,29,31,67,119,222,4,7,92,4,12,121,11,4,99,4,21,12,3,4,11,3,1,2,1,117,127,28,23,114
3313868601,1503414784257,2585,9,2,2,1,2,1,1,0,7,14,4,222,7,4,420,4,12,11,11,4,37,4,3,6,0,1,5,0,157,119,238,17,80,267,14,4,45,4,14,102,4,11,21,7,4,92,12,4,10,2,0,0,0,53,99,51,58,34
3243244573,1498680430489,2343,9,2,1,1,1,1,1,1,98,12,4,245,14,4,498,4,7,89,4,3,59,4,11,6,2,1,1,1,114,238,412,92,64,11,6,11,50,12,4,99,4,21,223,4,3,222,4,7,8,1,0,4,0,64,122,67,134,157
3323071286,1504046350319,2123,9,2,2,2,2,1,2,0,79,11,4,498,7,4,24,12,4,34,12,4,36,14,4,4,0,1,1,0,15,18,69,119,105,115,4,12,40,4,3,57,4,11,67,4,7,59,12,4,7,1,0,3,0,141,11,117,18,114
3327719850,1504381727511,1679,9,2,1,1,2,0,2,0,62,12,4,266,11,4,81,7,4,99,4,7,18,7,4,1,0,0,1,0,64,498,17,103,157,55,14,4,3,3,4,7,12,4,67,4,11,21,4,7,9,2,0,1,0,89,103,136,1,516
3329861741,1504544354215,1939,9,2,2,2,2,0,2,2,75,4,12,79,11,4,110,4,7,163,4,14,63,14,4,0,0,0,0,0,23,119,122,53,238,105,4,14,80,4,11,24,12,4,89,3,4,51,7,4,10,2,0,3,1,28,18,238,11,157
3308727001,1503068279427,1188,9,1,1,1,1,0,1,1,412,4,3,245,14,4,91,4,14,31,11,4,21,4,7,11,2,0,1,1,238,105,157,122,141,99,14,4,222,4,7,24,4,12,56,4,11,22,7,12,0,0,0,0,0,141,238,157,60,7
3331180364,1504635078373,1455,9,1,1,1,1,0,1,1,22,7,4,12,4,3,80,4,12,8,6,4,5,11,4,11,3,0,3,1,157,16,498,24,53,64,4,11,41,4,12,81,4,7,134,14,4,21,4,3,1,0,0,0,0,117,114,157,17,119
3327370036,1504361759181,1800,9,1,2,1,1,0,1,0,1,4,12,40,4,3,75,14,12,421,4,11,222,4,7,11,3,0,2,0,154,45,105,53,24,74,4,12,29,7,4,64,11,4,412,4,3,50,12,4,1,0,0,0,0,119,105,84,92,497
3320026265,1503845419556,1248,9,2,2,2,2,0,2,0,20,4,11,117,4,3,24,4,12,96,4,7,157,4,14,0,0,0,0,0,40,92,31,16,154,114,4,12,25,4,12,236,4,7,56,11,4,89,4,14,11,2,0,1,0,8,57,238,17,91
3316927944,1503594670355,2876,9,2,1,2,2,2,2,0,119,11,6,21,7,4,105,14,4,45,7,4,5,4,14,7,0,0,2,0,74,201,17,92,122,141,4,11,40,4,3,99,4,14,11,12,14,222,4,7,11,5,2,2,0,157,12,91,23,86
3301172250,1502575868801,2374,9,2,2,1,1,2,1,1,105,14,4,37,4,3,11,6,11,50,12,4,18,4,7,8,1,0,2,1,141,119,55,6,19,24,4,12,30,3,4,60,11,4,40,3,4,29,4,7,11,4,2,2,0,122,31,64,34,157
3324624153,1504181947096,969,9,1,2,1,1,0,0,0,25,4,3,79,4,11,110,7,4,55,4,14,23,12,4,4,1,0,0,0,64,53,122,103,119,91,12,4,22,4,7,16,4,3,121,11,4,42,14,4,0,0,0,0,0,63,157,122,267,64
3297657929,1502389093877,2191,9,1,1,1,1,1,2,0,267,4,3,498,7,4,91,4,14,75,12,6,24,11,4,9,1,1,3,0,57,31,119,238,39,134,4,6,141,4,11,16,4,3,222,7,4,86,4,12,5,0,0,1,0,30,105,122,157,201
3328083072,1504429566519,1707,9,1,1,1,1,1,1,1,31,4,12,11,4,11,34,4,14,498,4,7,53,4,3,11,3,1,3,1,114,18,157,40,117,3,12,4,267,4,3,68,12,4,62,4,11,29,4,7,0,0,0,0,0,-1,497,113,157,18
3285957757,1501546747794,1574,9,1,1,1,1,0,1,0,432,3,4,2,12,6,112,4,21,141,11,4,15,4,7,9,2,0,1,0,157,238,31,91,67,99,21,4,150,12,4,154,11,4,51,7,4,25,3,4,2,0,0,0,0,18,31,497,11,7
3319723013,1503822125718,886,9,1,2,1,1,0,1,0,77,11,4,126,12,4,81,4,7,85,4,12,40,3,4,10,2,0,2,0,18,238,119,113,31,117,4,3,62,4,12,22,7,4,1,14,4,79,4,11,0,0,0,0,0,18,113,53,57,24
3323375827,1504098476687,1692,9,1,1,1,1,1,1,0,75,4,12,498,7,4,40,4,3,45,4,12,11,4,11,11,3,1,3,0,119,18,127,122,238,13,6,4,62,4,11,89,3,4,17,4,14,202,7,4,1,0,0,0,0,141,238,122,3,103
3319644218,1503801065374,1872,9,1,1,1,1,1,1,1,48,4,12,40,3,4,429,7,4,105,14,4,60,4,11,9,1,1,3,1,119,516,31,61,59,83,12,4,236,7,4,254,4,11,163,14,4,85,14,4,5,0,0,1,0,24,117,157,75,122
3326470771,1504299857101,1505,9,2,2,2,2,0,2,2,119,7,4,136,4,3,57,12,4,121,11,4,26,3,4,0,0,0,0,0,91,31,39,157,238,51,4,7,223,4,3,41,12,4,64,11,4,79,14,4,11,3,0,3,1,40,238,23,18,105
3330835159,1504614363367,1823,9,1,2,1,1,0,1,0,126,4,12,163,7,4,37,3,4,3,11,4,498,4,7,8,1,0,3,0,7,119,31,238,-1,202,4,7,141,11,4,14,4,14,38,4,12,17,4,12,1,0,0,0,0,91,238,90,122,119
3222268437,1497390830209,2951,9,2,2,2,2,2,2,0,15,7,4,31,4,14,26,21,4,58,4,12,11,11,4,8,1,0,3,0,24,23,122,119,64,19,11,4,21,7,4,92,4,12,103,4,14,412,3,4,8,2,1,3,0,114,157,1,122,154
3254327841,1499434698499,1776,9,1,2,1,1,1,1,1,53,14,4,114,4,12,121,11,4,69,4,1,119,7,4,11,3,1,3,1,19,51,154,24,122,267,14,4,98,4,12,64,11,4,29,4,7,79,4,14,3,0,0,0,0,8,117,154,157,11
3318247598,1503699320300,1631,9,1,1,1,1,1,1,0,81,4,7,17,4,14,45,4,12,11,11,4,2,6,12,11,2,1,2,0,141,38,14,516,89,18,4,7,16,3,4,80,14,4,61,1,4,24,11,4,2,0,0,0,0,238,119,53,154,134
3320812683,1503869039444,2623,9,2,2,2,2,2,2,2,16,4,3,18,3,4,161,4,6,120,6,11,85,4,12,1,0,0,0,0,69,420,119,103,141,245,4,14,24,11,4,21,7,4,14,12,4,89,3,4,11,7,2,4,1,119,238,67,61,157
3324259242,1504128899839,2272,9,2,2,1,2,2,1,1,41,12,4,202,7,4,11,6,11,131,4,14,223,3,4,7,0,0,3,1,38,238,102,92,19,25,14,4,96,3,4,64,4,11,83,12,4,110,4,7,6,1,2,2,0,53,157,18,16,40
3289265725,1501791124413,1645,9,2,2,2,2,2,2,0,2,4,12,113,11,4,54,3,4,238,4,14,15,7,4,0,0,0,0,0,31,141,39,56,161,121,4,11,58,4,12,105,14,4,429,4,7,412,3,4,9,2,1,3,0,23,122,157,63,31
3329534601,1504523923079,2454,9,2,1,1,2,0,1,2,126,12,4,61,4,14,121,11,3,81,7,4,53,4,14,7,1,0,1,0,236,84,240,91,11,64,11,4,14,14,4,45,14,4,96,7,4,157,4,12,7,2,0,2,1,51,105,122,17,24
3317767854,1503670790446,2334,9,2,1,1,1,1,1,1,58,12,4,53,3,4,91,14,4,18,4,7,79,11,4,7,2,1,4,1,40,82,113,157,31,67,7,4,150,12,4,105,4,14,412,4,3,141,11,4,10,2,1,0,0,92,40,31,75,42
3215257447,1496935334850,1987,9,1,1,2,2,1,2,2,157,12,4,412,3,4,18,4,7,43,21,4,80,11,4,7,1,1,1,0,113,53,114,67,9,133,11,4,245,14,4,68,4,12,497,3,4,81,4,7,7,1,0,3,1,134,122,1,105,498
3324986954,1504204294902,1622,9,2,1,2,2,0,2,0,126,4,12,45,4,14,28,11,4,22,7,4,10,7,4,1,0,0,1,0,51,141,31,119,238,53,3,4,222,7,4,64,4,11,75,6,12,245,4,14,8,2,0,2,0,516,119,40,122,157
3309558243,1503138768225,1945,9,2,2,2,2,2,2,1,18,7,4,90,6,4,39,4,12,11,4,11,117,3,4,1,0,0,1,1,202,53,31,-1,29,33,11,4,240,4,12,37,4,3,103,14,4,119,4,7,11,3,1,2,0,238,40,31,143,157
3252694025,1499296608194,2775,9,2,1,1,1,2,1,1,99,4,14,19,11,4,202,7,4,89,3,4,23,4,12,10,2,0,4,1,157,11,122,67,84,412,4,3,75,12,4,110,7,4,92,4,12,24,11,4,10,3,2,2,0,154,55,5,51,157
3229850531,1497865105153,1779,9,2,1,2,2,2,2,2,34,4,14,2,11,6,22,4,7,412,4,3,157,3,4,2,0,0,0,0,51,5,114,103,105,3,4,12,60,4,11,236,7,4,497,3,4,63,14,4,9,2,1,2,1,154,122,24,105,51
3284062335,1501423308648,1296,9,1,1,1,0,0,1,1,141,4,11,1,14,4,202,4,7,114,4,12,412,3,4,4,0,0,2,1,154,64,99,6,31,432,14,4,61,14,4,57,11,4,29,4,7,80,4,12,0,0,0,0,0,498,157,154,6,105
3274660621,1500773023456,1339,9,2,2,2,2,0,2,2,1,4,14,15,4,7,86,12,4,28,4,11,89,4,3,0,0,0,0,0,17,131,53,67,164,24,11,4,223,3,4,122,4,12,51,7,4,45,14,4,8,1,0,1,1,67,69,105,55,53
3328313946,1504444452853,1983,9,2,2,1,2,2,1,0,80,4,12,16,4,3,141,4,11,50,12,4,15,4,7,3,0,1,1,0,31,29,53,38,498,18,7,4,5,11,4,12,3,4,91,14,4,41,12,4,9,3,1,3,0,154,103,131,10,498
3323215438,1504084486515,2297,9,1,2,2,1,1,2,0,99,21,4,75,4,12,67,4,7,16,4,3,19,4,11,10,2,2,1,0,63,131,122,31,119,240,4,12,37,4,14,11,4,11,126,4,12,202,4,7,6,0,0,2,0,201,28,1,122,157
3319660420,1503818207725,1584,9,2,2,2,2,0,2,1,81,7,4,254,4,11,99,3,4,101,4,21,516,4,12,1,0,0,0,1,141,119,-1,157,238,16,3,4,50,4,14,133,14,4,102,4,11,18,4,7,11,3,0,3,0,51,63,23,90,238
3315679900,1503516533726,194,9,2,0,0,0,0,0,0,121,11,4,57,4,14,90,4,14,53,4,3,18,4,7,0,0,0,0,0,432,11,45,412,238,164,4,12,55,12,4,37,3,4,498,4,7,516,4,11,0,0,0,0,0,61,86,157,119,17
3327838164,1504389008702,1936,9,2,1,1,2,1,1,1,134,4,21,31,12,4,64,11,4,119,7,4,53,14,4,4,0,1,1,1,75,157,117,141,40,113,11,4,14,12,4,90,4,21,51,4,7,63,14,4,7,1,0,2,0,57,238,201,35,67
3321367151,1503937383304,1833,9,2,2,2,2,2,2,2,432,14,4,22,7,4,103,14,4,59,11,4,6,12,4,2,0,0,0,0,18,11,126,157,29,80,12,4,4,4,14,24,11,4,89,3,4,498,4,7,10,2,1,4,1,53,122,-1,238,114
3331447062,1504648677710,3037,9,1,2,2,1,1,2,2,91,4,14,222,7,4,10,4,12,11,11,4,40,14,4,11,5,1,3,0,238,17,29,157,105,25,3,4,41,12,4,18,7,4,240,11,4,42,4,3,5,1,2,2,1,122,245,57,67,238
3316168279,1503571918707,1697,9,1,1,1,1,0,1,0,92,4,12,117,3,4,141,4,11,103,7,4,105,4,14,9,2,0,2,0,516,57,24,114,7,61,4,7,6,4,12,18,7,4,40,4,3,154,4,11,3,0,0,1,0,238,202,75,31,516
3326285573,1504290979499,1492,9,2,2,1,0,0,2,0,16,4,3,91,14,4,19,11,4,92,12,4,22,7,4,2,0,0,0,0,29,45,40,8,24,11,4,11,33,4,7,61,4,3,62,12,4,42,4,7,6,0,0,2,0,122,51,157,238,266
3238099983,1498383463785,2504,9,2,2,2,1,1,2,2,19,4,11,23,14,4,412,3,4,222,7,4,74,4,21,8,1,1,2,0,498,85,105,103,122,111,4,3,421,11,4,99,21,4,202,7,4,84,4,14,9,1,1,3,1,105,8,51,157,134
3282217904,1501275595392,2727,9,2,1,2,2,2,2,0,24,4,3,223,4,11,17,4,12,498,7,4,161,4,3,5,0,0,0,0,51,122,202,59,238,102,4,11,110,4,7,115,4,12,53,14,4,92,12,4,9,3,1,5,0,105,6,7,238,141
3286846814,1501606423711,2028,9,2,1,2,1,2,1,0,96,4,7,117,4,3,203,4,11,127,14,4,75,12,4,7,1,0,1,0,51,11,238,105,157,122,4,12,25,4,3,141,4,11,50,4,14,222,4,7,7,1,1,2,0,92,238,154,157,11
3324316588,1504131432610,2146,9,1,1,1,2,2,1,0,63,14,4,64,4,11,412,4,3,39,4,12,67,4,7,10,2,1,3,0,84,18,38,40,29,20,11,4,10,12,4,92,12,4,429,7,4,53,4,14,8,1,1,1,0,57,113,40,69,117
3325944996,1504270610427,1742,9,1,1,1,1,1,2,1,22,4,7,238,4,14,60,4,11,17,4,14,40,4,3,11,2,1,1,1,57,8,141,117,157,61,14,4,150,4,12,202,7,4,161,4,3,79,11,4,1,0,0,1,0,29,18,8,113,31
3290664826,1501884229053,2152,9,1,1,2,2,2,2,0,75,4,12,18,4,7,40,3,4,38,4,14,19,4,11,8,1,0,2,0,11,154,157,31,92,21,4,7,122,4,12,60,4,11,432,4,3,126,4,14,6,2,1,1,0,31,83,53,238,154
3229566193,1497849262410,2037,9,1,1,1,1,2,1,1,89,4,3,23,11,4,75,4,12,61,21,4,51,7,4,11,3,1,3,1,64,17,238,117,19,1,4,14,429,4,7,92,12,4,24,11,4,98,3,4,6,0,1,1,0,67,119,114,105,245
3316381432,1503583567360,1727,9,1,1,1,1,0,1,2,53,4,14,29,4,7,84,4,14,516,12,4,141,4,11,9,1,0,1,0,18,7,86,119,25,19,4,11,89,3,4,1,4,3,202,4,7,114,4,12,3,0,0,1,1,51,157,120,122,90
3320819642,1503871424386,1935,9,2,2,2,2,2,2,2,69,4,6,2,6,12,119,4,7,11,11,4,17,4,3,6,0,0,0,0,55,114,141,498,117,254,11,4,37,3,4,74,12,4,202,4,7,61,4,6,10,3,2,4,1,238,157,429,18,40
3328789434,1504457806164,1997,9,1,1,1,1,0,1,0,133,12,4,236,7,4,112,6,4,102,4,11,111,4,7,7,1,0,3,0,53,119,412,103,157,122,4,12,115,4,21,67,7,4,64,11,4,143,4,3,1,0,0,0,0,157,114,23,238,202
3319760418,1503831240122,2367,9,1,1,1,1,1,2,2,9,14,4,236,4,7,2,6,11,58,12,4,432,14,4,10,3,2,2,0,157,40,238,117,119,31,4,14,267,4,3,222,4,7,64,11,4,41,12,4,4,0,1,3,1,164,114,121,238,103
3225187091,1497595501247,1882,9,1,1,1,1,1,1,1,267,14,4,122,12,4,67,4,7,23,4,11,99,4,21,10,2,1,3,1,157,29,412,24,105,17,4,14,202,7,4,79,11,4,53,14,4,4,14,4,1,0,0,0,0,154,157,498,121,119
3252375437,1499281847060,1756,9,2,1,1,2,2,1,2,60,11,4,14,4,3,29,4,7,68,12,4,126,4,12,4,0,0,1,0,238,122,117,154,51,67,4,7,19,4,11,37,4,3,266,14,4,1,4,6,10,3,1,3,1,114,157,154,122,33
3293435396,1502097242995,1941,9,1,1,1,1,0,1,0,141,4,11,80,4,14,22,4,7,63,4,3,24,4,12,11,2,0,2,0,23,157,121,236,122,96,4,7,412,4,14,150,12,4,115,7,4,427,11,4,1,0,0,0,0,114,119,5,76,21
3289692994,1501804456712,1716,9,2,1,2,2,0,2,2,92,4,12,45,4,21,51,4,7,64,4,11,412,4,14,0,0,0,0,0,238,31,84,119,6,5,4,11,63,7,4,29,3,4,83,4,12,50,14,4,11,3,0,2,1,157,238,56,67,39
3312047746,1503285997110,2382,9,1,2,2,1,2,1,0,21,4,7,107,4,11,115,4,21,39,12,4,31,4,3,10,3,1,3,0,412,57,141,154,122,25,4,14,92,4,12,117,4,3,62,11,4,96,7,4,3,0,1,1,0,53,67,157,6,141
3324358511,1504136604318,1459,9,1,2,1,1,1,2,0,24,4,12,12,14,4,222,7,4,28,11,4,157,4,14,11,3,1,1,0,114,33,141,16,238,29,4,7,161,4,3,112,4,3,107,11,4,122,4,12,0,0,0,1,0,53,40,117,238,119
3331540931,1504655874447,1627,9,1,2,1,1,1,1,0,68,4,14,40,4,3,22,7,4,61,21,4,427,11,4,10,2,1,2,0,16,18,38,122,55,33,4,11,41,4,12,117,4,3,222,4,7,134,14,4,1,0,0,0,0,113,18,141,84,238
3324716634,1504189161387,2623,9,1,1,1,1,2,2,2,497,4,3,23,12,4,105,14,4,107,11,4,498,4,7,10,4,1,1,0,-1,103,18,150,113,69,21,4,5,4,11,201,3,4,22,7,4,516,12,4,6,1,1,3,1,157,141,40,154,119
3311699202,1503257978098,2484,9,2,1,1,1,1,1,2,61,4,14,92,4,12,412,4,3,236,7,4,121,11,4,8,2,1,2,0,238,75,117,119,157,11,11,6,48,4,12,16,4,3,222,7,4,105,7,14,10,2,1,2,1,53,420,34,157,114
3324716114,1504189038050,2028,9,1,1,1,1,1,1,1,59,4,12,96,4,7,112,4,6,25,4,3,113,4,11,11,4,2,4,1,150,154,18,157,516,101,21,4,131,4,11,412,3,4,222,4,7,98,12,4,1,0,0,0,0,40,3,67,117,238
3285788691,1501534903705,1481,9,1,1,1,1,1,1,1,126,4,12,57,11,4,18,4,7,42,4,3,63,3,4,10,2,1,3,1,53,154,238,29,34,16,3,4,429,4,7,9,11,4,39,4,12,61,4,6,0,0,0,0,0,114,40,238,38,157
3329120637,1504465995450,1482,9,1,1,1,1,0,1,0,19,11,4,157,12,4,22,7,4,161,21,4,12,14,4,9,1,0,1,0,75,238,201,119,79,103,14,4,114,4,12,141,11,4,498,4,7,497,4,3,2,0,0,0,0,238,11,222,18,91
3329853278,1504544527023,2393,9,2,1,2,2,2,2,0,161,21,4,24,12,4,497,3,4,11,11,6,22,4,7,3,0,0,0,0,98,69,240,18,53,77,11,4,150,12,4,117,4,3,202,4,7,63,4,7,9,1,1,3,0,53,89,157,238,141
3311242846,1503235578098,1275,9,1,2,1,1,0,1,1,77,11,4,114,4,12,63,4,14,44,3,4,21,4,7,11,2,0,2,1,57,67,157,40,31,236,7,4,59,4,14,69,4,21,6,12,4,141,4,11,0,0,0,0,0,31,103,80,40,157
3330227353,1504565771400,1868,9,2,1,2,0,0,2,2,59,4,14,41,4,3,64,4,11,21,7,4,115,21,4,4,0,0,0,0,119,150,516,22,55,25,4,14,19,11,4,498,7,4,497,3,4,84,12,4,5,0,0,3,1,44,157,29,53,60
3286145552,1501584068663,1658,9,1,1,2,1,1,2,1,141,4,11,412,3,4,236,7,4,61,4,14,92,12,4,11,3,1,2,1,58,31,105,154,498,161,3,4,42,4,3,202,7,4,54,4,12,2,6,11,2,0,0,1,0,240,57,31,119,114
3252566085,1499292976533,1624,9,1,1,1,1,0,2,0,51,4,7,161,4,14,79,11,4,238,14,4,143,3,4,9,1,0,2,0,3,222,105,21,17,99,7,3,102,4,12,5,11,4,267,3,4,29,14,7,1,0,0,1,0,122,164,86,3,53
3324992542,1504202997753,1818,9,2,2,1,2,0,1,0,131,11,4,79,4,14,18,7,4,99,4,14,80,14,4,5,0,0,2,0,141,154,8,84,105,62,4,12,67,4,7,267,4,3,34,4,12,113,4,11,9,2,0,1,0,16,157,141,29,38
3329149336,1504470509684,1441,9,2,1,2,2,0,2,0,113,11,4,157,12,4,141,4,14,498,4,7,412,14,4,0,0,0,0,0,57,11,29,92,122,112,4,3,497,4,14,58,12,4,110,4,7,79,4,11,8,1,0,1,0,516,103,117,114,40
3270522521,1500474488168,1363,9,2,2,2,0,0,2,2,236,4,7,89,14,4,114,12,4,141,11,4,99,4,21,0,0,0,0,0,53,7,19,122,157,40,4,3,79,4,14,58,12,4,121,11,4,51,4,7,4,0,0,1,1,28,202,29,122,119
3311245542,1503236655837,1677,9,1,2,1,0,0,2,0,245,1,4,161,4,3,92,4,12,119,4,7,59,4,11,5,0,0,2,0,90,157,141,40,57,99,21,4,60,4,11,67,4,7,45,3,4,254,12,4,0,0,0,1,0,157,24,75,84,53
3320249580,1503849033746,1833,9,1,1,1,1,1,1,1,498,4,7,44,4,3,126,4,12,64,11,4,163,7,4,8,2,1,3,1,117,31,119,412,157,59,11,4,429,4,7,497,4,3,6,6,12,112,6,4,1,0,0,0,0,34,121,31,96,40
3270752188,1500488008840,2884,9,1,1,2,2,1,1,1,55,4,14,57,12,4,18,4,7,223,6,11,26,4,3,8,1,1,3,1,122,51,157,11,53,201,4,14,38,4,12,141,11,4,420,4,12,67,4,7,8,2,2,2,0,51,50,60,96,58
3240636850,1498547228565,2474,9,1,2,1,1,2,1,1,90,4,12,81,4,7,497,3,4,29,7,4,35,14,11,11,4,1,3,1,75,103,105,24,11,9,4,11,4,6,4,412,14,4,222,7,4,98,12,4,5,0,1,1,0,64,36,119,157,154
3288432195,1501708379615,2078,9,1,1,2,2,1,1,0,67,4,7,37,4,3,84,14,4,122,4,12,19,4,11,9,1,2,3,0,154,6,31,75,64,133,4,11,36,4,12,15,4,7,157,14,4,267,4,3,8,3,0,1,0,31,121,17,238,119
3331501844,1504651212058,1959,9,1,1,1,1,1,2,1,79,4,11,53,4,3,3,12,4,67,4,7,238,14,4,9,2,1,1,1,119,25,31,33,63,61,7,4,64,11,4,89,3,4,157,4,12,81,4,7,2,0,0,1,0,497,119,32,114,31
3329220460,1504471346966,2322,9,2,2,2,2,2,1,2,45,12,4,44,4,3,29,7,4,113,11,4,420,12,4,5,0,0,1,0,157,89,122,238,134,78,4,3,161,4,21,516,12,4,35,11,14,222,4,7,10,3,2,2,1,96,122,141,134,31
3319402805,1503778017930,1927,9,1,1,2,1,1,2,2,4,12,4,37,14,4,67,4,7,5,4,11,75,12,4,9,1,2,2,0,29,19,157,31,114,498,4,7,16,3,4,516,4,12,79,4,11,161,4,1,4,0,0,1,1,40,119,31,24,8
3319666626,1503809860528,2021,9,1,1,2,1,2,1,0,126,4,12,103,4,14,412,3,4,29,4,11,21,7,4,9,3,0,2,0,40,122,516,157,141,28,4,11,497,4,3,67,4,7,131,4,14,240,12,4,3,0,1,0,0,31,122,516,236,238
3328912730,1504458516076,3100,9,1,2,1,2,1,2,2,40,3,4,90,4,12,236,4,7,24,4,12,33,11,4,9,1,1,2,0,16,92,412,18,117,69,4,14,113,11,4,15,4,7,143,4,3,122,4,12,9,1,1,4,1,141,29,53,117,57
3326379771,1504297159709,2108,9,1,2,2,1,1,1,2,67,7,4,117,12,4,154,4,11,150,12,4,53,14,4,9,2,2,3,0,141,29,201,157,64,266,4,12,16,3,4,59,4,11,61,4,7,22,4,7,3,0,0,0,1,113,31,29,157,8
3323045704,1504044489226,2110,9,2,1,2,2,2,1,0,37,4,3,15,4,7,5,4,11,57,4,12,61,4,21,0,0,0,2,0,157,122,29,67,31,51,7,4,113,4,11,24,12,4,25,4,14,134,14,4,10,3,1,2,0,3,105,114,238,141
3317717893,1503668054724,1752,9,1,2,1,1,1,1,1,37,4,3,120,11,6,8,4,12,15,4,7,126,4,14,11,2,1,1,1,59,-1,96,117,412,79,4,11,103,14,4,14,4,12,18,7,4,43,3,4,3,0,0,0,0,117,24,81,40,53
3327608703,1504375501226,1674,9,1,1,1,1,1,1,1,516,4,11,115,4,21,75,12,4,117,3,4,236,7,4,8,1,1,2,1,10,29,122,67,53,119,4,7,63,4,14,31,4,11,1,4,3,24,12,4,0,0,0,1,0,33,64,16,55,57
3270526409,1500475821114,1227,9,1,2,1,0,0,2,0,92,4,12,99,4,7,25,3,4,22,7,4,56,11,4,5,0,0,1,0,51,157,141,55,119,67,4,7,53,4,3,35,11,14,45,4,14,86,14,4,0,0,0,1,0,91,23,122,51,17
3290149666,1501854586862,2269,9,1,2,1,2,2,1,1,63,4,3,20,4,11,6,4,12,119,7,4,40,3,4,9,1,1,4,1,117,57,38,79,113,15,4,7,60,4,11,37,3,4,114,4,12,163,4,14,7,2,1,1,0,141,57,29,31,202
3258523890,1499704958707,1776,9,1,2,2,1,1,1,2,15,7,4,497,14,4,86,4,12,59,4,11,7,12,4,9,1,1,1,0,103,3,105,38,157,24,4,12,34,12,4,64,11,4,143,4,3,133,7,4,5,0,0,2,1,40,122,8,240,51
3328207486,1504439292549,2077,9,2,2,2,2,2,1,0,420,4,12,55,14,4,107,11,4,22,4,7,37,4,3,3,0,0,2,0,29,53,122,5,31,45,14,4,106,4,11,91,14,4,14,3,4,81,4,7,7,1,1,0,0,238,89,157,75,18
3306865293,1502937727347,1537,9,2,2,2,2,0,2,2,267,3,4,141,4,11,24,12,4,119,4,7,13,12,4,1,0,0,0,0,40,75,57,18,31,58,14,4,20,4,14,29,4,7,81,4,7,254,11,4,11,3,0,3,1,114,31,57,85,498
3329924540,1504547710594,1328,9,1,1,1,1,1,1,1,67,7,4,115,4,21,57,4,12,64,4,11,117,4,3,8,1,1,1,1,79,25,7,18,429,38,4,14,157,12,4,113,11,4,40,4,3,15,4,7,1,0,0,0,0,18,122,141,114,31
3228664501,1497791091012,1512,9,2,2,2,2,0,2,2,67,4,7,103,3,4,76,12,4,107,11,4,41,4,14,0,0,0,0,0,157,53,122,238,29,11,11,4,114,12,4,136,21,4,21,4,7,1,4,14,10,2,0,3,1,119,154,63,55,157
3262466861,1499958889751,1491,9,2,2,2,2,2,2,2,29,4,7,60,4,11,157,4,14,122,12,4,412,3,4,0,0,0,0,0,78,103,154,51,119,19,11,4,58,4,12,223,4,3,8,14,4,18,4,7,11,2,1,2,1,51,79,150,240,141
3273557381,1500672898413,1698,9,2,2,2,2,2,2,1,44,11,4,31,12,4,103,14,4,119,4,7,412,4,3,0,0,0,0,1,154,114,141,3,61,240,4,12,38,12,4,113,4,11,63,14,4,429,7,4,11,3,1,3,0,141,69,107,238,154
3330177415,1504561977474,1926,9,2,1,2,2,1,2,1,99,4,21,222,7,4,141,4,11,75,12,6,201,3,4,5,0,1,1,1,157,122,114,11,31,81,4,14,35,11,14,86,4,12,25,3,4,18,4,7,10,2,0,2,0,84,238,11,154,202
3319514287,1503784594790,1572,9,1,2,1,1,0,1,1,42,21,4,3,4,12,102,4,11,202,7,4,12,4,14,10,3,0,2,1,40,24,29,114,154,72,4,11,85,12,4,69,4,6,432,4,14,18,4,7,1,0,0,1,0,35,516,90,157,16
3253599461,1499363833826,2490,9,2,1,2,2,2,2,2,64,11,4,3,12,4,42,4,7,236,4,7,412,4,14,3,0,0,0,0,51,76,154,114,117,202,4,7,7,4,12,24,4,11,63,14,4,68,12,4,11,3,3,5,1,119,154,29,61,38
3304834441,1502817536540,2140,9,1,1,1,1,1,1,1,45,4,12,107,4,11,21,4,7,412,3,4,39,4,12,10,2,1,3,1,25,31,141,55,112,40,3,4,113,4,11,202,4,7,122,12,4,238,4,14,3,0,0,0,0,18,75,31,24,61
3329965591,1504550247429,1694,9,2,1,2,2,0,2,2,6,4,14,429,4,7,35,11,14,69,7,4,267,3,4,0,0,0,0,0,21,53,114,40,33,412,14,4,4,4,7,98,4,12,5,11,4,15,7,4,11,1,0,3,1,157,122,119,105,40
3328966958,1504460063918,1788,9,1,1,1,1,1,1,2,102,4,11,117,4,14,222,4,7,55,14,4,240,12,4,11,4,2,4,0,12,31,498,53,157,57,4,12,30,4,21,96,7,4,40,4,3,64,4,11,3,0,0,0,1,29,90,114,238,81
3330054950,1504555045584,2422,9,2,1,1,1,1,2,1,54,3,4,222,4,7,103,21,4,164,4,21,80,11,4,9,2,1,1,1,516,119,157,32,53,63,14,4,21,4,7,11,11,4,89,4,3,126,12,4,8,1,0,2,0,53,75,31,238,51
3327096864,1504352165094,1934,9,2,1,2,2,2,2,0,238,4,14,11,4,11,21,7,4,44,3,4,122,4,12,5,0,0,2,0,29,53,114,40,84,98,4,12,10,4,3,30,4,21,24,4,11,18,7,4,8,1,1,1,0,119,84,67,31,53
3300634958,1502554315427,1301,9,1,1,1,1,0,1,1,90,4,12,76,11,4,22,4,7,141,4,14,117,3,4,10,2,0,1,1,157,57,114,31,119,497,4,14,103,4,14,11,6,11,17,4,12,29,4,7,2,0,0,0,0,38,7,40,31,79
3322771483,1504029038894,1191,9,2,1,2,2,0,2,0,136,4,3,113,4,11,17,4,12,267,4,14,18,7,4,1,0,0,0,0,53,57,40,38,117,61,14,4,31,4,11,15,4,7,516,12,4,412,4,14,7,1,0,1,0,96,157,429,29,498
3315501453,1503504789936,1430,9,2,1,2,2,2,2,2,42,7,4,497,4,14,79,4,11,18,4,7,91,4,12,0,0,0,0,0,516,117,31,96,40,498,4,7,59,12,4,37,4,3,61,7,4,60,4,11,10,2,1,2,1,516,150,29,57,-1
3264939509,1500117208387,1663,9,1,1,1,1,0,2,0,34,14,4,117,3,4,18,4,7,24,4,12,57,4,11,10,1,0,1,0,105,61,157,154,33,498,4,7,86,4,12,90,4,3,31,4,11,89,3,4,2,0,0,1,0,245,122,115,154,60
3280924547,1501188883751,1532,9,1,1,1,1,1,1,1,267,3,4,119,7,4,6,12,4,98,11,4,8,4,6,10,2,1,2,1,51,84,53,141,31,64,4,11,103,4,14,41,4,3,40,4,3,236,4,7,0,0,0,0,0,238,114,412,51,31
3319546683,1503788760611,2245,9,1,2,2,2,2,1,2,98,12,4,7,4,3,79,4,11,40,3,4,222,7,4,7,1,1,2,0,29,117,113,114,16,412,4,14,67,7,4,76,4,11,103,14,4,23,12,4,8,2,1,1,1,18,90,38,119,75
3317619976,1503662319072,1204,9,1,2,1,1,0,1,1,1,14,4,45,3,4,498,4,7,78,12,4,35,4,11,10,2,0,1,1,51,63,157,516,31,164,4,11,99,14,4,150,4,12,18,4,7,412,4,3,0,0,0,0,0,238,131,84,119,114
3327354715,1504360392487,1870,9,2,1,2,2,0,2,0,69,4,6,240,12,4,16,4,7,117,12,4,141,11,4,3,0,0,1,0,11,67,119,107,238,32,4,11,222,4,7,157,12,4,55,12,4,201,4,14,11,2,0,2,0,516,498,31,238,84
3329760477,1504538337474,1260,9,1,2,1,0,0,2,1,121,4,11,6,6,12,56,3,4,497,3,4,222,4,7,5,0,0,1,1,31,64,55,267,53,98,4,12,33,4,11,40,4,21,37,14,4,96,7,4,1,0,0,1,0,34,114,67,157,122
3324088893,1504120086402,211,9,1,1,0,0,0,0,0,103,4,14,67,7,4,150,12,4,43,4,3,11,6,11,0,0,0,0,0,126,24,122,157,238,79,4,11,105,4,12,51,7,4,240,4,12,53,14,4,0,0,0,0,0,157,18,31,90,223
3313879211,1503415087037,1737,9,2,1,2,2,0,1,0,236,7,4,9,4,11,80,4,14,53,4,3,96,7,4,3,0,0,1,0,105,122,12,157,84,51,4,7,223,4,3,75,4,12,67,4,7,141,4,11,11,4,0,1,0,64,122,59,238,157
3319242660,1503768369825,2606,9,2,2,1,2,1,1,1,102,11,4,412,4,3,115,12,4,516,4,12,236,7,4,8,2,1,3,1,134,141,31,238,157,9,4,11,111,4,14,67,7,4,41,4,12,4,4,3,8,2,0,2,0,31,79,29,40,114
3270328520,1500460565096,2210,9,1,1,1,1,0,1,0,82,4,14,105,4,14,29,4,7,31,4,12,19,11,4,11,3,0,2,0,84,131,119,141,24,91,4,14,16,4,3,22,7,4,39,12,4,113,4,11,2,0,0,2,0,121,134,202,157,154
3329216347,1504472816601,1357,9,2,2,2,2,0,2,1,110,4,12,27,12,6,412,14,4,38,4,12,421,4,11,0,0,0,0,1,90,59,11,238,39,245,4,14,56,4,11,12,14,4,150,12,4,18,4,7,7,1,0,1,0,51,103,40,64,161
3296165759,1502284805536,2948,9,2,2,1,2,1,1,1,57,4,3,51,7,4,99,4,14,141,4,11,75,12,4,6,0,1,1,1,157,268,89,114,412,63,12,4,45,14,4,5,11,4,67,7,4,25,3,4,10,2,1,2,0,23,420,498,157,81
3296588620,1502312267794,1688,9,1,2,1,1,1,1,0,238,4,1,102,4,11,96,7,4,432,14,4,31,4,12,11,3,1,4,0,119,105,114,16,157,69,12,4,141,11,4,6,4,14,63,4,3,81,4,7,0,0,0,0,0,40,105,18,202,157
3290418260,1501872248729,2212,9,2,1,2,2,1,1,1,75,4,12,63,4,14,43,4,3,119,4,7,11,4,11,3,0,1,3,1,55,31,92,141,53,10,4,11,48,12,4,51,7,4,157,4,14,25,4,3,11,1,0,0,0,53,114,122,55,6
3322454614,1504011343496,1745,9,1,1,1,1,1,1,1,412,4,3,11,4,11,59,14,4,222,7,4,83,4,14,11,3,1,3,1,79,154,122,141,16,238,14,4,64,11,4,50,4,12,267,4,3,18,4,7,1,0,0,0,0,81,498,245,92,7
3326861686,1504346374133,1573,9,2,1,2,2,0,2,0,30,4,12,37,4,3,222,7,4,102,11,4,58,12,4,2,0,0,0,0,121,29,157,67,133,98,4,12,113,11,4,8,14,4,22,7,4,40,4,3,7,1,0,2,0,516,31,75,18,157
3324095051,1504119253273,1999,9,1,2,2,1,0,1,1,150,4,12,96,4,7,117,4,3,238,4,14,107,4,11,7,1,0,2,1,516,18,53,90,61,202,4,7,223,4,3,4,21,4,245,12,4,60,4,11,4,0,0,2,0,119,122,40,157,55
3329414334,1504508027602,1468,9,2,2,2,0,0,2,2,516,14,4,236,7,4,106,4,11,99,3,4,62,4,14,0,0,0,0,0,119,114,105,11,63,238,4,12,25,4,3,78,11,4,81,4,7,24,12,4,8,0,0,1,1,157,90,412,6,141
3230185091,1497878345162,1549,9,1,2,1,1,0,1,0,25,3,4,92,12,4,67,4,7,161,4,21,24,4,11,10,2,0,2,0,17,420,23,154,122,3,12,4,498,7,4,157,4,14,32,11,4,89,3,4,0,0,0,0,0,5,114,122,91,11
3322348728,1504004732681,1935,9,1,2,2,1,1,2,1,26,3,4,18,7,4,45,21,4,98,4,12,64,4,11,10,3,1,3,1,113,86,53,122,127,24,4,11,57,4,12,238,4,14,43,14,4,51,4,7,4,0,0,1,0,11,35,121,105,29
3325676436,1504224594664,2251,9,1,1,1,1,1,2,1,121,4,11,51,7,4,80,14,4,420,12,4,412,3,4,10,3,1,2,1,31,11,53,157,238,240,4,11,91,14,4,68,4,12,21,4,7,92,11,4,3,0,0,2,0,131,122,154,19,119
3277597642,1500992204840,2688,9,1,2,1,1,2,1,0,127,12,4,35,14,11,222,4,7,25,3,4,245,14,4,11,5,1,3,0,29,31,122,5,105,268,4,21,79,11,4,202,4,7,17,12,4,37,3,4,3,0,1,0,0,141,126,122,32,53
3330068353,1504556125608,1455,9,2,2,2,2,0,1,1,21,4,7,238,14,4,24,4,12,267,3,4,31,11,4,2,0,0,1,1,89,53,122,84,141,154,11,4,22,7,4,54,4,14,157,12,4,16,7,4,4,1,0,0,0,17,122,53,63,99
3284411787,1501443526819,2024,9,1,2,1,1,1,1,0,37,3,4,51,4,7,86,12,4,115,4,12,141,4,11,11,3,1,3,0,157,103,238,8,25,21,7,4,122,4,12,45,4,6,117,4,3,59,4,11,1,0,0,0,0,105,154,113,6,202
3324347251,1504135491852,2489,9,2,2,1,2,2,2,1,2,4,11,245,12,4,202,7,4,99,4,1,115,4,7,4,0,0,1,1,18,53,497,119,122,105,4,12,40,4,3,41,12,4,28,11,4,22,4,7,11,3,2,3,0,157,55,412,75,6
3255700837,1499521369789,1254,9,1,1,1,1,0,2,1,163,4,14,245,4,11,202,4,7,14,12,4,267,4,3,5,1,0,1,1,67,122,53,114,134,99,4,21,498,7,4,497,4,3,77,11,4,41,12,4,0,0,0,1,0,29,51,114,28,157
3330980852,1504620624176,1964,9,2,2,1,2,2,1,0,254,11,4,25,3,4,131,14,4,17,4,7,54,4,12,5,0,0,3,0,23,11,141,67,16,59,4,12,24,4,11,4,14,4,43,3,4,18,4,7,7,1,1,0,0,89,40,122,31,53
3314485719,1503443141824,2388,9,2,2,2,2,1,1,0,15,4,7,103,4,14,63,4,3,113,4,11,92,4,12,4,0,1,1,0,238,31,40,67,114,122,4,12,254,11,4,99,4,1,18,4,7,16,3,4,10,2,0,4,0,10,119,29,157,31
3298933018,1502468595986,2201,9,1,1,2,1,2,2,0,2,11,4,497,4,3,29,4,7,105,12,4,85,4,12,10,2,0,2,0,6,75,154,119,31,114,4,12,498,7,4,3,4,14,103,14,4,64,4,11,6,0,1,2,0,5,119,31,67,154
3306483690,1502909881754,2329,9,1,2,1,1,2,1,1,68,14,4,90,6,4,203,11,4,222,4,3,25,4,3,8,2,0,3,1,238,31,53,23,157,141,4,11,134,4,14,37,3,4,18,7,4,98,12,4,5,0,1,0,0,53,498,51,75,31
3330846063,1504614989965,2397,9,1,2,2,2,2,1,0,25,14,4,69,21,4,59,4,11,57,4,12,498,4,7,9,1,1,4,0,163,8,516,157,117,102,4,11,134,14,4,114,4,12,119,7,4,412,14,4,6,1,1,1,0,9,55,18,157,40
3330063169,1504554791063,1325,9,1,2,2,1,0,1,1,22,4,7,43,4,3,120,6,11,78,4,12,69,4,21,6,1,0,1,1,67,40,119,516,51,64,11,4,412,3,4,18,4,7,157,4,12,42,12,4,2,0,0,0,0,61,107,57,117,40
3286018429,1501565975291,1745,9,1,1,1,1,0,1,0,92,4,12,110,4,7,412,3,4,161,4,21,32,4,14,7,1,0,2,0,497,114,6,238,119,15,4,7,53,4,3,154,4,11,157,12,4,63,14,4,3,0,0,0,0,119,6,202,55,57
3327296597,1504357936479,1347,9,2,1,2,2,0,2,2,91,4,14,92,14,4,110,4,7,28,11,4,9,4,3,0,0,0,0,0,238,18,53,40,31,16,4,3,141,4,11,429,4,7,1,14,4,75,6,12,11,3,0,2,1,31,29,157,40,122
3309269219,1503096646107,1421,9,2,2,2,2,2,2,2,18,7,4,59,12,4,154,11,4,497,4,14,101,4,12,0,0,0,0,0,40,117,238,16,141,63,14,4,34,4,12,202,4,7,24,4,11,5,4,12,9,1,1,3,1,40,57,119,55,117
3278418549,1501019187784,1910,9,1,1,1,1,0,1,0,38,12,4,58,14,4,89,3,4,21,7,4,113,4,11,8,1,0,1,0,51,23,105,29,53,92,4,12,42,3,4,12,4,3,81,4,7,31,4,11,2,0,0,0,0,141,157,27,154,16
3329965108,1504550093950,209,9,2,0,0,0,0,0,0,498,7,4,120,6,11,103,12,4,83,4,12,37,3,4,0,0,0,0,0,117,122,157,119,29,24,11,4,31,4,12,43,3,4,79,4,14,81,7,4,0,0,0,0,0,154,119,114,240,117
3329510513,1504521080577,1806,9,2,2,2,2,0,2,2,64,4,11,268,4,14,31,4,12,267,4,3,429,7,4,0,0,0,0,0,119,11,19,53,57,58,12,4,110,4,7,25,4,3,107,4,11,103,4,14,10,1,0,3,1,238,157,222,53,3
3329426801,1504512762723,1209,9,2,1,2,2,0,2,1,134,4,21,21,4,7,26,3,4,141,11,4,31,12,4,0,0,0,0,1,8,412,238,40,39,27,12,6,117,3,4,67,4,7,24,4,11,268,4,21,7,1,0,1,0,90,40,114,10,18
3296354621,1502298298188,1822,9,2,1,2,2,0,2,0,29,7,4,133,4,14,7,14,4,35,14,11,201,4,3,4,0,0,0,0,18,84,57,119,141,105,14,4,85,12,4,16,3,4,80,11,4,81,7,4,10,2,0,3,0,84,119,238,75,122
3265477474,1500148777070,1848,9,1,1,1,1,1,1,1,92,4,12,42,7,4,64,11,4,25,4,3,103,4,14,11,3,1,3,1,134,38,20,121,119,8,4,14,266,4,12,141,11,4,51,7,4,412,4,14,1,0,0,0,0,53,40,7,114,20
3248850728,1499033588718,1638,9,1,2,1,1,1,1,0,24,11,4,105,4,14,117,4,3,119,4,7,150,12,4,8,1,1,3,0,114,154,53,11,69,498,7,4,1,4,14,57,12,4,32,11,4,26,14,4,1,0,0,0,0,51,8,19,157,54
3319865785,1503836840224,1772,9,1,2,1,1,0,1,1,41,4,12,111,3,4,31,4,11,68,12,4,22,7,4,9,2,0,1,1,64,40,96,157,53,98,12,4,202,7,4,60,4,11,14,4,3,4,4,6,0,0,0,0,0,238,119,53,122,126
3324355126,1504134727039,2479,9,2,1,1,1,2,2,1,44,3,4,76,4,11,498,4,12,91,4,14,24,4,14,6,1,0,0,1,90,11,17,141,119,25,4,14,122,4,6,67,7,4,31,4,11,26,3,4,7,2,1,3,0,157,40,154,238,53
3231317210,1497965411773,1479,9,1,1,2,1,1,1,1,50,4,12,497,14,4,19,11,4,236,4,7,126,14,4,9,2,1,2,1,67,157,114,29,154,23,4,12,64,4,11,63,4,14,18,7,4,112,4,21,3,0,0,1,0,17,3,113,498,154
3319281710,1503771423136,1936,9,1,1,2,1,2,2,2,61,14,4,19,4,11,117,4,3,22,4,7,126,4,12,8,1,0,2,0,141,412,119,105,157,99,1,4,58,12,4,236,4,7,121,4,11,111,3,4,5,0,1,2,1,89,40,119,105,113
3291647724,1501955175777,2148,9,2,2,1,2,0,1,0,60,4,11,126,4,14,21,4,7,267,4,21,57,12,4,4,0,0,1,0,202,61,53,157,39,75,4,12,498,4,7,223,3,4,78,11,4,41,4,3,7,1,0,1,0,157,63,92,44,11
3329071460,1504463795366,1369,9,2,1,2,2,0,1,0,44,4,14,236,7,4,103,4,21,48,11,4,75,4,12,1,0,0,1,0,238,16,141,157,24,134,4,14,36,4,14,222,7,4,54,11,4,412,3,4,11,2,0,1,0,19,238,31,18,40
3318363976,1503701568726,1776,9,1,1,2,1,1,2,0,55,4,14,16,3,4,29,7,4,113,11,4,3,4,12,7,1,1,1,0,31,75,157,114,92,96,4,7,60,4,11,69,4,1,268,3,4,40,3,4,2,0,0,1,0,57,91,25,516,18
3277137251,1500932875351,3093,9,2,2,1,1,1,2,1,79,4,11,21,7,4,201,3,4,61,4,21,133,12,4,8,2,2,3,1,141,157,119,59,53,222,4,7,412,4,14,122,4,11,131,14,4,56,4,11,10,3,0,2,0,42,154,420,238,31
3323095537,1504048590309,1948,9,1,2,1,1,0,1,0,421,11,4,133,4,12,267,4,3,222,4,7,4,1,4,11,3,0,3,0,268,-1,-1,157,31,432,14,4,1,4,14,98,3,4,32,4,11,22,7,4,2,0,0,0,0,236,245,122,33,238
3321727349,1503957158100,2031,9,1,1,1,1,1,1,1,23,4,12,99,21,4,28,4,11,110,4,7,497,4,14,11,6,2,2,1,40,55,114,202,7,53,14,4,17,7,4,31,12,4,57,11,4,268,1,4,1,0,0,1,0,29,-1,40,113,240
3289695668,1501806144449,1864,9,2,2,2,2,2,2,0,89,3,4,6,4,12,141,11,4,22,4,7,61,4,6,5,0,0,1,0,202,64,238,-1,119,5,11,4,222,4,7,12,4,14,23,4,12,4,14,4,11,4,1,3,0,114,238,105,31,53
3322180294,1503992137231,1690,9,2,1,2,2,2,1,1,236,7,4,24,12,4,67,4,7,59,4,11,117,3,4,2,0,0,1,1,119,40,105,238,33,28,11,4,53,4,14,4,4,6,202,7,4,54,4,12,9,2,1,2,0,6,131,122,157,119
3320037254,1503845631805,2217,9,1,2,1,1,2,1,1,63,4,3,75,12,4,245,14,4,266,4,11,498,4,7,10,2,0,5,1,81,5,238,17,1,117,14,4,11,4,14,222,7,4,33,11,4,84,4,14,4,0,1,0,0,53,122,236,268,157
3239884784,1498487458988,2561,9,1,2,2,1,1,1,2,105,4,14,8,12,4,236,4,7,43,3,4,107,11,4,10,4,3,3,0,498,103,3,114,119,11,4,11,53,3,4,51,7,4,92,12,4,163,21,4,6,0,0,2,1,498,54,238,119,154
3330779013,1504611829903,1166,9,1,1,1,0,0,1,1,96,12,4,157,4,3,26,4,14,141,11,4,86,4,12,7,0,0,1,1,84,114,99,75,63,6,12,4,37,4,14,236,7,4,31,4,11,112,4,12,0,0,0,0,0,154,117,64,53,122
3313370410,1503357316303,2141,9,1,2,1,1,2,1,2,67,7,4,77,6,11,89,14,4,8,4,14,41,4,12,7,2,0,4,0,31,40,154,57,157,117,4,3,51,4,7,421,4,11,68,12,4,268,12,4,4,0,2,1,1,141,238,31,119,157
3329515025,1504523434835,1410,9,1,2,1,0,1,1,1,4,12,4,3,3,4,498,4,7,2,6,11,59,4,12,6,0,1,2,1,119,103,51,31,238,61,4,21,96,4,7,79,4,11,57,12,4,40,4,3,0,0,0,0,0,122,238,67,117,18
3319107117,1503760311800,1778,9,2,2,2,2,2,2,1,267,4,3,119,7,4,85,4,12,516,4,11,75,4,12,1,0,0,1,1,22,18,12,67,40,11,6,11,51,4,7,131,21,4,42,7,4,9,3,4,11,2,1,2,0,121,497,62,59,7
3327598515,1504375386968,2633,9,1,1,1,1,1,2,0,76,11,4,157,14,4,222,4,7,111,4,3,54,12,4,10,2,1,2,0,114,105,122,23,25,86,12,4,141,11,4,238,4,12,110,7,4,12,3,4,3,0,0,1,0,119,25,134,5,420
3308542493,1503056073231,1939,9,1,1,1,1,1,1,2,201,3,4,107,11,4,15,4,7,84,11,4,122,4,12,10,1,1,3,0,150,-1,238,11,31,21,4,14,99,14,4,19,11,4,3,12,4,98,14,4,6,0,0,0,1,202,420,24,157,105
3331594490,1504684488520,2265,9,1,2,1,1,1,1,2,19,4,11,236,4,7,63,4,14,245,12,4,27,12,4,10,1,2,4,0,57,141,31,40,157,48,4,12,89,3,4,498,4,7,81,4,7,28,11,4,3,0,0,0,1,40,117,-1,516,61
3330248638,1504566928103,1360,9,1,2,1,1,0,1,1,51,7,4,412,3,4,91,14,4,98,11,4,86,4,12,7,1,0,1,1,31,122,157,53,-1,8,4,12,121,11,4,236,4,7,1,4,3,238,14,4,0,0,0,0,0,90,35,141,19,420
3259034612,1499748047534,1731,9,2,1,2,2,0,1,2,15,4,7,126,4,12,45,4,14,117,4,3,79,11,4,2,0,0,1,0,136,10,53,114,3,412,4,3,51,7,4,120,4,11,163,14,4,17,4,14,9,1,0,1,1,3,154,157,53,11
3317724020,1503667054024,2366,9,1,2,1,1,2,2,0,254,4,11,26,4,3,18,12,4,161,4,3,119,4,7,10,3,0,3,0,122,141,31,11,40,29,7,4,53,4,14,64,11,4,516,4,12,157,14,4,5,0,1,2,0,31,27,40,8,79
3310993773,1503219219046,1752,9,2,2,2,2,0,2,2,113,11,4,34,12,4,26,4,3,222,4,7,78,12,4,1,0,0,0,0,40,121,19,11,122,498,7,4,89,4,3,35,11,14,5,12,4,163,12,4,11,3,0,3,1,90,51,67,122,141
3325675683,1504224044682,1620,9,2,1,2,2,2,2,1,91,14,4,82,12,4,44,11,4,412,14,4,110,4,7,2,0,0,0,1,40,117,141,18,31,157,14,4,15,4,7,53,14,4,33,11,4,105,4,12,10,2,1,2,0,90,79,516,117,67
3287246908,1501628232985,1706,9,2,2,2,2,0,2,0,31,4,3,429,4,7,14,4,12,101,4,21,59,4,11,0,0,0,0,0,6,51,24,122,99,86,6,4,17,4,7,69,4,14,102,11,4,92,12,4,9,1,0,3,0,122,141,23,154,131
3329980372,1504551659432,1603,9,2,2,2,2,2,2,0,86,6,11,51,4,7,267,4,3,157,4,12,127,4,12,2,0,0,0,0,36,89,516,75,238,10,4,12,61,4,12,29,4,11,119,7,4,412,3,4,10,2,1,3,0,53,122,238,141,105
3320727913,1503864842603,2166,9,1,2,2,1,1,1,2,67,4,7,40,3,4,516,4,12,61,14,4,254,11,4,10,3,1,2,0,154,80,57,59,157,96,7,4,55,14,4,86,14,4,16,3,4,107,11,4,4,0,0,2,1,245,31,412,121,238
3307794111,1502998273424,1460,9,1,1,2,1,1,1,0,421,11,4,69,4,7,497,14,4,18,7,4,27,4,12,9,2,1,2,0,61,40,154,96,150,223,12,4,117,4,14,134,4,6,110,4,7,121,4,11,2,0,0,0,0,38,29,79,96,150
3317895947,1503678720677,2542,9,2,1,2,2,2,2,0,85,4,12,202,7,4,141,11,4,81,4,3,432,4,14,3,0,0,1,0,51,122,7,516,498,19,4,11,16,3,4,238,4,14,92,4,14,222,4,7,11,4,1,4,0,-1,103,114,53,516
3326677889,1504335776069,2117,9,1,2,1,1,2,2,0,17,4,12,134,1,4,40,4,3,29,11,4,18,7,4,8,1,1,1,0,114,254,8,164,90,120,6,11,45,12,4,498,4,7,58,4,12,44,4,3,4,0,1,2,0,119,24,31,238,157
3320971825,1503883764446,1807,9,2,1,2,2,2,2,2,25,3,4,51,7,4,127,4,12,79,4,11,39,12,4,3,0,0,1,0,238,57,29,31,141,92,4,12,40,3,4,18,4,7,11,11,6,69,4,3,8,2,2,2,1,31,154,62,103,53
3262202155,1499940710077,1371,9,2,2,2,2,0,2,1,127,4,12,157,4,14,141,11,4,412,3,4,202,7,4,1,0,0,0,1,122,154,61,143,51,27,6,12,56,11,4,222,4,7,103,14,4,25,3,4,9,1,0,2,0,55,122,11,114,498
3319547331,1503789071219,1520,9,1,1,1,0,0,1,1,91,4,14,86,12,4,5,11,4,498,7,4,37,3,4,7,0,0,3,1,157,16,141,75,53,121,4,11,240,12,4,99,4,21,89,3,4,67,7,4,0,0,0,0,0,238,24,29,25,420
3329669931,1504535500411,1183,9,1,1,1,1,0,1,0,79,4,11,412,4,3,498,4,11,150,4,12,245,12,4,11,3,0,1,0,99,38,31,238,497,157,4,12,11,4,11,69,6,4,222,7,4,40,3,4,0,0,0,0,0,103,117,141,33,29
3323014493,1504043772827,1729,9,1,1,1,1,1,1,1,92,4,12,63,4,14,29,4,7,45,12,4,421,11,4,11,3,1,1,1,79,157,40,-1,117,412,3,4,24,4,12,222,7,4,26,4,12,86,11,4,2,0,0,0,0,18,141,126,119,31
3249087621,1499078273531,1963,9,2,1,2,2,2,1,2,267,4,3,51,4,7,245,4,12,101,4,14,64,4,11,3,0,0,2,0,53,114,157,35,164,119,4,7,1,4,14,154,4,11,10,12,4,16,3,4,10,2,1,1,1,236,38,114,103,39
3270594810,1500478737734,1950,9,1,1,2,1,1,2,1,35,11,14,34,4,7,25,3,4,55,4,14,41,4,12,9,1,1,3,1,31,154,119,20,38,202,7,4,40,4,3,60,4,11,157,4,12,222,7,4,3,0,0,1,0,163,38,29,119,121
3327092841,1504350823786,1902,9,2,2,2,2,2,2,1,44,4,3,79,4,11,202,7,4,134,4,14,122,4,12,4,0,0,0,1,31,96,16,113,40,29,11,4,15,7,4,75,4,12,201,3,4,61,21,4,11,3,1,3,0,40,31,150,157,141
3220055162,1497222370401,1340,9,1,2,1,1,1,1,1,29,4,7,111,4,11,23,4,6,53,7,4,4,6,4,8,1,1,2,1,157,114,75,238,11,61,6,4,245,4,12,64,4,11,67,7,4,412,4,14,0,0,0,0,0,117,134,498,105,223
3324830234,1504196212023,2536,9,1,2,2,1,1,1,0,98,4,12,8,4,6,3,11,4,16,4,3,236,4,7,10,4,2,2,0,141,119,40,113,117,202,7,4,26,3,4,131,4,11,59,12,4,41,3,4,3,0,0,2,0,103,29,134,53,105
3216558542,1497023268642,2365,9,2,2,1,2,2,2,0,17,4,12,238,3,4,222,4,7,154,4,14,113,11,4,3,0,0,0,0,23,91,157,122,64,134,4,21,92,12,4,67,4,7,33,4,11,3,4,3,11,2,1,3,0,119,51,122,105,114
3322664504,1504023585500,1828,9,2,1,1,2,2,1,1,412,14,4,107,4,14,126,4,12,141,11,4,18,7,4,3,0,0,2,1,24,103,69,53,121,22,7,4,223,4,3,157,4,12,33,11,4,1,7,4,8,2,1,0,0,238,29,84,11,119
3315419678,1503503953214,1723,9,1,1,1,1,2,1,0,79,11,4,58,12,4,61,7,4,12,14,4,18,4,7,10,2,0,1,0,117,40,134,80,238,497,14,4,163,4,21,15,7,4,19,4,11,57,4,12,1,0,1,1,0,40,119,31,29,238
3317516162,1503648275637,1879,9,1,2,1,1,0,2,2,11,4,11,134,4,12,122,12,4,51,7,4,161,4,14,7,1,0,2,0,141,105,202,29,38,31,4,12,63,14,4,157,4,14,18,4,7,64,11,4,5,0,0,1,1,238,141,90,25,154
3309791100,1503150235525,1961,9,1,1,1,1,1,1,2,90,4,12,498,4,7,202,4,12,25,14,4,9,4,11,8,2,1,2,0,134,40,18,157,-1,60,4,11,61,4,6,63,4,14,122,4,12,236,4,7,2,0,0,0,1,29,157,31,412,141
3322352957,1504001734870,2287,9,2,1,2,2,2,2,2,117,14,4,18,4,7,141,11,4,69,4,1,122,12,4,2,0,0,1,0,91,55,268,113,119,30,14,4,150,4,12,143,14,4,32,4,11,202,7,4,8,3,1,3,1,112,29,68,40,119
3320958175,1503900549781,1297,9,1,1,1,1,0,1,1,75,4,12,77,4,11,236,7,4,134,4,14,516,3,4,11,2,0,1,1,150,11,28,157,119,117,4,3,266,4,11,1,14,4,122,4,12,18,4,7,0,0,0,0,0,141,53,11,90,80
3277354903,1500972271095,2034,9,2,2,1,2,2,1,2,112,14,4,27,12,6,40,4,3,222,4,7,11,11,4,3,0,0,3,0,117,238,90,25,31,26,3,4,57,4,11,240,12,4,429,7,4,8,4,14,11,3,2,1,1,23,157,103,154,122
3328051538,1504415387588,1669,9,1,2,1,1,1,1,1,238,4,12,96,7,4,19,11,4,412,3,4,90,14,4,8,1,1,2,1,18,40,157,119,141,51,7,4,31,4,12,267,3,4,11,4,11,236,7,4,2,0,0,0,0,105,157,119,150,29
3295188011,1502217816341,1743,9,1,1,2,1,1,1,2,40,3,4,79,11,4,122,4,12,61,21,4,96,7,4,8,1,1,2,0,121,31,16,57,92,44,3,4,22,7,4,36,11,6,236,12,4,134,4,6,4,0,0,0,1,114,119,57,80,157
3315594441,1503510386520,1534,9,2,2,2,2,2,2,2,18,7,4,75,12,4,8,4,14,57,4,11,45,4,3,1,0,0,0,0,29,11,516,92,67,50,14,4,202,4,7,58,12,4,24,11,4,117,4,3,9,1,1,2,1,516,122,55,114,105
3330835372,1504614495586,2511,9,1,2,2,1,1,1,0,201,4,3,34,12,4,18,7,4,99,4,21,35,11,14,11,5,1,4,0,57,141,157,40,119,5,11,4,202,7,4,161,4,12,41,12,4,89,4,14,3,0,1,1,0,33,40,79,157,23
3221925702,1497371365211,1568,9,2,2,2,2,2,2,1,64,11,4,27,12,6,222,7,4,112,14,4,201,4,3,2,0,0,0,1,154,114,498,105,103,51,7,4,25,4,14,61,21,4,240,12,4,102,4,11,9,2,1,3,0,238,119,105,114,136
3289223289,1501787779874,1482,9,2,2,2,2,0,2,2,26,12,4,98,12,4,64,11,4,40,4,3,29,4,7,0,0,0,0,0,57,53,412,31,154,117,3,4,18,4,7,240,4,12,79,4,11,8,4,14,8,2,0,2,1,31,113,38,119,57
3307291160,1502982847744,1548,9,1,2,1,1,1,1,0,267,4,3,96,4,7,76,4,11,92,4,12,4,4,1,9,1,1,3,0,38,122,31,157,117,40,3,4,222,7,4,427,4,11,240,4,12,69,4,3,0,0,0,0,0,31,150,67,57,105
3316172452,1503567642151,3268,9,2,1,1,2,2,2,0,115,14,4,96,4,7,78,4,12,98,4,11,99,7,4,5,0,0,2,0,157,114,63,11,83,51,4,7,5,11,4,143,4,7,75,12,4,55,4,14,10,2,1,3,0,29,150,80,119,22
3318826173,1503738532351,2620,9,2,1,2,2,2,1,2,55,14,4,497,3,4,141,11,4,22,7,4,14,12,4,4,0,0,2,0,17,5,74,238,25,35,6,11,110,3,4,83,14,12,43,7,4,86,4,12,11,3,1,2,1,103,157,420,53,63
3330122173,1504557229999,1061,9,1,1,1,1,0,0,0,16,3,4,96,4,7,23,4,12,34,4,12,29,11,4,11,3,0,0,0,38,53,75,497,157,107,4,11,63,4,14,18,4,7,79,4,12,126,4,14,1,0,0,0,0,117,-1,8,119,40
3285974233,1501545065022,1261,9,1,1,2,1,0,1,1,267,14,4,29,4,7,114,12,4,61,4,14,254,4,11,6,1,0,2,1,105,31,107,51,75,429,7,4,50,14,4,53,4,3,59,11,4,41,12,4,1,0,0,0,0,31,57,80,79,105
3329712198,1504536172093,2203,9,2,1,2,2,2,2,0,117,3,4,126,4,14,56,4,11,15,4,7,10,4,12,3,0,0,0,0,67,497,92,91,61,36,12,4,16,3,4,18,7,4,5,11,4,38,4,12,11,3,1,5,0,34,238,40,498,134
3307751171,1502996580046,2137,9,2,1,2,2,1,1,1,245,4,14,412,4,3,51,7,4,122,12,4,32,11,4,2,0,1,1,1,103,23,222,18,157,115,12,4,141,11,4,29,4,7,12,3,4,50,4,12,11,4,1,3,0,103,89,114,157,119
3319892191,1503838880686,2287,9,1,1,1,1,2,1,1,412,4,14,6,4,12,110,4,7,80,11,4,163,4,6,10,2,1,4,1,119,498,18,45,11,150,4,12,516,11,4,22,4,7,40,4,3,99,4,14,1,0,1,0,0,1,64,31,53,157
3321532446,1503944879817,1670,9,2,2,2,2,0,1,0,114,14,4,412,4,14,429,4,7,64,4,11,50,4,14,3,0,0,1,0,58,18,23,29,122,40,4,3,157,4,12,119,7,4,4,14,4,141,4,11,9,1,0,1,0,53,238,154,29,-1
3316409376,1503587084863,2095,9,2,1,2,2,2,2,0,24,4,11,15,7,4,75,12,4,40,3,4,161,21,4,1,0,0,0,0,117,238,141,134,51,412,4,3,64,11,4,126,4,14,202,4,7,8,4,14,11,5,1,3,0,-1,-1,-1,38,-1
3279510699,1501094310945,2508,9,2,2,1,2,2,2,1,45,4,14,79,14,4,31,11,4,21,4,7,122,4,12,4,0,0,1,1,11,51,202,105,238,498,4,7,141,12,4,63,14,4,5,11,4,26,3,4,11,4,2,3,0,497,105,134,157,114
3321131250,1503919343692,1445,9,2,2,2,2,0,2,2,122,12,4,245,11,4,67,4,7,61,7,4,37,3,4,0,0,0,0,0,238,133,55,3,53,89,4,14,58,4,12,115,3,4,76,11,4,21,7,4,9,1,0,1,1,114,117,91,141,40
3296537764,1502309061109,1820,9,2,2,2,2,2,2,2,63,4,14,67,7,4,112,21,4,36,4,12,104,4,11,0,0,0,0,0,64,31,7,57,238,84,14,4,53,14,4,119,7,4,5,6,11,59,4,12,11,2,1,3,1,25,31,141,51,157
3324871819,1504196693498,2261,9,2,2,1,2,2,2,0,21,7,4,53,4,3,61,4,21,3,4,11,57,12,4,2,0,0,2,0,75,105,18,11,40,44,4,3,67,7,4,33,6,12,90,4,14,60,11,4,11,5,2,3,0,63,122,157,164,29
3324713358,1504188187710,1565,9,1,1,1,1,1,1,1,105,4,14,17,4,12,113,11,4,53,4,14,96,4,7,9,2,1,3,1,40,412,67,119,16,68,4,12,497,3,4,429,7,4,4,14,4,121,4,11,0,0,0,0,0,18,141,31,117,84
3327215467,1504354727520,2300,9,1,1,1,1,2,2,0,201,3,4,222,7,4,39,4,12,238,14,4,141,4,11,10,3,0,3,0,157,11,31,28,105,86,4,12,254,11,4,18,4,7,110,3,4,43,4,3,2,0,1,2,0,40,119,67,134,55
3321122425,1503919750568,1949,9,1,2,2,1,1,1,1,55,4,14,67,7,4,92,4,12,59,4,11,53,4,14,8,2,1,2,1,31,19,18,122,57,223,12,4,101,3,4,64,4,11,51,4,7,131,4,14,9,2,0,0,0,29,516,19,412,157
3246919266,1498925187032,1550,9,2,2,2,2,0,1,0,105,14,4,412,4,3,134,4,12,22,7,4,120,6,11,0,0,0,1,0,67,154,55,157,63,238,4,14,21,4,7,39,4,12,54,3,4,17,4,11,11,3,0,2,0,245,1,154,157,114
3320722488,1503863373673,1460,9,2,2,1,2,2,2,2,44,3,4,67,4,7,113,4,11,61,4,21,157,4,12,1,0,0,0,0,201,29,40,57,238,37,4,3,103,4,14,18,4,7,92,4,12,56,4,11,9,2,1,2,1,122,40,31,238,11
3322366567,1504004005806,1226,9,1,1,1,1,0,1,1,53,4,3,498,4,7,238,14,4,60,11,4,6,4,12,9,2,0,3,1,18,31,23,29,131,54,4,12,25,3,4,34,4,14,19,4,11,51,4,7,0,0,0,0,0,105,22,18,57,157
3297600239,1502386422101,940,9,1,1,1,0,0,1,0,498,7,4,12,14,4,163,4,7,35,14,11,122,4,12,4,0,0,1,0,8,31,57,60,412,42,21,4,141,4,12,113,4,11,40,4,3,202,4,7,0,0,0,0,0,29,96,53,60,-1
3265993269,1500205922490,2408,9,2,1,2,2,2,2,2,497,4,3,50,21,4,498,4,7,83,4,12,35,11,14,3,0,0,0,0,117,141,154,23,16,157,4,14,102,12,4,28,11,4,412,4,3,18,7,4,11,6,2,5,1,238,141,29,114,11
3232615531,1498036449191,1969,9,2,2,2,2,2,1,2,54,14,4,84,14,4,57,4,11,29,7,4,126,12,4,3,0,0,2,0,16,8,45,83,37,3,14,4,64,11,4,157,12,4,202,4,7,497,3,4,9,2,1,1,1,31,154,11,23,238
3329415738,1504510378994,2169,9,2,2,2,2,2,2,1,8,14,4,16,3,4,157,12,4,69,4,14,5,4,11,1,0,0,0,1,114,90,24,105,25,12,4,3,37,4,12,122,4,12,429,4,7,102,4,11,11,5,2,4,0,114,61,141,25,238
3222374146,1497398166096,2185,9,1,1,2,1,1,2,0,33,4,11,44,3,4,236,4,7,31,12,4,8,12,4,10,2,1,2,0,114,498,119,154,92,105,12,4,22,7,4,412,4,3,23,6,11,122,4,12,3,0,0,2,0,38,117,498,80,114
3323991393,1504112381812,1190,9,1,1,1,1,0,1,0,101,4,6,498,4,7,16,4,3,75,4,12,77,11,4,9,2,0,2,0,154,67,53,39,55,412,4,14,236,4,7,54,4,14,50,4,12,421,11,4,0,0,0,0,0,119,157,17,40,516
3300885294,1502566732792,1506,9,2,2,1,2,2,2,2,105,4,14,45,4,14,15,4,7,79,4,11,90,4,12,1,0,0,0,0,113,141,119,57,61,412,4,14,67,4,7,59,4,12,427,11,4,38,4,12,11,2,1,2,1,18,40,76,57,29
3320952819,1503885045025,1528,9,2,1,2,2,0,0,2,119,4,7,516,12,4,38,12,4,64,11,4,432,14,4,0,0,0,0,0,117,31,57,40,53,161,4,21,498,4,7,122,4,12,79,4,11,25,4,14,8,2,0,0,1,117,141,18,238,245
3318210133,1503697143320,2236,9,1,1,2,2,2,1,0,516,4,12,18,4,7,40,3,4,63,14,4,141,11,4,8,2,1,2,0,157,114,75,119,67,21,7,4,6,4,12,134,4,6,19,4,11,267,4,3,7,1,1,1,0,412,31,157,58,8
3329867283,1504545828907,2148,9,2,2,1,2,1,2,2,74,12,4,21,7,4,201,4,3,110,4,21,31,4,11,3,0,1,0,0,40,11,75,18,238,202,7,4,497,3,4,157,4,14,122,4,12,5,11,4,9,2,0,5,1,141,40,412,105,62
3286826659,1501605966835,2205,9,2,2,2,2,2,2,2,33,11,4,84,4,12,18,4,7,103,4,14,43,4,3,0,0,0,0,0,131,19,238,117,29,23,12,4,412,4,3,42,4,7,157,14,4,3,11,4,11,6,1,3,1,117,53,154,11,57
3329475105,1504518637617,2752,9,1,2,2,1,1,2,2,84,14,4,22,4,7,157,12,4,412,4,14,19,11,4,10,4,3,3,0,122,126,61,55,53,420,12,4,81,4,14,29,4,11,161,4,7,15,7,4,3,0,0,2,1,119,163,105,238,141
3324610708,1504180364951,1539,9,1,1,2,1,1,1,0,59,4,11,29,7,4,40,4,3,238,12,4,23,4,12,10,2,1,3,0,117,55,67,122,19,164,4,12,127,4,12,22,4,7,497,4,3,2,11,6,2,0,0,0,0,113,69,117,119,157
3321427053,1503940507916,3085,9,1,2,2,1,1,1,0,141,4,11,102,12,4,236,7,4,516,4,3,76,4,14,11,8,1,4,0,114,51,31,-1,119,54,3,4,18,7,4,78,4,12,5,11,4,81,4,21,9,1,2,1,0,154,41,122,67,40
3330690723,1504601691239,2080,9,2,1,2,2,2,2,2,412,4,3,18,7,4,36,12,4,19,4,11,245,4,14,5,0,0,3,0,7,223,53,29,31,236,7,4,122,4,12,113,11,4,161,4,3,99,12,4,8,2,2,1,1,114,63,31,84,51
3325617594,1504219604221,2127,9,1,2,2,1,1,1,1,254,11,4,12,4,3,157,4,12,498,7,4,91,4,14,11,3,1,3,1,222,86,10,114,84,4,4,21,16,4,3,17,4,14,5,4,11,202,4,14,4,0,0,1,0,24,40,103,238,122
3319331581,1503774691350,1776,9,2,1,1,2,0,2,1,24,4,11,16,3,4,202,7,4,238,4,14,266,4,12,4,0,0,1,1,157,150,141,81,31,122,12,4,64,11,4,201,14,4,90,4,14,51,4,7,9,1,0,3,0,105,31,-1,516,119
3293426666,1502098125606,1610,9,1,1,1,1,0,1,0,57,4,11,150,12,4,63,14,4,161,7,4,119,4,7,10,2,0,2,0,122,141,498,64,51,432,3,4,222,7,4,38,4,14,60,11,4,83,4,12,2,0,0,0,0,11,53,23,31,84
3327362745,1504359896789,1716,9,1,2,2,0,1,1,0,98,12,4,117,4,3,222,4,7,24,4,11,236,4,14,7,0,1,3,0,119,11,53,141,40,80,14,4,103,4,14,33,4,11,412,4,14,202,4,7,3,0,0,0,0,516,64,154,119,38
3317694311,1503663991536,1171,9,1,1,1,1,0,2,0,1,14,4,45,3,4,92,12,4,141,4,11,202,7,4,7,1,0,1,0,119,31,63,54,17,19,11,4,53,3,4,157,4,14,8,4,12,18,7,4,0,0,0,1,0,35,115,498,119,31
3324516050,1504173627505,1306,9,1,1,2,0,0,1,0,24,12,4,60,4,11,126,14,4,429,4,7,432,3,4,6,0,0,2,0,31,23,45,141,157,164,4,12,516,11,4,21,7,4,117,3,4,136,4,6,1,0,0,0,0,238,31,53,202,105
3277842015,1501006004041,1967,9,1,2,1,1,1,1,0,29,11,4,37,4,3,150,4,12,8,14,4,222,7,4,11,3,1,3,0,141,157,1,154,238,15,4,7,17,11,4,41,12,4,91,4,14,201,4,3,0,0,0,0,0,164,119,141,122,51
3330112468,1504556982402,1658,9,2,2,1,2,2,2,2,157,4,12,238,4,14,141,4,11,53,4,7,50,4,14,4,0,0,1,0,8,89,119,114,23,24,12,4,7,4,14,67,7,4,11,4,11,497,3,4,9,2,1,2,1,134,39,114,90,119
3292011760,1501979850411,1421,9,2,1,2,2,2,1,0,240,4,12,19,11,4,432,4,14,68,14,4,202,7,4,3,0,0,1,0,57,119,134,51,31,18,7,4,38,14,4,11,4,11,12,4,14,17,4,14,9,2,1,1,0,79,90,53,157,8
3326334164,1504293387872,1608,9,1,2,1,1,0,1,1,157,4,12,497,4,3,429,7,4,7,4,14,56,11,4,8,1,0,2,1,18,40,150,154,90,201,4,3,29,7,4,19,11,4,86,12,4,105,14,4,1,0,0,0,0,31,53,141,51,23
3327995070,1504400907089,1488,9,1,2,1,0,1,1,2,64,4,11,245,4,12,516,12,4,267,3,4,202,7,4,5,0,1,2,0,122,90,31,75,157,91,14,4,429,4,7,12,4,14,92,12,4,5,11,4,1,0,0,0,1,126,75,113,40,24
3327835336,1504388225292,2669,9,1,2,2,1,2,1,0,119,4,7,92,4,12,76,4,11,238,4,14,432,3,4,7,1,0,2,0,127,157,3,53,497,40,3,4,26,4,3,141,4,11,516,4,12,81,7,4,5,0,1,1,0,157,105,98,75,29
3262391596,1499953631794,2129,9,2,1,2,1,1,2,1,202,4,7,17,4,14,55,4,14,154,4,11,44,4,3,6,1,1,2,1,51,420,141,103,119,11,4,11,236,4,7,84,12,4,16,4,3,157,14,4,11,3,0,2,0,19,119,51,122,27
3281367073,1501244265025,192,9,1,0,0,0,0,0,0,26,4,3,15,4,7,157,14,4,6,4,12,120,6,11,0,0,0,0,0,80,119,154,61,91,141,11,4,54,12,4,238,4,14,63,4,14,81,7,4,0,0,0,0,0,154,79,201,75,31
3328320155,1504446030130,1214,9,1,2,1,0,0,1,1,121,11,4,34,4,14,122,4,12,222,7,4,412,3,4,5,0,0,1,1,53,157,31,63,103,89,4,11,57,12,4,432,4,3,134,14,4,22,4,7,0,0,0,0,0,102,31,29,59,157
3323446016,1504101380126,1785,9,2,2,1,2,0,2,1,98,4,11,412,4,3,18,7,4,112,4,14,91,4,12,2,0,0,0,1,105,92,516,238,51,141,11,4,39,4,12,429,4,7,53,4,14,245,14,4,10,1,0,3,0,67,122,29,157,238
3305239282,1502832603318,2589,9,1,1,2,1,1,1,1,121,4,11,223,4,7,18,4,3,75,12,4,161,4,21,9,3,2,2,1,6,141,38,67,154,25,4,3,202,7,4,28,4,11,91,4,14,150,12,4,7,0,0,3,0,57,40,99,117,31
3323989283,1504114614403,1779,9,2,2,2,2,0,1,0,61,4,14,120,11,6,164,4,12,98,4,3,236,4,7,3,0,0,2,0,74,516,238,105,157,91,14,4,141,11,4,150,12,4,498,4,7,497,4,3,7,1,0,0,0,28,17,157,103,53
3323495667,1504101597398,1426,9,1,2,1,1,0,1,1,8,12,4,516,12,4,412,3,4,81,7,4,11,11,4,7,1,0,2,1,245,25,24,114,31,40,4,3,157,4,14,202,4,7,113,4,11,48,12,4,1,0,0,0,0,119,122,154,105,150
3330115399,1504557777317,1689,9,1,1,1,1,0,1,1,267,4,3,32,11,4,61,4,21,122,4,12,202,4,7,11,3,0,3,1,11,79,516,18,498,25,14,4,72,12,4,67,7,4,64,4,11,43,4,3,1,0,0,0,0,18,40,157,238,31
3324682321,1504184980703,193,9,2,1,0,0,0,0,0,42,4,12,64,11,4,25,4,3,421,4,12,429,4,7,0,0,0,0,0,48,7,238,117,266,22,4,7,412,14,4,113,11,4,44,4,12,161,4,21,0,0,0,0,0,29,40,117,134,141
3321834909,1503959937815,1588,9,1,2,1,1,0,1,1,99,4,14,23,4,12,59,11,4,267,4,7,222,4,21,11,2,0,3,1,55,516,53,141,-1,45,21,4,24,11,4,54,4,3,29,4,7,157,12,4,3,0,0,0,0,238,53,67,31,114
3285867240,1501537820781,1106,9,2,1,2,2,0,2,2,238,12,4,117,1,4,56,11,4,18,4,7,223,3,4,0,0,0,0,0,31,40,154,122,141,4,14,4,35,11,14,222,7,4,412,3,4,79,4,12,7,1,0,1,1,57,75,74,31,90
3327553311,1504370832860,1900,9,1,2,1,1,0,1,0,92,4,12,236,4,7,1,4,3,62,4,11,157,14,4,8,1,0,2,0,75,69,31,119,81,23,12,4,51,4,7,161,21,4,16,4,11,117,7,4,4,0,0,0,0,267,53,432,238,55
3221707624,1497359182113,1652,9,1,2,1,1,1,1,2,254,4,11,74,4,21,222,7,4,122,12,4,117,3,4,8,1,1,3,0,57,103,92,119,154,412,3,4,67,7,4,54,4,12,157,4,3,79,11,4,4,0,0,0,1,236,154,498,105,119
3321141671,1503919895535,2199,9,1,2,1,1,1,1,1,33,4,11,68,12,4,8,4,14,25,4,3,202,7,4,11,5,1,3,1,117,18,29,40,141,223,4,3,96,4,7,61,6,4,24,4,12,516,11,4,1,0,1,0,0,67,117,238,18,57
3235538544,1498223012199,1010,9,1,1,1,0,0,1,0,201,4,3,21,7,4,23,11,4,80,4,14,13,12,4,1,0,0,1,0,98,51,17,157,7,122,12,4,35,4,11,92,4,21,222,7,4,40,7,4,0,0,0,0,0,44,498,53,240,19
3293523721,1502107605623,1757,9,2,1,2,2,2,1,0,18,4,7,2,4,11,78,4,12,105,21,4,40,4,3,4,0,0,2,0,92,11,157,38,28,67,4,7,412,3,4,134,4,6,141,4,11,30,3,4,7,1,1,0,0,85,238,107,154,91
3317012458,1503596820726,1821,9,1,2,1,1,1,1,1,119,7,4,102,4,11,92,12,4,238,4,14,516,3,4,11,3,1,3,1,40,126,64,75,154,24,12,4,103,14,4,141,4,11,51,7,4,117,3,4,0,0,0,0,0,29,31,114,40,11
3319814711,1503833229442,1510,9,1,1,1,1,0,2,1,55,4,14,143,4,14,238,4,12,22,7,4,141,4,11,11,3,0,1,1,154,12,119,57,18,1,4,12,67,4,7,86,12,4,11,11,14,89,3,4,1,0,0,1,0,114,150,57,45,24
3327953514,1504394980797,2290,9,2,1,1,1,2,1,1,61,12,4,222,4,7,412,14,4,59,12,4,131,11,4,6,2,0,2,1,202,35,498,5,17,67,4,7,3,4,12,86,4,14,141,4,11,117,3,4,7,1,1,0,0,245,113,40,420,122
3327873113,1504390550585,1969,9,1,1,1,2,2,1,2,25,3,4,141,4,11,51,4,7,245,4,14,126,4,12,7,1,0,2,0,61,114,121,18,11,24,4,12,238,4,14,412,14,4,78,11,4,119,4,7,8,2,2,0,1,6,57,31,40,117
3325743143,1504232410638,1845,9,2,2,2,2,0,2,0,141,11,4,41,12,4,98,14,4,67,7,4,131,4,14,0,0,0,0,0,63,31,117,42,238,157,4,14,245,12,4,16,7,4,119,7,4,29,4,11,10,2,0,3,0,75,40,54,90,51
3326427986,1504299404359,2419,9,1,1,2,2,2,2,0,117,3,4,29,7,4,126,4,12,79,4,11,115,12,4,6,1,0,0,0,113,238,245,498,40,131,4,12,122,14,4,53,4,3,222,4,7,19,4,11,10,2,2,5,0,40,61,57,114,31
3284258021,1501436728499,1866,9,1,1,2,1,1,2,1,86,4,14,23,4,11,79,4,12,412,4,14,67,4,7,11,3,1,2,1,141,51,75,64,238,18,7,4,89,4,3,115,4,21,45,4,12,59,11,4,3,0,0,1,0,498,157,31,6,154
3321997301,1503966105606,1574,9,1,1,1,1,0,1,0,92,4,12,28,4,11,81,4,7,7,4,14,37,4,3,7,2,0,2,0,254,53,238,11,105,157,4,12,121,4,11,34,4,12,1,3,4,63,4,7,1,0,0,0,0,5,122,238,67,53
3284057283,1501424834329,2257,9,1,1,1,1,2,1,0,39,12,4,24,4,11,61,12,4,236,4,7,25,3,4,10,2,1,5,0,31,64,19,238,6,42,4,7,51,4,7,497,4,14,150,4,12,32,11,4,3,0,1,0,0,38,6,157,238,141
3330491639,1504578390848,1803,9,1,2,2,1,1,1,0,17,4,12,157,14,4,154,11,4,497,3,4,51,4,7,10,4,1,3,0,91,8,245,90,23,141,11,4,412,3,4,119,7,4,114,12,4,99,14,4,2,0,0,0,0,11,55,122,24,29
3323323661,1504093928285,2856,9,2,2,2,1,2,2,0,245,14,4,27,6,4,106,14,4,420,4,12,60,4,11,10,5,0,3,0,141,24,114,498,238,53,4,14,42,4,6,15,4,7,516,4,12,2,4,11,9,2,2,1,0,105,17,103,31,122
3261968658,1499900109578,1744,9,2,2,2,2,0,2,2,497,4,3,498,4,7,141,4,12,103,4,14,57,4,11,0,0,0,1,0,51,19,154,55,157,202,4,7,58,4,12,16,4,3,79,11,4,4,4,14,11,2,0,1,1,154,240,157,53,29
3243705526,1498733267003,1449,9,2,2,2,2,2,2,2,3,4,14,41,12,4,67,4,7,432,11,4,92,3,4,0,0,0,0,0,202,51,157,154,29,37,3,4,10,4,12,114,4,12,79,4,11,236,4,7,11,3,1,3,1,238,117,105,103,19
3304019642,1502750570828,1779,9,1,2,2,1,1,1,0,29,7,4,267,4,3,103,14,4,74,4,12,56,4,11,11,2,1,3,0,40,31,157,119,117,22,7,4,4,14,4,79,11,4,37,4,3,80,4,14,1,0,0,0,0,238,122,31,57,61
3326236215,1504288082664,1497,9,1,1,1,1,0,1,0,15,7,4,238,4,14,420,4,14,16,3,4,31,11,4,8,1,0,2,0,122,119,75,201,18,37,14,4,114,4,12,67,4,7,24,11,4,36,4,14,1,0,0,0,0,29,79,51,83,105
3322915764,1504038163999,2556,9,2,1,2,2,1,2,0,81,4,14,201,3,4,60,11,4,240,12,4,222,4,7,7,1,2,0,0,157,79,84,29,53,24,14,4,429,7,4,1,4,14,57,4,11,25,4,3,9,4,0,5,0,105,141,134,6,31
3315198191,1503488734621,1822,9,1,1,2,1,0,2,0,238,4,12,222,4,7,2,6,11,105,14,4,432,3,4,6,1,0,2,0,117,18,16,40,31,161,4,21,64,11,4,497,14,4,498,4,7,62,4,12,2,0,0,1,0,11,119,201,38,114
3264116678,1500062269194,1805,9,2,1,2,2,2,2,0,111,3,4,59,11,4,63,4,14,30,4,12,51,4,7,0,0,0,0,0,19,7,238,141,84,236,7,4,92,12,4,53,4,3,157,4,14,432,4,11,10,2,1,3,0,58,141,201,29,154
3311179607,1503234291357,2238,9,1,2,2,1,0,1,2,117,3,4,22,4,7,56,4,11,99,21,4,122,4,12,9,2,0,2,0,53,23,119,89,103,121,4,11,41,3,4,15,7,4,150,12,4,50,4,12,4,0,0,2,1,11,67,61,157,18
3256112061,1499543540780,1957,9,1,2,1,1,1,2,0,89,3,4,202,7,4,39,12,4,79,4,11,61,4,14,11,1,1,1,0,238,114,157,154,29,236,4,7,98,12,4,101,7,4,76,11,4,412,4,3,2,0,0,1,0,154,157,20,59,51
3277533048,1500987298929,1342,9,1,2,1,1,1,1,2,55,11,4,29,4,11,222,4,7,14,4,12,37,14,4,8,1,1,2,0,19,154,119,117,157,32,4,11,13,12,4,412,4,3,110,4,7,238,14,4,1,0,0,1,1,64,117,157,31,67
3330863410,1504614394967,2208,9,2,2,2,2,0,2,0,20,14,4,421,4,11,119,4,7,432,4,3,85,4,12,3,0,0,1,0,266,11,64,17,157,238,4,14,78,4,11,67,4,12,498,4,7,497,4,3,9,1,0,1,0,420,53,105,75,90
3289323382,1501793430921,1443,9,1,1,1,1,1,1,0,90,4,3,41,4,12,17,4,12,236,4,7,19,4,11,11,3,1,3,0,31,21,157,202,238,29,4,7,432,3,4,141,4,14,64,11,4,107,12,14,0,0,0,0,0,24,122,119,57,497
3276059749,1500891061990,1592,9,2,1,2,2,2,2,2,30,12,4,16,3,4,498,7,4,114,4,12,23,11,4,0,0,0,0,0,38,31,154,119,7,421,11,4,161,6,4,43,4,14,202,4,7,92,12,4,11,2,1,3,1,57,105,53,157,31
3324884381,1504197537154,2356,9,2,1,2,2,2,1,0,23,14,4,119,4,7,412,3,4,5,4,11,34,4,14,5,0,0,4,0,18,98,113,29,58,9,3,4,102,11,4,15,4,7,122,12,4,238,4,14,10,4,2,0,0,16,105,266,75,40
3296711114,1502316354237,1766,9,2,2,2,2,2,2,2,53,3,4,99,4,14,79,4,11,110,7,4,92,12,4,1,0,0,0,0,84,67,55,141,6,105,14,4,68,12,4,201,4,3,11,11,4,18,4,7,11,2,1,4,1,498,122,157,23,86
3262908026,1499981291155,2166,9,1,1,1,1,1,2,0,22,7,4,161,4,21,267,3,4,141,12,4,19,11,4,10,3,1,1,0,119,122,103,154,51,79,11,4,236,4,7,89,4,3,91,4,14,39,4,12,3,0,0,2,0,238,157,11,92,154
3325791467,1504253706718,1670,9,1,1,1,1,0,1,1,90,4,14,32,4,11,236,4,7,412,4,3,41,4,12,11,2,0,3,1,23,119,91,202,498,86,4,7,37,4,3,15,4,7,77,4,11,105,4,14,1,0,0,0,0,31,39,53,157,29
3329777804,1504540644993,3078,9,1,2,1,1,1,1,0,141,11,4,432,3,4,21,4,7,157,14,4,91,4,12,11,6,1,4,0,99,23,79,222,131,50,12,4,51,7,4,32,11,4,238,4,14,412,4,3,5,0,0,0,0,122,67,99,23,11
3252998881,1499330537518,1801,9,2,2,2,2,2,1,1,18,4,7,84,4,14,16,3,4,254,4,11,81,4,14,3,0,0,1,1,53,240,122,157,19,8,4,14,20,11,4,432,3,4,96,4,7,150,12,4,10,2,1,2,0,11,114,154,238,498
3328239143,1504442792000,1209,9,1,2,1,0,0,1,0,105,4,14,39,12,4,121,11,4,12,14,4,51,4,7,4,0,0,1,0,238,75,157,112,122,103,4,14,24,4,11,498,7,4,497,4,14,23,12,4,0,0,0,1,0,63,516,57,40,1
3301142181,1502575560330,2513,9,2,1,2,2,1,1,0,37,3,4,17,4,12,76,11,4,61,4,14,222,7,4,6,0,1,1,0,240,74,157,141,238,69,4,6,75,4,12,25,4,3,29,7,4,62,11,14,10,3,1,3,0,420,134,53,28,119
3274346110,1500750715122,1771,9,1,2,1,1,0,1,1,37,4,3,90,4,14,67,4,7,64,4,11,91,4,14,9,2,0,2,1,113,117,31,238,18,202,4,7,53,3,4,8,6,4,240,12,4,28,11,4,1,0,0,0,0,114,119,3,141,31
3326175995,1504284858214,1597,9,2,2,2,2,0,2,0,117,4,12,222,7,4,267,7,4,126,14,4,64,11,4,0,0,0,0,0,134,53,40,29,238,5,4,11,131,12,4,498,7,4,86,3,4,23,12,4,10,2,0,2,0,141,31,67,24,55
3246227217,1498857405370,1423,9,1,1,1,1,0,1,1,150,4,12,119,7,4,254,11,4,67,7,4,63,14,4,11,3,0,3,1,61,114,498,17,236,497,3,4,79,11,4,21,7,4,54,4,12,38,12,4,0,0,0,0,0,154,114,157,51,117
3326680403,1504339031996,2083,9,1,1,1,1,1,1,1,37,3,4,21,7,4,238,4,14,64,4,11,2,4,12,11,4,1,3,1,420,19,119,67,1,143,4,3,99,21,4,32,4,11,83,12,4,18,4,7,1,0,0,1,0,245,157,11,119,105
3321077059,1503917453760,1924,9,2,2,2,2,2,2,2,150,4,12,154,11,4,236,7,4,4,6,4,16,3,4,2,0,0,0,0,157,29,103,31,63,62,12,4,119,7,4,44,14,4,101,21,4,102,4,11,9,2,1,4,1,79,157,141,31,55
3323072057,1504046647884,2261,9,2,2,1,1,2,2,0,25,14,4,18,4,7,24,4,12,113,11,4,238,4,14,4,1,0,0,0,40,67,245,55,117,141,4,11,61,3,4,498,7,4,432,4,3,133,4,14,9,2,1,4,0,114,40,63,429,64
3288781083,1501759317497,2229,9,2,2,1,0,2,1,0,40,4,3,163,4,3,19,12,4,18,7,4,36,4,11,4,0,0,1,0,31,157,238,122,164,67,4,7,25,4,3,245,4,12,79,11,4,24,4,12,7,0,1,2,0,141,6,122,238,53
3321414289,1503939542936,1372,9,2,2,2,2,2,2,2,75,4,12,19,4,11,157,14,4,412,3,4,202,7,4,1,0,0,0,0,113,31,114,40,67,497,3,4,429,7,4,80,4,12,103,14,4,59,11,4,10,2,1,2,1,141,238,122,16,17
3319346643,1503776173812,2721,9,1,2,2,2,2,2,1,99,21,4,5,4,11,82,4,12,497,14,4,498,7,4,7,1,0,1,1,96,105,245,120,420,110,4,7,83,4,12,115,4,7,267,4,3,266,11,4,8,2,3,4,0,89,114,412,31,157
3323671731,1504103228889,1589,9,2,2,1,2,2,2,2,14,4,14,119,4,7,497,3,4,103,4,14,154,11,4,2,0,0,0,0,117,40,96,90,141,266,11,4,157,4,14,51,4,7,37,3,4,57,12,4,8,1,1,2,1,75,498,141,18,245
3320503604,1503852830901,1104,9,1,1,1,0,0,2,0,412,4,3,120,11,6,127,4,14,81,4,7,5,12,4,1,0,0,0,0,75,126,64,18,11,238,14,4,133,7,4,43,4,3,29,11,4,157,12,4,0,0,0,1,0,141,36,117,122,26
3323372614,1504097399574,1350,9,2,1,1,0,0,2,2,498,7,4,238,4,14,99,3,4,48,12,4,427,11,4,1,0,0,0,0,53,122,157,134,119,203,4,11,6,12,4,115,14,4,412,4,14,96,21,4,3,0,0,2,1,28,59,37,31,516
3325608428,1504219707112,1930,9,2,2,1,2,2,1,2,141,4,11,4,4,14,41,4,3,21,7,4,37,3,4,5,0,0,2,0,31,16,122,24,40,96,1,4,64,4,11,67,7,4,89,14,4,23,4,12,10,2,1,0,1,40,25,122,157,18
3318251009,1503697409482,3698,9,1,1,2,1,1,2,1,64,11,4,74,4,21,17,14,4,201,4,14,18,4,7,11,4,3,3,1,31,90,114,8,157,122,12,4,143,3,4,103,4,21,202,4,7,59,11,4,7,0,1,3,0,157,29,53,11,67
3303895589,1502743528392,1585,9,1,2,1,1,0,1,2,9,11,4,41,4,12,25,14,4,21,7,4,90,21,4,10,2,0,1,0,36,222,245,157,11,119,4,7,40,4,3,28,11,4,38,12,4,24,12,4,1,0,0,0,1,141,117,114,31,498
3268917350,1500393378178,1215,9,1,1,1,0,0,1,0,154,11,4,61,4,6,429,7,4,92,4,12,40,4,3,3,0,0,1,0,28,240,29,157,7,121,4,11,53,14,4,27,12,6,67,7,4,99,4,3,0,0,0,0,0,238,51,126,157,33
3323978039,1504114044021,1369,9,1,2,1,1,0,1,0,161,4,14,111,4,3,429,4,7,17,4,12,141,4,11,7,1,0,1,0,25,80,18,266,245,64,21,11,79,12,14,1,14,4,89,3,4,110,7,4,0,0,0,0,0,13,119,55,53,420
3327713343,1504379867312,2424,9,2,2,1,1,2,2,0,28,6,11,37,7,4,51,1,4,59,4,12,90,4,12,8,2,0,3,0,157,114,11,154,31,222,7,4,16,3,4,38,4,12,254,4,11,84,4,12,8,1,2,1,0,34,40,11,157,497
3324210023,1504126044932,2053,9,1,2,1,1,2,1,0,61,4,21,150,4,12,21,7,4,40,4,14,113,4,11,9,1,0,2,0,117,31,29,114,154,412,4,14,141,4,11,236,4,7,420,4,12,8,14,4,6,0,1,0,0,18,126,90,119,31
3328482587,1504450888361,2361,9,1,2,1,1,1,1,1,104,11,4,9,3,4,222,7,4,59,12,4,99,4,21,8,2,2,3,1,497,31,157,412,238,78,4,3,42,4,7,107,11,4,122,12,4,81,4,3,3,0,0,1,0,53,61,18,238,92
3253994317,1499383369748,1692,9,1,2,1,1,1,2,1,51,4,7,89,4,3,98,12,4,56,4,11,8,4,6,11,3,1,2,1,119,134,238,53,23,57,4,11,81,21,4,117,3,4,110,7,4,5,4,12,2,0,0,1,0,1,24,67,157,32
3326641197,1504310641396,1791,9,2,1,2,2,0,2,2,64,11,4,131,4,14,54,12,4,40,4,3,67,4,7,0,0,0,0,0,16,117,59,119,31,89,4,14,21,4,7,112,4,12,79,4,12,121,4,11,10,4,0,3,1,238,117,115,114,31
3304138693,1502758110128,1529,9,2,2,2,2,0,1,1,54,4,12,7,4,14,64,4,11,222,4,7,37,4,3,2,0,0,1,1,18,17,55,5,84,21,7,4,45,14,4,157,12,4,131,4,14,29,11,4,10,2,0,1,0,119,238,89,245,117
3324195692,1504124624700,2116,9,1,2,1,1,0,1,1,412,4,3,134,4,14,141,4,11,202,7,4,80,12,4,8,1,0,1,1,45,17,157,19,53,497,4,14,64,4,11,58,12,4,245,4,14,21,4,7,5,0,0,2,0,103,53,236,157,105
3215107960,1496925585697,2211,9,2,1,2,2,2,2,0,157,4,12,432,3,4,99,14,4,51,4,7,54,11,4,5,0,0,0,0,498,55,161,122,57,64,4,11,69,3,4,29,4,7,117,4,3,245,4,12,8,1,2,4,0,61,412,240,154,53
3330768291,1504611265040,1636,9,2,2,2,2,0,2,2,18,7,4,412,4,3,134,4,14,516,11,4,150,12,4,2,0,0,0,0,31,55,157,141,21,80,14,4,497,4,14,202,7,4,24,4,11,131,4,12,9,2,0,3,1,122,23,157,119,267
3330846120,1504615017705,1481,9,2,1,2,2,2,2,2,18,7,4,4,4,14,29,4,11,63,14,4,126,12,4,1,0,0,0,0,38,154,117,105,157,57,12,4,64,4,11,15,4,7,40,4,3,90,4,14,9,2,1,2,1,67,11,103,117,16
3256661596,1499558848896,2381,9,1,2,2,1,2,2,1,245,4,14,51,4,7,427,11,4,36,4,12,1,4,14,10,1,0,1,1,157,238,136,114,119,202,4,7,64,4,11,50,4,12,412,14,4,63,4,14,4,0,1,3,0,5,254,23,105,157
3330847000,1504615336930,1752,9,1,2,2,1,1,1,2,102,4,12,105,4,14,497,4,14,19,11,4,29,7,4,10,1,1,2,0,55,61,31,16,114,141,4,11,81,7,4,37,3,4,420,12,4,161,4,7,3,0,0,1,1,40,150,18,53,90
3318042506,1503686931351,1736,9,1,2,1,1,1,2,1,86,4,12,60,11,4,105,4,14,21,4,7,111,3,4,8,1,1,2,1,126,119,29,245,157,40,3,4,18,4,7,238,4,14,79,4,11,80,4,14,1,0,0,1,0,157,90,131,122,236
3329672631,1504533751493,2243,9,2,1,1,2,2,2,0,236,4,3,72,11,4,85,4,12,201,3,4,18,4,7,3,0,1,0,0,117,154,113,429,29,15,7,4,412,4,14,141,4,11,150,4,12,157,14,4,9,2,1,3,0,40,126,7,38,113
3314206139,1503430282405,1425,9,2,2,2,0,0,2,0,64,4,11,37,4,3,498,4,7,55,14,4,83,4,12,2,0,0,0,0,420,113,238,421,412,222,4,7,58,12,4,57,11,4,117,3,4,91,14,4,4,0,0,3,0,35,157,121,114,40
3330070165,1504556708068,1853,9,1,1,1,1,0,1,0,103,7,4,150,4,12,516,4,3,67,7,4,32,11,4,8,1,0,2,0,105,51,119,1,31,497,3,4,81,4,7,83,4,12,64,4,11,99,12,4,1,0,0,0,0,119,222,90,42,23
3284559635,1501451560219,1932,9,1,2,1,1,0,1,0,245,4,12,29,4,11,110,4,1,63,4,14,99,4,21,9,2,0,3,0,41,11,497,31,238,420,12,4,92,4,11,67,4,7,412,4,3,134,4,21,2,0,0,0,0,40,157,84,25,141
3325318243,1504210244238,2318,9,2,1,2,2,1,1,2,53,3,4,24,4,12,23,4,11,103,4,14,429,4,7,3,0,1,1,0,126,40,10,122,238,67,4,7,38,12,4,113,11,4,201,3,4,2,6,12,10,4,1,4,1,18,141,154,238,92
3304691100,1502811090836,2245,9,1,2,1,1,1,2,1,57,11,4,82,4,14,40,3,4,90,4,14,119,7,4,9,3,1,2,1,238,157,114,64,53,55,12,4,117,3,4,11,6,11,29,7,4,161,7,4,7,0,0,3,0,201,18,8,498,154
3329717375,1504537555021,2379,9,2,2,1,1,1,1,2,202,4,7,69,12,4,40,3,4,61,14,4,14,4,11,4,1,2,3,0,18,113,29,245,238,96,4,7,79,4,12,412,4,14,38,4,14,64,11,4,10,2,1,1,1,119,8,75,141,31
3326237911,1504288598345,1877,9,2,2,2,2,2,2,2,103,4,14,35,12,14,44,3,4,18,4,7,141,4,11,0,0,0,0,0,420,31,113,29,30,429,4,7,516,4,3,99,21,4,57,11,4,122,12,4,11,6,1,3,1,45,63,67,238,133
3310815567,1503185574149,1839,9,2,1,2,2,1,2,2,16,3,4,121,4,11,67,4,7,3,4,12,91,14,4,1,0,1,0,0,53,105,18,412,117,35,11,14,61,3,4,37,4,14,21,4,7,41,12,4,11,3,0,3,1,29,57,33,58,119
3323492739,1504100750564,1492,9,2,1,2,2,0,2,2,61,4,12,48,11,4,18,4,7,58,12,4,432,4,3,1,0,0,0,0,113,33,117,31,40,53,14,4,120,6,11,429,4,7,83,4,12,268,7,4,11,3,0,2,1,498,5,29,75,119
3321668685,1503954292636,2049,9,2,1,1,2,2,1,2,82,4,12,78,4,3,101,21,4,2,11,6,67,7,4,5,0,0,2,0,86,122,34,143,121,103,4,14,222,7,4,412,3,4,104,11,4,20,4,12,6,1,1,1,1,516,105,9,114,238
3277255379,1500941023393,1120,9,2,2,2,0,0,2,2,238,4,14,79,11,4,1,3,4,8,12,4,21,4,7,0,0,0,0,0,114,53,31,119,497,38,4,12,92,4,12,51,7,4,20,4,11,40,4,3,4,0,0,2,1,154,157,91,121,141
3330217283,1504565350322,2339,9,2,2,2,1,2,2,1,23,12,14,10,4,12,96,4,7,11,4,11,497,4,3,7,1,0,2,1,238,105,74,33,31,64,11,4,143,4,3,61,4,6,122,4,6,110,4,7,7,1,1,3,0,16,31,412,157,113
3330081554,1504554597879,1080,9,1,1,1,1,0,1,1,222,7,4,136,4,3,497,14,4,62,11,4,17,12,4,6,1,0,1,1,40,157,31,238,164,41,4,12,150,4,12,79,11,4,96,21,4,117,4,7,0,0,0,0,0,201,11,29,114,18
3329989600,1504551628296,2141,9,2,2,1,2,2,2,0,25,4,3,21,7,4,161,21,4,75,4,12,113,11,4,4,0,0,0,0,236,31,111,238,16,201,4,3,51,4,7,103,4,14,121,4,11,122,6,12,9,2,2,3,0,67,55,105,141,157
3309934764,1503156718717,1364,9,2,2,2,2,0,2,2,117,3,4,99,21,4,96,4,7,17,12,4,113,4,11,0,0,0,0,0,58,238,53,119,40,236,7,4,268,14,4,497,3,4,29,11,4,150,4,12,11,2,0,2,1,55,103,80,238,105
3304431160,1502796475314,1905,9,1,1,1,1,0,1,0,63,4,3,7,14,4,92,4,12,33,11,4,498,4,7,9,2,0,1,0,114,11,51,17,61,23,4,12,245,4,12,53,4,14,21,4,7,203,11,4,2,0,0,1,0,141,119,69,75,51
3327218619,1504355722915,1756,9,1,2,1,1,1,1,1,121,11,4,61,21,4,40,4,14,15,4,7,10,4,12,11,2,2,3,1,157,29,412,164,31,497,3,4,24,4,12,103,4,14,18,4,7,141,11,4,2,0,0,0,0,29,238,8,53,117
3265465586,1500148161461,2728,9,2,1,1,2,2,2,0,67,4,12,24,4,11,236,7,4,91,14,4,63,4,3,4,0,0,1,0,114,51,105,64,119,157,14,4,102,4,11,107,12,4,498,4,7,432,14,4,11,6,2,3,0,29,164,5,19,51
3321550641,1503946909316,2210,9,2,2,2,2,1,2,0,497,3,4,498,7,4,103,14,4,24,4,11,68,12,4,4,0,1,2,0,53,51,238,105,114,54,4,14,89,3,4,429,7,4,131,12,4,77,4,11,11,3,0,1,0,134,122,157,51,25
3329494185,1504518578929,2075,9,2,2,2,2,2,2,1,516,3,4,19,4,11,164,4,12,21,4,7,8,4,6,2,0,0,1,1,51,55,64,119,40,498,4,7,69,4,6,60,4,11,54,14,4,114,12,4,11,3,1,2,0,17,412,157,31,105
3234654144,1498155420139,2524,9,2,1,2,1,2,2,0,202,7,4,59,4,11,3,4,12,63,4,3,99,21,4,6,1,0,1,0,157,498,53,120,154,143,14,4,240,4,12,77,4,11,119,7,4,103,4,14,9,2,2,4,0,114,154,51,157,64
3271584943,1500560687116,1214,9,1,2,1,1,0,1,1,112,12,4,55,12,4,24,4,11,37,4,7,43,4,3,8,1,0,2,1,157,141,122,44,29,2,11,4,202,7,4,25,3,4,245,14,4,432,4,12,1,0,0,0,0,412,143,63,17,126
3319730299,1503826957111,2346,9,1,2,2,1,1,2,1,202,4,7,98,12,4,7,4,14,19,11,4,16,4,3,8,1,1,0,1,67,238,134,40,3,29,4,7,6,4,12,89,4,14,86,14,11,99,14,4,8,1,0,3,0,164,157,122,40,516
3310168746,1503163145013,1410,9,1,1,1,1,0,1,2,107,12,4,57,11,4,51,4,7,3,12,4,201,4,3,8,1,0,1,0,122,25,113,103,105,222,4,7,238,14,4,89,3,4,86,4,14,5,11,4,3,0,0,1,1,157,141,412,53,126
3327459555,1504366879775,1659,9,1,1,1,1,1,1,0,22,4,7,412,14,4,79,12,4,29,4,11,161,21,4,9,1,1,1,0,150,96,429,38,-1,126,4,12,236,7,4,57,4,11,117,7,4,15,7,4,1,0,0,0,0,7,150,40,16,497
3329713820,1504536580240,1243,9,1,2,1,0,0,2,0,51,7,4,48,12,6,238,4,14,203,4,11,44,4,3,2,0,0,1,0,90,23,157,29,105,40,4,3,18,7,4,141,11,4,6,4,3,68,4,12,0,0,0,1,0,119,29,103,412,53
3331490392,1504655400913,2716,9,2,2,1,2,2,2,2,24,12,4,16,4,3,126,4,12,141,4,11,21,4,7,5,0,0,1,0,103,498,105,122,63,238,4,14,113,4,11,4,4,7,53,3,4,25,4,3,10,5,1,4,1,11,75,40,51,38
3286858007,1501606915479,1866,9,2,2,2,2,0,1,0,81,4,7,154,11,4,40,4,3,136,14,4,48,4,12,3,0,0,2,0,157,238,6,64,498,42,4,7,16,4,3,134,4,14,11,4,11,10,12,4,9,2,0,1,0,53,55,106,157,498
3247208372,1498940383736,1764,9,1,1,1,1,1,1,2,236,4,14,11,11,4,498,4,7,117,4,14,122,4,12,11,3,1,2,0,134,150,51,143,154,59,4,11,245,14,4,22,4,7,92,4,12,267,14,4,2,0,0,0,1,58,114,67,119,51
3322517044,1504015321980,2769,9,1,2,1,2,2,2,1,67,4,7,23,4,12,53,4,3,105,4,14,64,4,11,10,2,1,3,1,119,24,420,122,103,141,12,4,29,7,4,37,7,14,99,14,4,5,4,11,9,3,2,2,0,31,11,122,157,119
3323372061,1504097182631,2151,9,1,1,2,1,2,1,0,17,12,4,81,4,14,29,4,7,223,4,3,102,11,4,10,3,0,1,0,11,57,157,40,31,163,4,7,67,4,7,201,4,3,83,12,4,60,4,11,7,0,1,3,0,23,40,157,119,238
3226408632,1497645193719,1863,9,2,1,1,2,2,1,0,99,14,4,25,3,4,119,7,4,122,4,12,11,11,4,4,0,0,2,0,29,1,53,17,81,28,4,11,236,4,7,55,4,14,201,4,3,98,12,4,8,1,1,2,0,126,157,114,154,105
3241780456,1498594335653,2115,9,2,2,2,2,2,2,0,268,4,21,24,12,4,412,3,4,9,11,4,18,7,4,3,0,0,1,0,74,55,114,23,498,64,4,11,157,4,12,89,3,4,115,4,21,119,7,4,11,3,1,3,0,48,51,154,114,238
3285841079,1501535607840,1931,9,2,2,2,2,0,2,2,18,4,7,267,4,3,157,4,12,103,4,14,238,11,4,1,0,0,0,0,31,55,75,7,141,54,4,12,99,4,21,51,4,7,25,14,4,11,11,4,11,3,0,4,1,55,19,67,121,35
3319800526,1503831317168,192,9,2,0,0,0,0,0,0,81,7,4,90,3,4,57,4,12,412,14,4,102,4,11,0,0,0,0,0,117,516,31,29,40,79,4,11,267,3,4,238,4,14,429,4,7,84,14,12,0,0,0,0,0,64,18,117,12,40
3259402130,1499784509134,1261,9,2,2,2,2,0,2,0,497,4,3,84,4,12,119,7,4,61,21,4,62,4,11,0,0,0,0,0,90,51,59,29,154,55,14,4,64,11,4,412,3,4,41,12,4,498,7,4,11,3,0,1,0,51,38,114,154,8
3331011764,1504623566413,1355,9,2,1,2,2,0,2,2,25,4,14,67,4,7,39,4,12,5,4,11,8,14,4,3,0,0,1,0,40,117,29,16,38,245,12,4,64,4,11,61,4,6,497,3,4,18,7,4,9,2,0,2,1,119,29,117,31,141
3324308575,1504132063241,1662,9,2,2,2,2,2,2,0,25,14,4,80,11,4,6,12,4,29,4,7,161,3,4,2,0,0,0,0,81,24,53,51,122,99,4,7,222,4,7,412,4,3,39,4,12,19,4,11,7,2,1,2,0,154,119,89,238,92
3318199826,1503697109363,1305,9,1,1,1,1,0,0,0,69,3,4,119,4,7,141,4,11,111,4,3,45,4,12,10,2,0,0,0,238,516,40,134,-1,19,4,12,222,7,4,117,3,4,29,4,11,103,14,4,0,0,0,0,0,157,11,31,53,114
3329054604,1504464087011,1271,9,1,1,1,0,0,1,0,21,4,7,54,12,4,37,4,3,5,4,11,11,4,12,4,0,0,1,0,80,53,31,245,75,122,12,4,55,4,14,412,3,4,121,4,11,81,4,7,0,0,0,0,0,60,31,53,89,157
3315999657,1503539593232,1784,9,2,2,1,2,2,1,1,48,3,4,236,4,3,37,4,3,64,4,11,51,4,7,5,0,0,1,1,81,141,40,18,157,238,14,4,79,4,11,412,4,3,59,12,4,202,4,7,10,1,1,3,0,40,67,141,240,113
3315932295,1503525644758,2227,9,2,2,2,2,2,1,0,34,12,4,41,12,4,18,4,7,19,4,11,412,3,4,3,0,0,1,0,31,240,161,238,99,254,4,11,112,1,4,236,4,14,117,7,4,90,4,12,9,2,2,4,0,40,24,245,154,16
3293284075,1502062287808,1960,9,1,1,1,1,1,1,0,90,12,4,222,7,4,69,4,3,79,4,14,80,4,11,8,1,1,4,0,57,51,40,31,54,15,4,7,267,3,4,245,12,4,17,4,14,5,11,4,4,0,0,0,0,154,31,57,115,117
3285584206,1501521943803,1334,9,1,1,1,0,0,1,0,498,4,7,497,4,3,157,12,4,28,11,4,134,4,14,6,0,0,1,0,80,17,238,122,51,6,4,11,39,4,12,41,4,12,89,4,3,18,4,7,0,0,0,0,0,122,58,114,35,141
3329513833,1504522768681,3307,9,1,2,2,1,2,1,0,1,14,4,117,7,4,21,4,14,122,4,12,72,4,11,11,4,1,3,0,90,18,238,53,91,157,12,4,31,11,4,99,4,3,81,7,4,103,4,14,7,1,1,2,0,222,57,11,154,17
3306752662,1502922812399,192,9,1,0,0,0,0,0,0,29,4,7,421,4,11,63,4,14,114,12,4,4,4,6,0,0,0,0,0,40,75,119,92,412,37,4,3,38,12,4,85,4,12,110,7,4,11,11,4,0,0,0,0,0,18,117,141,33,53
3327946218,1504396195482,2980,9,2,1,1,1,2,2,0,21,4,7,34,4,14,64,11,4,112,14,4,150,4,12,8,2,0,2,0,75,25,53,90,19,412,4,14,69,6,4,96,11,4,157,4,12,67,7,4,11,4,3,1,0,105,12,31,29,28
3323091441,1504046680725,1947,9,1,1,2,1,1,1,0,43,4,3,55,12,4,11,4,11,44,4,12,202,4,7,11,2,1,3,0,119,40,516,122,18,92,4,12,117,3,4,120,6,11,29,4,7,45,4,3,3,0,0,0,0,516,40,79,58,103
3323448871,1504102270191,2150,9,2,2,1,2,2,2,0,58,4,14,222,7,4,432,3,4,131,4,12,102,4,11,3,0,0,0,0,24,53,31,29,17,64,4,11,54,4,14,122,12,4,21,4,7,1,14,4,11,3,1,3,0,141,11,7,157,83
3326393817,1504295885541,2176,9,2,2,2,2,0,2,0,240,3,4,18,4,7,92,4,12,53,4,11,99,21,4,1,0,0,0,0,122,80,51,22,134,267,4,14,45,4,12,119,7,4,6,12,4,106,4,11,8,1,0,2,0,31,16,157,238,29
3259022027,1499738514822,961,9,2,2,2,2,0,2,2,20,11,4,61,4,6,67,4,12,202,4,7,161,3,4,0,0,0,0,0,134,114,119,154,412,126,12,4,117,4,14,96,7,4,121,4,11,157,14,4,11,3,0,1,1,29,51,64,119,38
3325856120,1504263365512,1845,9,2,2,1,2,1,2,0,89,4,3,498,7,4,61,21,4,62,4,11,420,4,12,3,0,1,1,0,55,238,141,40,240,154,11,4,103,4,14,59,12,4,37,4,3,18,7,4,9,2,0,3,0,29,19,31,40,117
3328820881,1504455861818,1622,9,1,1,1,1,0,1,0,222,7,4,59,4,11,412,4,3,105,4,14,164,4,12,9,2,0,3,0,114,29,31,122,157,58,4,12,61,4,21,53,3,4,15,4,7,102,11,4,1,0,0,0,0,154,11,82,114,238
3263402551,1499992648418,2784,9,1,1,2,1,1,1,0,201,4,3,105,4,12,114,4,12,429,7,4,19,11,4,11,4,1,5,0,157,154,119,131,122,29,7,4,32,4,11,84,14,4,25,4,7,14,4,12,8,2,0,0,0,51,35,141,53,420
3279411780,1501088169376,1732,9,2,1,1,2,2,2,0,75,4,3,51,4,7,115,4,12,2,4,12,120,11,6,4,0,0,0,0,114,6,266,141,157,3,12,4,105,14,4,44,4,3,67,4,7,203,4,11,8,1,1,2,0,154,122,238,6,117
3323129659,1504078701446,2159,9,1,1,1,1,1,1,0,40,4,3,62,4,11,96,4,7,61,21,4,59,12,4,7,1,1,3,0,119,29,122,240,497,498,7,4,67,4,12,131,4,14,33,11,4,25,4,14,5,0,0,0,0,240,157,16,105,64
3329962200,1504549472039,2109,9,1,1,1,1,1,2,0,63,4,12,121,11,4,44,4,3,67,4,7,59,12,4,9,2,1,2,0,238,29,114,18,141,161,7,4,81,4,7,14,4,12,35,11,14,497,4,3,3,0,0,2,0,53,29,31,19,57
3304693597,1502812235459,1319,9,1,2,1,0,0,1,0,113,11,4,161,4,21,202,7,4,57,4,12,16,4,3,7,0,0,1,0,40,157,122,119,105,12,4,3,8,4,12,99,14,4,18,4,7,32,4,11,1,0,0,0,0,40,75,11,31,45
3287101882,1501619640103,1255,9,1,1,1,1,0,1,0,68,12,4,40,4,3,238,14,4,81,7,4,141,4,11,8,1,0,1,0,51,75,57,31,24,92,4,12,28,4,11,222,7,4,53,14,4,43,21,4,0,0,0,0,0,498,86,6,11,38
3330012133,1504552082028,2064,9,1,2,1,1,1,2,0,75,12,6,11,11,4,63,4,3,67,4,7,62,4,14,10,2,1,1,0,18,119,23,157,40,245,4,14,412,4,3,81,4,7,32,4,11,54,12,4,3,0,0,2,0,141,29,157,3,6
3325559723,1504216342010,2588,9,1,1,1,1,1,1,1,133,12,4,24,11,4,236,4,21,37,14,4,18,7,4,10,2,1,3,1,412,5,497,75,154,40,4,3,50,14,4,96,7,4,240,4,12,104,11,4,3,0,0,1,0,119,64,122,67,84
3307052369,1502968104576,1971,9,1,1,1,1,1,2,1,40,4,3,110,4,7,39,4,12,113,11,4,61,4,21,8,1,2,1,1,31,238,53,154,412,157,4,12,103,4,14,18,7,4,9,4,11,201,4,3,6,0,0,3,0,84,31,64,119,238
3322406527,1504008168429,1938,9,2,2,2,2,2,1,0,23,11,4,79,12,4,40,3,4,69,14,4,236,7,4,0,0,0,1,0,141,18,157,122,90,412,4,3,222,7,4,4,6,4,17,12,4,11,6,11,10,2,1,3,0,157,154,113,44,516
3331178216,1504634418429,1276,9,2,2,2,2,0,2,2,432,4,14,236,7,4,516,4,12,29,11,4,61,1,4,0,0,0,0,0,91,24,105,114,23,67,4,7,40,14,4,45,3,4,266,11,4,150,4,12,7,1,0,1,1,2,157,122,141,18
3317010294,1503599813290,1502,9,1,2,1,1,0,1,0,222,4,7,203,4,11,163,4,7,59,12,4,40,3,4,9,1,0,2,0,154,412,11,238,122,516,14,4,127,12,4,498,4,7,157,4,3,106,6,11,0,0,0,0,0,92,29,58,119,31
3263392696,1499992480492,2507,9,2,2,1,2,2,2,1,68,12,4,64,11,4,432,4,3,85,7,4,55,4,14,5,1,0,1,1,114,238,141,154,412,67,4,7,113,4,11,143,4,3,115,14,4,23,4,12,11,5,2,3,0,154,157,420,114,119
3329303501,1504478707054,2331,9,2,2,2,2,2,1,2,29,4,7,122,12,4,115,3,4,37,4,3,141,4,11,5,0,0,1,0,17,157,40,75,67,99,4,3,25,7,4,134,14,4,24,12,4,35,11,14,9,3,1,2,1,238,92,53,516,55
3319410314,1503780139860,1456,9,1,1,1,1,0,1,1,34,4,14,67,7,4,150,12,4,107,11,4,26,3,4,9,1,0,2,1,92,157,75,79,141,62,4,11,29,4,7,238,4,14,106,4,12,63,4,14,0,0,0,0,0,103,516,157,154,119
3228661681,1497790374063,1593,9,1,2,1,0,0,1,0,89,3,4,8,6,4,222,4,7,76,11,4,157,4,14,6,0,0,3,0,119,420,58,122,2,497,3,4,99,21,4,57,4,11,92,14,4,498,4,7,1,0,0,0,0,64,51,55,11,154
3315288739,1503494670017,2367,9,1,1,1,1,1,1,0,67,4,7,68,11,4,420,4,12,85,12,4,202,3,4,11,6,2,4,0,-1,31,19,114,33,10,12,4,37,4,3,57,11,4,86,4,14,51,4,7,2,0,0,0,0,38,114,31,1,119
3329924463,1504547789185,2538,9,2,2,2,2,1,1,2,32,11,4,157,12,4,54,4,3,25,6,4,119,4,7,7,0,2,3,0,19,11,29,30,141,429,7,4,131,11,4,1,4,12,34,4,12,40,4,3,11,4,0,1,1,16,122,141,136,-1
3320796637,1503870217932,2534,9,1,1,1,1,1,1,0,497,4,14,42,12,4,24,4,12,64,11,4,15,4,7,11,7,2,2,0,31,11,18,420,119,51,4,7,16,4,7,61,4,6,78,4,11,157,4,12,2,0,0,1,0,50,19,412,238,35
3329431594,1504505402054,1308,9,2,1,2,0,0,2,2,12,4,3,222,7,4,516,4,12,1,4,14,102,11,4,1,0,0,0,0,31,91,29,7,141,133,12,4,51,7,4,5,4,11,157,4,14,267,4,3,5,0,0,2,1,40,498,31,57,141
3331283681,1504638885231,1559,9,2,1,2,2,0,2,2,236,4,7,412,3,4,106,12,4,99,4,21,33,4,11,0,0,0,0,0,105,114,53,89,40,157,12,4,117,3,4,18,4,7,57,4,11,245,4,12,9,2,0,3,1,75,122,31,23,59
3329431141,1504503830520,2148,9,2,1,2,2,2,2,0,222,4,7,99,21,4,57,4,11,40,3,4,83,4,12,1,0,0,0,0,31,53,55,11,1,131,4,11,133,4,14,101,4,3,81,7,4,238,4,14,11,3,1,1,0,157,18,1,141,51
3325934998,1504270284346,2113,9,2,1,1,2,2,2,0,59,4,14,412,4,3,18,7,4,114,4,12,56,11,4,4,0,0,0,0,67,31,122,53,157,64,4,11,62,14,4,136,3,4,63,4,3,51,4,7,9,2,1,3,0,516,38,157,119,238
3328381371,1504448253682,2227,9,1,1,2,2,2,2,0,18,7,4,90,4,12,37,4,3,4,4,7,60,4,11,6,1,0,0,0,57,240,35,40,29,81,4,11,22,4,7,143,14,4,38,12,4,8,4,12,9,2,2,3,0,114,79,15,-1,91
3308030681,1503000520962,2079,9,1,1,1,1,2,1,1,122,4,14,19,6,11,21,4,7,157,4,14,143,4,3,10,1,0,3,1,-1,85,31,40,141,267,3,4,131,14,4,202,4,7,266,12,4,29,11,4,3,0,1,1,0,141,119,114,103,154
3317499433,1503651160737,2806,9,2,2,2,2,1,1,0,119,7,4,64,11,4,61,4,6,236,4,12,412,14,4,3,0,1,2,0,59,25,23,157,40,98,4,12,110,7,4,117,4,3,115,21,4,104,11,4,10,3,1,2,0,29,157,202,105,103
3323944375,1504110139848,1192,9,1,1,1,1,0,2,1,40,3,4,133,4,14,81,7,4,103,21,4,57,4,11,9,2,0,1,1,122,117,157,18,141,20,11,4,41,12,4,90,14,4,29,4,7,25,4,14,0,0,0,1,0,67,240,31,154,157
3314397405,1503438685323,1067,9,1,2,1,0,0,1,0,53,3,4,27,12,6,60,11,4,42,4,7,63,4,14,2,0,0,2,0,254,119,61,29,114,161,14,4,202,7,4,136,4,21,14,11,4,39,14,4,0,0,0,0,0,18,150,51,157,141
3331164025,1504633165999,2018,9,2,2,2,2,2,2,0,121,4,11,498,4,7,267,4,3,80,4,14,68,4,12,4,0,0,1,0,91,119,40,39,412,38,12,4,497,3,4,92,12,4,51,4,7,33,11,4,10,2,2,2,0,91,67,57,31,114
3319917462,1503840536725,1535,9,1,1,1,0,0,2,1,40,4,3,21,4,7,6,4,12,121,4,11,134,4,14,8,0,0,2,1,24,157,29,31,57,55,4,14,412,3,4,67,7,4,50,4,12,59,11,4,0,0,0,1,0,238,119,516,117,23
3325992588,1504272825777,1333,9,1,1,1,0,0,1,0,245,12,4,110,7,4,25,4,14,133,11,4,516,4,12,6,0,0,2,0,5,99,141,51,157,86,7,4,67,7,4,79,4,11,412,4,3,61,4,14,0,0,0,0,0,1,31,24,157,11
3317567536,1503656667939,1356,9,1,1,1,1,0,1,1,8,12,4,201,14,4,154,11,4,238,4,12,21,7,4,6,1,0,2,1,11,31,51,6,67,40,4,3,19,4,12,103,4,14,110,7,4,78,12,4,0,0,0,0,0,157,29,134,23,31
3323330130,1504096475305,2261,9,2,1,1,2,2,2,0,126,4,12,51,4,7,412,3,4,38,4,12,11,6,11,7,0,0,3,0,122,157,117,105,154,119,7,4,161,4,21,201,3,4,141,11,4,86,12,4,10,2,1,1,0,89,31,238,40,19
3330227875,1504565996726,2475,9,2,2,1,1,1,1,1,112,21,4,74,4,12,40,3,4,18,7,4,80,11,4,7,1,1,4,1,157,75,201,134,53,86,4,12,30,12,4,89,4,14,64,4,11,51,7,4,11,3,1,0,0,53,60,105,498,44
3289217065,1501788777927,1631,9,1,2,2,0,0,1,0,55,4,14,75,12,4,497,4,3,15,4,7,121,4,11,5,0,0,3,0,238,141,31,122,51,157,4,12,63,14,4,202,4,7,44,4,3,76,4,11,1,0,0,0,0,64,117,141,31,57
3220812627,1497296192390,1997,9,1,2,2,1,1,2,0,25,3,4,164,4,12,203,4,11,34,4,12,99,4,12,9,2,2,1,0,103,498,114,497,122,163,4,1,254,11,4,412,14,4,236,4,7,126,4,12,1,0,0,2,0,38,157,134,117,81
3325808739,1504259179978,1785,9,2,2,2,2,2,2,0,245,14,4,11,4,11,37,4,3,21,4,7,57,12,4,1,0,0,0,0,119,24,134,80,18,412,4,3,36,4,12,9,4,21,141,4,11,81,7,4,9,1,1,3,0,114,238,157,51,40
3268364713,1500326896024,1477,9,1,1,1,0,0,1,2,114,4,12,141,4,11,26,4,21,412,14,4,202,4,7,7,0,0,2,0,19,157,154,7,25,42,7,4,238,4,14,122,12,6,497,14,4,104,11,4,2,0,0,0,1,51,11,55,119,157
3327313948,1504357498942,1371,9,1,1,1,0,0,1,0,150,4,12,105,14,4,133,11,4,51,7,4,26,4,3,7,0,0,1,0,24,238,31,67,157,432,3,4,22,4,7,126,12,4,13,6,4,57,4,11,0,0,0,0,0,40,31,122,157,11
3329176815,1504470254414,1941,9,2,2,2,2,2,1,2,54,12,4,92,21,4,25,3,4,51,4,7,32,4,11,3,0,0,1,0,238,119,114,96,154,18,4,7,16,4,3,81,4,14,113,11,4,79,4,12,9,2,1,2,1,157,40,6,119,64
3329918654,1504548467749,1566,9,2,1,2,2,0,2,2,498,4,7,41,4,12,55,4,11,412,14,4,157,21,4,2,0,0,0,0,114,64,40,92,90,80,4,12,48,11,4,202,7,4,238,4,14,37,4,3,10,2,0,1,1,105,31,89,497,131
3328533597,1504451550180,1444,9,2,2,1,0,0,1,2,41,3,4,150,4,12,11,4,11,40,4,3,21,7,4,1,0,0,1,0,45,25,17,63,122,14,4,14,53,4,7,36,12,4,245,12,4,141,11,4,3,0,0,0,1,103,55,114,119,30
3325849560,1504264955404,2017,9,1,2,2,1,1,2,1,119,7,4,37,14,4,25,3,4,35,11,14,92,12,4,11,3,1,1,1,57,64,29,117,238,202,7,4,53,4,14,236,14,4,33,4,11,85,4,12,3,0,0,2,0,201,113,412,498,40
3326540230,1504305811815,1871,9,1,1,1,1,1,1,1,18,7,4,134,21,4,111,11,4,53,3,4,150,12,4,9,2,1,3,1,80,516,11,40,157,412,3,4,141,6,11,91,4,14,14,4,12,21,7,4,2,0,0,0,0,498,25,114,103,157
3326478264,1504301814674,1287,9,1,2,1,0,0,1,2,29,4,7,157,14,4,19,11,4,75,4,12,57,4,3,4,0,0,3,0,114,79,122,412,64,121,11,4,42,4,7,16,3,4,18,7,4,54,12,4,1,0,0,0,1,497,6,9,90,122
3327220546,1504353432432,1361,9,2,2,2,2,2,2,2,122,4,12,84,14,4,33,11,4,498,7,4,497,3,4,0,0,0,0,0,89,61,154,53,23,51,7,4,141,11,4,131,12,4,48,4,14,16,4,7,9,2,1,2,1,103,91,29,238,114
3329770142,1504540979877,2180,9,1,2,2,1,1,1,2,18,7,4,421,4,11,91,4,14,40,4,3,6,12,4,10,3,2,4,0,516,134,157,58,23,122,12,4,7,14,4,102,6,11,222,7,4,412,14,4,4,0,0,0,1,141,157,67,57,16
3325107996,1504207381694,1579,9,2,1,1,0,0,2,0,80,12,4,63,4,14,236,4,7,64,11,4,223,14,4,1,0,0,1,0,516,90,122,36,114,498,7,4,141,4,11,497,14,4,92,4,12,112,12,4,6,0,0,1,0,59,19,238,119,157
3329155652,1504469687328,1723,9,2,2,2,2,2,2,0,19,4,11,18,7,4,58,12,4,40,3,4,222,4,7,2,0,0,1,0,57,117,80,24,67,96,4,7,60,11,4,8,4,12,245,4,12,37,4,3,9,2,1,2,0,57,27,117,61,55
3282678685,1501333949430,1268,9,1,1,1,0,0,1,1,75,4,12,236,7,4,16,4,14,421,4,11,34,4,6,5,0,0,1,1,154,55,157,119,53,498,4,7,497,4,3,68,4,12,121,4,11,9,14,4,0,0,0,0,0,31,122,90,238,157
3326372034,1504295201299,1294,9,1,1,1,1,0,1,0,92,4,12,141,11,4,201,3,4,8,4,14,81,4,7,7,1,0,1,0,40,157,90,114,67,164,4,12,84,4,14,267,4,3,516,4,11,17,7,4,0,0,0,0,0,105,77,157,23,90
3323379771,1504099818944,2005,9,2,1,1,2,2,1,0,26,3,4,126,4,12,62,4,11,103,4,14,498,7,4,3,0,0,2,0,38,40,31,90,412,96,4,12,113,4,11,18,4,7,43,3,4,57,12,4,10,2,1,1,0,38,31,59,122,154
3251705675,1499214078130,1113,9,1,1,1,0,0,1,0,81,7,4,92,4,12,56,4,11,14,4,14,119,4,7,4,0,0,1,0,122,80,107,126,53,90,14,4,154,4,3,18,7,4,223,12,4,48,4,11,1,0,0,0,0,122,53,103,51,157
3321028471,1503913173834,1665,9,1,1,1,2,1,2,2,98,12,4,18,4,7,432,14,4,236,4,14,59,4,11,7,1,1,2,0,157,114,119,40,122,16,3,4,84,4,14,56,4,11,31,4,12,29,7,4,7,1,0,1,1,40,117,238,122,91
3321669144,1503954476116,1819,9,1,2,2,2,0,0,0,238,14,4,64,4,11,3,3,4,21,4,7,24,12,4,2,0,0,0,0,202,117,157,23,91,37,3,4,51,4,7,54,4,12,25,4,14,19,4,11,8,2,0,0,0,53,126,36,119,23
3310788354,1503186828023,2007,9,1,2,1,1,1,1,0,157,14,4,21,7,4,497,3,4,62,12,4,120,11,6,9,1,1,3,0,107,7,498,31,11,35,3,14,110,7,4,122,4,12,29,11,4,103,4,12,2,0,0,0,0,11,7,105,51,58
3324255068,1504127657898,1879,9,2,1,2,2,2,1,0,16,4,3,29,7,4,115,4,21,19,4,11,98,12,4,2,0,0,1,0,122,238,141,23,67,18,4,7,40,4,3,79,4,11,59,12,4,8,4,12,9,2,1,2,0,141,31,157,238,119
3324344464,1504134025802,2262,9,1,2,1,1,0,2,0,53,14,4,61,12,4,21,12,4,141,11,4,23,12,4,10,4,0,1,0,64,105,89,11,114,24,11,4,74,14,4,516,12,4,51,7,4,412,4,3,6,1,0,2,0,222,-1,55,157,122
3327532989,1504370474329,1272,9,1,2,1,1,0,0,1,412,4,14,113,4,11,69,4,7,110,4,7,23,14,4,10,2,0,0,1,18,40,29,150,-1,59,11,4,7,4,12,498,4,7,43,4,14,75,4,12,1,0,0,0,0,38,53,76,117,126
3295512258,1502236217007,1848,9,2,2,1,2,2,1,1,79,11,4,103,4,14,98,4,12,53,14,4,18,4,7,5,0,0,2,1,40,64,141,164,92,67,7,4,39,4,12,154,11,4,412,4,3,61,4,6,7,1,2,1,0,119,57,-1,31,150
3329465773,1504518571674,1762,9,2,1,1,2,2,1,2,53,4,14,157,12,4,245,12,4,222,4,7,113,4,11,4,0,0,3,0,516,40,34,16,31,75,4,12,12,4,3,64,11,4,67,7,4,161,4,21,9,2,1,0,1,31,238,498,21,40
3327790384,1504386817391,197,9,2,0,0,0,0,0,0,64,11,4,157,4,14,17,4,12,22,7,4,9,4,3,0,0,0,0,0,11,114,238,31,53,245,4,12,164,12,4,21,7,4,35,14,11,117,4,3,0,0,0,0,0,90,516,222,80,24
3321159361,1503926148050,1908,9,1,1,1,1,1,1,1,64,4,11,18,4,7,412,4,3,58,4,12,103,14,4,11,3,1,2,1,157,238,114,141,51,131,4,14,40,3,4,8,4,6,120,6,11,15,7,4,3,0,0,1,0,90,31,11,29,157
3285093664,1501486397041,2211,9,1,2,2,2,0,2,0,141,11,4,45,4,12,75,12,4,222,7,4,53,3,4,8,1,0,0,0,31,51,154,6,90,245,12,4,21,4,7,122,12,4,40,4,3,29,4,11,8,2,0,3,0,19,96,24,51,114
3328406215,1504449806091,1699,9,2,1,2,2,0,1,2,96,4,7,32,4,11,122,4,7,3,4,14,25,14,4,2,0,0,1,0,157,59,5,121,238,92,4,12,37,3,4,61,4,1,11,11,6,21,7,4,11,3,0,1,1,131,29,498,31,1
3315933244,1503526073338,2232,9,1,1,2,1,1,2,0,60,11,4,84,12,4,222,4,7,53,4,14,126,4,14,11,3,2,2,0,31,90,55,119,29,110,4,7,412,4,3,26,21,4,12,12,4,68,11,4,4,0,0,1,0,28,201,157,141,516
3241378883,1498577750098,1435,9,2,2,2,2,0,0,2,427,3,4,236,7,4,59,11,4,7,4,21,58,4,12,1,0,0,0,0,17,154,63,122,120,40,4,3,51,4,7,43,12,4,79,4,11,39,12,4,6,1,0,0,1,105,53,154,114,240
3277128899,1500933293629,1246,9,1,1,2,0,0,1,1,238,4,14,120,6,11,111,3,4,33,12,4,67,7,4,3,0,0,2,1,29,157,53,122,84,18,4,12,56,4,11,99,21,4,498,7,4,497,14,4,1,0,0,1,0,121,134,126,31,141
3329308615,1504481438223,2188,9,2,1,1,2,2,2,1,245,4,12,27,11,6,42,4,7,39,4,12,223,4,3,5,0,0,1,1,117,427,69,412,126,141,11,4,31,12,4,267,3,4,67,7,4,136,4,3,8,1,1,2,0,157,90,412,40,105
3322655178,1504023701820,1519,9,2,2,2,0,2,1,2,236,7,4,86,12,4,19,4,11,61,21,4,117,4,3,1,0,0,1,0,15,18,238,105,157,81,21,4,267,4,3,62,4,14,113,11,4,119,4,7,4,0,1,1,1,53,122,31,114,412
3328766083,1504456762672,1027,9,1,1,1,0,0,1,0,238,4,14,21,7,4,33,11,6,34,12,4,53,4,3,3,0,0,2,0,17,141,203,40,122,12,4,3,29,4,7,157,4,14,11,4,11,134,4,21,0,0,0,0,0,141,429,75,35,63
3328087997,1504431966000,2531,9,2,1,1,1,2,2,2,4,4,14,67,7,4,28,11,4,74,12,4,412,4,3,8,3,0,3,0,102,238,51,114,122,89,4,3,83,12,4,29,7,4,141,4,11,103,14,4,7,1,1,2,1,38,31,498,157,18
3320930024,1503881816945,2199,9,2,1,2,2,2,2,0,164,12,4,67,7,4,79,11,4,163,4,6,99,3,4,1,0,0,0,0,31,119,498,113,19,11,4,12,412,4,3,96,7,4,64,4,11,236,4,14,10,3,1,3,0,-1,57,31,40,157
3311088938,1503229386856,2377,9,1,2,2,2,2,2,1,69,4,3,19,11,4,61,3,4,37,4,3,18,4,7,10,2,1,2,1,157,117,31,57,40,51,4,7,131,4,12,63,4,14,141,4,11,62,12,6,7,1,1,2,0,29,121,67,40,57
3324454626,1504164539528,1638,9,2,1,2,2,0,2,0,7,4,14,16,4,3,240,12,4,141,4,11,81,7,4,1,0,0,0,0,157,114,40,11,1,59,4,11,18,7,4,67,12,4,412,4,3,61,4,12,5,1,0,2,0,134,113,90,40,119
3254081741,1499407401499,2036,9,1,1,1,1,1,1,2,412,14,4,67,7,4,32,11,4,238,14,4,68,4,12,11,3,1,1,0,114,8,11,51,154,75,12,4,24,4,11,3,12,4,117,3,4,18,4,7,2,0,0,1,1,154,51,38,157,19
3318055831,1503687929826,1179,9,1,2,1,1,0,1,1,48,3,4,110,4,7,122,12,4,55,14,4,121,4,11,9,2,0,1,1,238,31,18,40,57,113,4,11,80,14,4,85,6,4,429,4,21,25,4,3,0,0,0,0,0,16,40,64,141,84
3315000672,1503465588042,1379,9,2,2,2,2,0,2,2,96,4,7,64,4,11,163,21,4,89,3,4,48,12,4,0,0,0,0,0,55,157,131,268,238,141,11,4,102,4,12,81,4,7,161,4,3,51,4,7,9,3,0,1,1,122,24,18,238,202
3327934293,1504394677905,3317,9,1,2,1,1,2,2,1,516,3,4,81,4,7,55,14,4,10,12,4,72,11,4,11,5,1,3,1,60,19,64,51,245,141,11,6,122,4,12,90,4,3,202,4,7,114,4,12,9,5,1,2,0,53,40,157,67,3
3302463153,1502660195534,2101,9,1,1,2,1,1,1,0,53,4,14,98,12,4,141,11,4,45,21,4,18,7,4,11,3,1,3,0,42,19,117,154,119,40,3,4,90,4,12,110,7,4,33,4,11,115,12,4,5,0,0,1,0,238,57,119,117,31
3322832011,1504032042564,1950,9,2,2,2,2,2,1,2,41,14,4,51,7,4,5,11,4,44,4,3,69,12,4,3,0,0,2,0,201,113,23,119,157,245,14,4,122,12,4,202,21,4,12,3,4,59,11,4,9,1,1,1,1,58,90,18,11,516
3330011622,1504551989301,2242,9,1,2,1,1,0,1,2,63,4,11,202,7,4,117,3,4,131,14,4,516,12,4,11,4,0,4,0,29,121,141,238,114,11,11,4,85,21,4,134,14,4,497,3,4,498,7,4,2,0,0,0,1,53,29,114,238,13
3250659262,1499175844281,2071,9,2,2,2,2,2,2,0,74,12,4,6,4,7,117,3,4,79,4,14,19,4,11,2,0,0,1,0,59,238,64,154,114,254,4,11,37,3,4,7,12,4,51,4,7,25,14,4,8,1,1,3,0,154,114,119,11,105
3320652442,1503860663734,1944,9,1,2,2,2,1,2,1,164,12,4,245,12,4,59,4,11,82,4,14,89,3,4,9,1,1,0,1,163,12,113,31,18,497,3,4,498,4,7,98,12,4,121,11,4,161,3,4,8,2,0,4,0,38,113,141,412,29
3257073548,1499611610558,1124,9,1,1,1,1,0,1,0,60,4,11,29,4,7,89,3,4,134,4,14,48,4,12,6,1,0,2,0,122,119,117,157,154,64,14,4,67,7,4,23,4,14,267,3,4,19,11,4,0,0,0,0,0,121,238,51,154,92
3300651740,1502552769865,1960,9,2,1,2,2,2,2,2,57,4,12,34,4,14,21,7,4,37,3,4,60,11,4,2,0,0,0,0,29,40,31,18,157,113,11,4,42,4,14,68,4,12,429,4,7,117,4,3,8,2,1,3,1,119,114,64,154,40
3329411279,1504497086605,2302,9,1,1,1,2,2,1,1,53,4,14,24,4,12,157,4,14,31,4,11,29,4,7,7,1,1,2,1,40,38,7,96,113,134,4,7,64,11,4,57,4,12,37,14,4,67,4,7,8,1,2,2,0,238,-1,81,114,96
3308882444,1503074983237,2575,9,2,1,1,2,2,1,1,141,4,12,7,3,4,98,4,3,60,4,11,429,7,4,9,2,1,3,1,8,157,57,119,34,37,3,4,81,7,4,120,11,6,39,4,12,238,14,4,10,4,2,2,0,114,31,18,40,29
3267205984,1500275306751,194,9,2,0,0,0,0,0,0,22,4,7,245,4,12,79,11,4,14,3,4,126,14,4,0,0,0,0,0,117,119,51,238,19,236,4,7,141,4,11,69,4,14,40,4,7,266,4,12,0,0,0,0,0,412,53,122,157,134
3309648207,1503144671032,1530,9,2,2,2,0,0,2,0,412,4,3,18,4,7,14,12,4,427,4,11,7,14,4,1,0,0,0,0,131,141,134,11,31,57,12,4,19,11,4,497,3,4,157,4,14,29,7,4,4,0,0,2,0,89,113,75,31,122
3321985219,1503964681508,1155,9,1,2,1,1,0,1,1,110,4,7,10,4,12,44,3,4,80,4,12,11,11,4,9,1,0,1,1,238,64,498,31,154,51,1,4,21,4,7,23,6,11,105,4,14,106,4,12,1,0,0,0,0,67,119,84,75,64
3255404620,1499489743307,1906,9,2,2,2,2,0,1,0,81,4,7,2,6,11,74,21,4,412,4,3,62,4,12,2,0,0,1,0,122,498,7,133,119,51,7,4,33,4,11,117,4,14,157,12,4,114,12,4,7,1,0,2,0,17,236,11,53,103
3329077821,1504465363326,1948,9,1,1,1,1,1,2,1,43,3,4,11,11,4,22,4,7,134,4,6,78,12,4,11,3,1,2,1,516,59,37,122,119,112,4,21,40,4,3,57,4,11,150,12,4,15,4,7,0,0,0,1,0,58,157,31,238,18
3324789682,1504193209610,2018,9,2,1,1,2,2,1,1,222,7,4,157,4,14,45,4,14,57,4,11,53,14,4,4,0,0,2,1,31,117,40,141,18,29,4,7,44,4,3,50,4,14,64,4,11,10,4,3,10,2,1,2,0,119,38,113,19,31
3276821312,1500916853271,2582,9,1,1,1,2,0,2,0,48,4,11,222,4,7,17,14,4,223,4,3,245,4,12,7,1,0,1,0,24,154,157,119,31,238,4,14,498,7,4,23,4,6,79,4,11,412,4,14,7,2,0,3,0,157,117,7,19,51
3326390780,1504295118605,2507,9,1,1,2,2,2,2,0,45,4,1,240,4,12,79,11,4,16,3,4,429,4,7,8,1,1,0,0,121,40,114,11,31,51,7,4,267,3,4,43,4,12,113,4,11,61,1,4,7,1,1,5,0,31,67,497,40,29
3327805712,1504385938106,2235,9,1,2,1,2,1,2,2,1,21,4,64,4,11,161,14,4,19,12,4,81,7,4,5,1,2,2,0,105,28,119,18,91,106,4,12,21,7,4,99,4,21,16,3,4,59,4,11,6,2,0,2,1,157,412,114,104,497
3322877400,1504035993080,1509,9,1,2,1,1,0,2,0,96,4,7,117,3,4,516,11,4,50,12,4,134,21,4,11,2,0,1,0,141,103,16,53,29,28,4,11,157,4,14,267,3,4,98,12,4,51,7,4,1,0,0,1,0,22,122,31,90,18
3331183597,1504633364314,2235,9,2,2,1,2,2,2,2,54,12,4,236,4,7,79,4,11,412,4,14,157,4,12,7,1,1,1,0,117,143,31,57,238,61,4,7,81,7,4,16,3,4,75,4,12,24,11,4,11,3,1,1,1,18,31,40,154,122
3330114921,1504557665200,2382,9,2,1,2,2,2,1,0,25,4,14,120,6,11,202,7,4,238,14,4,3,12,4,7,0,0,3,0,11,40,141,154,19,6,12,4,56,4,11,201,4,3,498,7,4,101,4,14,10,3,2,2,0,31,24,122,117,154
3324425235,1504141997146,1801,9,2,2,2,2,2,2,0,90,4,14,53,4,3,67,4,7,84,11,4,92,12,4,0,0,0,0,0,51,157,29,115,80,18,7,4,40,3,4,245,14,4,154,11,4,41,12,4,11,3,1,3,0,91,31,29,35,141
3321165809,1503925051375,1621,9,1,1,2,1,1,1,2,111,4,12,161,21,4,141,11,4,67,7,4,16,4,3,9,2,1,2,0,90,122,63,23,114,99,4,14,5,4,12,102,3,11,89,4,3,18,7,4,4,0,0,0,1,86,63,11,238,114
3318096299,1503690649770,2262,9,1,1,1,2,1,2,2,1,4,14,98,4,3,17,4,14,29,4,7,9,11,4,10,2,2,1,0,119,75,89,157,238,42,14,4,113,4,12,19,4,11,222,4,7,40,4,3,6,1,0,3,1,157,31,53,63,103
3322668714,1504024927690,1654,9,2,2,2,2,2,2,2,92,4,3,16,3,4,67,7,4,103,14,4,64,4,11,0,0,0,0,0,114,122,119,58,8,412,4,14,202,7,4,99,4,21,23,12,4,24,4,11,10,2,1,3,1,31,157,57,141,40
3329824598,1504542487868,2611,9,2,1,2,2,2,2,1,497,3,4,122,12,4,67,4,7,101,4,21,107,4,11,6,0,0,2,1,516,24,105,11,31,222,7,4,45,1,4,19,11,4,89,4,3,39,12,4,11,4,1,3,0,157,238,119,11,420
3252525621,1499289845713,1721,9,1,1,1,1,1,1,1,202,4,7,497,4,3,84,4,14,114,4,12,5,11,4,11,2,1,3,1,122,19,23,67,154,55,4,14,54,14,4,51,7,4,63,4,3,11,11,4,2,0,0,0,0,240,50,117,157,238
3285180202,1501498665862,2022,9,1,1,1,1,1,1,1,223,4,12,143,4,14,45,12,4,67,4,7,77,6,11,9,2,1,2,1,245,157,117,85,238,24,11,4,51,4,7,1,4,14,92,12,4,161,3,4,2,0,0,1,0,29,31,420,6,141
3326246359,1504288139540,2763,9,2,1,2,2,1,2,2,62,4,11,54,12,4,99,4,21,29,7,4,143,4,3,1,0,1,3,0,157,117,16,40,6,26,4,3,39,4,12,11,11,4,8,4,14,498,4,7,10,3,2,2,1,90,80,122,40,16
3280463834,1501163292327,2021,9,1,2,1,1,0,2,0,141,4,11,412,14,4,27,6,12,22,4,7,61,4,6,7,1,0,2,0,51,31,238,154,19,18,7,4,103,14,4,203,4,11,8,12,4,53,14,4,3,0,0,1,0,51,55,131,119,17
3317585788,1503656001320,1078,9,1,1,1,0,0,1,0,39,12,4,254,4,11,74,4,7,98,4,3,238,4,14,4,0,0,1,0,67,103,64,63,17,203,4,11,86,4,7,267,4,3,222,4,7,99,12,4,0,0,0,0,0,126,114,11,5,53
3329833956,1504542524566,930,9,1,1,2,1,0,1,0,51,4,7,6,12,4,55,4,14,2,4,11,40,3,4,6,1,0,1,0,119,31,117,8,38,16,3,4,222,4,7,254,11,4,111,4,12,236,7,4,1,0,0,0,0,8,103,119,412,18
3327638279,1504378059171,1715,9,1,1,1,1,0,2,0,43,4,14,222,7,4,35,11,14,58,4,12,25,4,3,8,1,0,1,0,516,412,157,102,238,64,11,4,9,14,4,150,4,12,18,4,7,497,4,3,2,0,0,1,0,53,17,51,238,31
3322983967,1504040529589,1298,9,1,1,1,1,1,1,1,110,4,7,63,14,4,64,11,4,57,12,4,126,4,3,6,1,1,2,1,40,67,119,157,11,8,4,12,238,4,14,81,4,7,29,4,11,201,14,4,0,0,0,0,0,122,105,117,516,7
3326673537,1504322912912,1483,9,2,1,2,2,0,2,2,238,14,4,117,3,4,29,7,4,114,4,12,2,11,4,0,0,0,0,0,157,516,105,55,40,35,14,11,17,4,12,61,21,4,25,4,14,222,4,7,11,3,0,2,1,105,80,11,122,119
3279749124,1501109593706,1932,9,2,1,2,2,2,1,1,11,11,4,18,4,7,55,14,4,16,14,4,44,12,4,3,0,0,1,1,90,238,86,31,105,1,14,4,64,11,4,79,12,4,67,7,4,37,4,14,8,1,2,1,0,-1,131,53,141,245
3327093729,1504351156503,1433,9,1,2,1,0,0,1,1,67,4,7,134,4,14,77,6,11,143,4,14,41,12,4,5,0,0,3,1,105,119,92,53,114,79,11,4,117,3,4,23,4,12,112,4,12,22,7,4,1,0,0,0,0,11,122,55,1,31
3293872265,1502128748591,1751,9,2,2,2,2,2,2,2,107,4,11,4,1,4,58,4,12,16,4,3,22,4,7,3,0,0,0,0,412,157,57,40,238,23,4,12,12,3,4,35,11,14,103,4,14,202,7,4,9,3,1,3,1,19,157,57,238,31
3271276009,1500549283166,1951,9,2,1,2,2,2,2,0,121,4,11,67,7,4,117,4,3,34,4,3,24,4,12,1,0,0,0,0,157,90,122,119,29,61,4,14,59,4,12,202,7,4,412,4,14,11,4,11,10,2,1,4,0,114,119,40,157,103
3330227973,1504566135598,1793,9,1,1,1,1,1,2,0,3,12,4,222,7,4,69,4,6,117,3,4,79,11,4,9,1,1,2,0,31,119,57,7,113,53,14,4,141,4,11,202,4,7,161,4,7,58,4,12,3,0,0,1,0,238,29,157,38,40
3327221890,1504353817411,1541,9,2,2,1,2,0,1,2,25,4,3,122,4,12,90,4,12,9,4,11,498,7,4,2,0,0,1,0,238,31,18,150,40,236,4,7,62,4,11,163,4,3,157,12,4,112,6,4,4,1,0,1,1,143,126,92,51,1
3324514955,1504172999938,1581,9,2,1,2,2,0,1,0,59,4,11,89,14,4,22,4,7,25,14,4,107,4,12,1,0,0,1,0,103,23,157,40,24,238,14,4,412,4,3,141,4,11,119,7,4,58,4,14,7,1,0,1,0,53,103,164,134,102
3325466735,1504212362177,1565,9,1,2,1,1,1,1,0,12,14,4,18,7,4,163,4,21,122,4,12,79,11,4,7,1,1,1,0,85,238,157,143,31,516,4,12,89,4,14,245,4,14,64,4,11,67,4,7,3,0,0,1,0,29,31,25,150,40
3329150437,1504470840555,2514,9,2,1,1,2,1,2,0,57,12,4,61,21,4,9,4,11,16,3,4,429,7,4,6,1,1,2,0,18,157,516,122,497,59,4,12,67,7,4,40,4,3,111,4,11,30,12,4,9,2,1,3,0,122,119,38,3,55
3255411379,1499481627786,1276,9,2,1,2,0,0,1,2,201,4,3,10,14,4,19,11,4,92,4,12,21,4,7,0,0,0,1,0,154,114,122,3,11,64,11,4,112,14,4,24,4,12,497,4,3,498,4,7,6,0,0,2,1,40,98,79,117,154
3317418626,1503625147336,1248,9,1,1,1,1,0,2,0,40,4,3,22,4,7,57,12,4,90,14,4,54,4,11,10,1,0,1,0,114,516,119,11,238,80,12,4,99,4,14,19,11,4,45,4,3,222,4,7,0,0,0,1,0,23,122,157,29,81
3328071454,1504415962501,1221,9,2,2,2,2,0,2,2,91,14,4,12,4,3,67,7,4,157,12,4,107,4,11,0,0,0,0,0,75,11,51,122,201,18,4,7,117,3,4,238,14,4,98,12,4,76,4,11,10,2,0,2,1,498,31,53,24,141
3288830628,1501763387573,1464,9,2,2,2,2,2,2,2,498,7,4,53,14,4,103,4,3,39,4,12,28,4,11,3,0,0,0,0,57,121,18,40,61,69,1,4,59,4,11,27,12,6,44,4,3,15,7,4,9,1,1,2,1,31,141,-1,20,119
3262022939,1499902162287,1972,9,1,2,1,1,1,1,0,36,7,4,121,11,4,6,21,4,23,12,4,127,12,4,9,1,1,3,0,1,24,122,-1,-1,98,4,12,141,4,11,236,7,4,38,4,12,40,3,4,3,0,0,0,0,122,157,41,91,119
3285459483,1501516762441,2696,9,2,2,2,2,2,2,0,51,7,4,98,4,12,238,4,14,16,4,3,107,4,11,4,0,1,1,0,157,154,75,64,18,74,4,3,54,4,3,20,4,11,17,4,14,236,4,7,11,5,2,3,0,141,31,43,114,75
3322028403,1503967626492,1415,9,1,2,1,1,0,1,1,222,7,4,157,4,14,86,4,12,11,11,4,53,4,3,10,2,0,2,1,420,114,119,122,90,107,4,11,26,4,3,22,4,7,17,4,12,238,4,14,0,0,0,0,0,51,29,67,23,122
3318244173,1503698201529,1240,9,2,2,2,0,0,2,0,11,11,4,222,4,7,432,4,14,63,12,4,27,12,6,0,0,0,0,0,69,157,141,33,82,55,4,14,58,12,4,131,4,11,40,4,3,202,4,7,6,0,0,1,0,31,61,18,516,57
3318941564,1503749501146,1153,9,1,1,1,0,0,1,0,55,4,14,127,4,12,26,4,7,11,11,6,18,21,4,6,0,0,2,0,103,114,64,67,68,85,4,7,4,14,4,31,4,11,99,4,12,157,4,1,0,0,0,0,0,5,122,90,51,143
3323215301,1504084328601,1974,9,2,1,1,2,2,1,0,55,4,14,53,4,3,22,4,7,19,11,4,8,6,12,3,0,0,2,0,21,1,44,99,107,26,7,3,119,7,4,24,11,6,25,4,14,127,12,4,9,1,1,1,0,122,498,11,29,28
3329421687,1504502954182,1722,9,2,2,2,2,2,2,0,114,12,4,157,4,12,28,4,11,96,4,1,107,4,14,4,0,0,1,0,122,105,119,-1,75,22,4,7,37,4,3,29,4,11,4,3,4,17,14,4,10,2,1,1,0,53,18,80,105,67
3220095279,1497228529159,1214,9,1,1,1,0,0,1,1,77,11,4,43,4,14,15,4,7,3,4,12,103,4,12,7,0,0,1,1,154,114,117,238,105,121,11,4,236,7,4,412,3,4,92,4,12,245,4,12,1,0,0,0,0,24,427,19,117,498
3226924343,1497696257072,2491,9,1,1,2,2,1,2,1,51,4,7,86,4,14,35,11,14,16,4,7,268,4,21,10,3,2,1,1,420,114,53,80,154,427,4,11,412,3,4,119,4,7,61,4,6,92,4,14,7,1,0,3,0,58,122,114,23,157
3328357476,1504447545426,1995,9,1,1,1,1,0,1,1,143,4,3,245,4,11,92,4,14,79,14,4,498,4,7,8,1,0,3,1,157,86,24,53,117,99,4,3,18,4,7,89,4,3,75,4,12,23,6,11,2,0,0,0,0,91,516,84,238,157
3286754105,1501601830624,1856,9,1,2,1,1,1,1,0,126,12,4,498,7,4,497,4,3,85,4,14,24,11,4,7,1,1,2,0,114,157,6,61,53,36,4,11,45,4,21,50,4,12,51,7,4,25,3,4,0,0,0,0,0,114,31,157,119,53
3321158884,1503926052030,1376,9,2,1,2,0,0,2,1,150,4,12,51,4,7,99,3,4,41,4,14,19,11,4,1,0,0,0,1,31,69,141,18,53,115,14,4,121,4,11,222,7,4,24,12,4,43,4,3,6,0,0,3,0,105,117,202,141,119
3285913208,1501539792940,2412,9,2,2,1,2,2,1,0,141,11,4,115,14,4,43,4,3,42,7,4,126,12,4,4,0,0,1,0,107,122,412,154,18,8,12,4,22,4,7,421,11,4,238,14,4,53,3,4,11,3,1,3,0,117,11,122,51,91
3330132431,1504557384057,2387,9,2,1,1,2,0,1,0,112,6,4,429,4,7,102,4,11,35,3,14,50,12,4,3,0,0,1,0,57,29,75,238,222,14,4,12,32,4,14,163,4,14,119,4,1,141,4,11,6,1,0,2,0,122,497,105,103,64
3316765787,1503589748956,1379,9,1,1,1,1,0,1,1,25,3,4,121,11,4,86,12,4,202,4,7,40,4,3,8,1,0,1,1,141,18,102,91,75,157,14,4,29,4,7,64,4,11,92,12,4,117,4,3,0,0,0,0,0,53,141,516,119,114
3319346200,1503776111241,1684,9,2,1,2,2,2,2,0,61,21,4,432,4,14,67,11,4,236,7,4,24,11,4,1,0,0,0,0,497,16,267,40,117,75,4,12,412,4,14,64,4,11,8,14,4,429,4,7,10,4,1,3,0,31,117,38,92,40
3322024847,1503964965053,2160,9,2,2,2,2,1,1,0,18,7,4,42,4,3,141,4,11,12,4,14,114,4,12,3,0,1,1,0,40,119,96,117,91,90,4,12,25,4,14,429,4,7,238,4,14,59,4,11,11,3,0,1,0,60,7,29,38,3
3310992098,1503217074831,1544,9,2,1,2,2,0,2,0,40,7,4,29,4,7,157,4,14,102,4,11,61,4,21,1,0,0,0,0,51,54,122,86,105,121,4,11,38,12,4,245,12,4,202,7,4,497,4,14,9,2,0,1,0,90,99,21,31,53
3268228169,1500322138302,1665,9,2,2,1,2,2,1,1,103,14,4,42,7,4,85,12,4,53,4,14,19,11,4,4,0,0,1,1,121,131,157,238,245,29,4,7,40,4,3,86,4,14,141,4,11,4,14,4,8,1,1,1,0,114,64,38,121,55
3329913717,1504547291072,1822,9,2,2,2,2,2,2,2,92,12,4,38,12,4,141,4,11,15,4,7,117,3,4,1,0,0,0,0,121,122,29,497,429,498,7,4,8,14,4,60,11,4,12,14,4,86,12,4,11,3,1,3,1,-1,113,18,40,29
3325908828,1504268553524,1835,9,2,2,2,2,2,2,1,117,3,4,30,4,3,33,4,11,92,12,4,51,4,7,3,0,0,0,1,40,245,154,39,55,498,21,4,268,4,14,19,4,11,126,4,12,16,7,4,9,2,2,3,0,412,40,121,8,18
3331058439,1504628583099,1925,9,1,1,1,1,0,1,0,131,4,11,14,4,12,222,7,4,25,4,3,91,4,12,9,1,0,3,0,40,141,117,18,31,157,12,4,41,11,4,16,4,3,119,4,7,8,4,6,2,0,0,0,0,40,62,238,34,201
3326690513,1504318955447,2142,9,2,1,1,2,2,2,1,412,3,4,236,4,7,161,21,4,86,12,4,64,11,4,4,0,0,0,1,105,19,114,157,18,141,4,6,8,12,4,31,11,4,202,4,7,432,4,3,10,1,1,3,0,29,18,40,11,122
3270605096,1500478842557,1218,9,2,2,2,2,0,2,2,9,11,4,13,4,12,85,14,4,29,4,7,117,4,3,1,0,0,0,0,59,157,141,119,63,76,4,11,101,4,14,106,4,12,51,7,4,201,3,4,7,2,0,2,1,91,55,157,45,11
3331222808,1504635601320,2121,9,2,2,2,2,2,2,0,24,12,4,202,7,4,89,3,4,99,3,4,120,11,6,4,0,0,0,0,84,92,141,157,53,143,3,4,121,11,4,222,12,7,17,4,12,238,4,14,10,2,1,4,0,23,29,157,11,67
3325605250,1504218415331,1981,9,1,1,1,1,0,1,0,55,14,4,39,12,4,59,4,11,51,4,7,25,4,14,11,1,0,2,0,412,91,498,105,58,41,12,4,236,4,7,117,14,4,78,4,11,240,4,3,3,0,0,1,0,164,114,516,238,141
3330494412,1504588279052,2065,9,2,2,2,2,1,1,1,103,4,14,163,3,4,119,7,4,57,11,4,85,12,4,4,0,1,1,1,55,20,40,90,113,14,12,4,99,12,4,67,7,4,59,4,11,37,4,3,8,1,0,1,0,40,18,117,29,238
3327502450,1504367696074,2607,9,2,2,1,1,1,1,0,23,4,12,22,7,4,131,14,4,53,4,14,157,4,11,6,2,1,2,0,1,18,21,17,37,114,12,4,25,4,3,33,11,4,238,4,14,498,4,7,9,2,0,2,0,105,412,11,80,119
3287263506,1501630783095,2255,9,1,1,1,1,2,1,2,6,12,4,141,4,11,99,4,21,201,14,4,119,7,4,9,2,0,4,0,122,29,24,38,238,267,14,4,202,7,4,112,21,4,27,6,11,2,4,12,6,0,1,0,1,31,51,7,114,75
3328390295,1504450320204,2086,9,2,2,1,2,0,1,0,85,12,4,35,11,14,51,4,7,13,4,14,41,12,4,3,0,0,1,0,3,154,157,55,57,16,4,11,61,4,14,111,4,12,497,3,4,498,7,4,9,1,0,2,0,40,119,238,516,29
3326536022,1504304450747,1996,9,1,1,1,1,1,2,0,84,4,12,24,11,4,420,3,4,127,14,4,67,7,4,9,2,1,1,0,31,44,105,141,1,236,7,4,412,3,4,27,12,6,26,4,12,79,11,4,1,0,0,1,0,40,122,29,18,7
3326635158,1504313091069,1822,9,2,2,1,2,2,2,1,236,7,4,43,3,4,64,11,4,91,4,14,90,4,12,5,0,0,0,1,67,141,157,11,18,10,3,4,154,11,4,92,4,14,34,4,21,222,7,4,8,1,1,3,0,40,29,8,114,31
3321718071,1503957125359,2107,9,2,2,1,2,1,2,1,64,11,4,45,3,4,69,4,21,150,4,14,67,7,4,5,0,1,2,1,114,31,24,89,53,10,12,4,110,7,4,99,4,3,106,11,4,17,14,4,11,3,0,1,0,245,157,497,141,53
3235051635,1498173253526,2346,9,1,1,1,1,2,1,0,236,4,7,53,3,4,64,4,11,105,4,14,86,4,12,10,2,0,5,0,114,498,117,157,238,92,4,3,134,12,4,432,4,14,91,11,4,67,4,7,4,0,1,0,0,157,28,84,222,114
3298375185,1502441463427,1932,9,2,1,1,2,0,1,0,8,4,14,202,4,7,59,11,4,143,4,3,39,4,12,4,0,0,3,0,115,80,10,154,157,141,4,11,83,12,4,131,4,14,18,7,4,44,3,4,11,3,0,0,0,40,21,67,238,157
3314020874,1503419838197,2269,9,1,1,1,2,2,2,0,37,4,3,29,7,4,34,12,4,39,4,12,77,4,11,8,1,0,0,0,122,63,82,18,117,59,4,11,57,12,4,115,4,14,103,4,14,21,4,7,8,2,2,4,0,31,157,238,28,17
3319885869,1503839922822,1142,9,2,1,2,0,0,2,0,18,4,7,25,3,4,59,4,11,31,4,14,2,4,12,0,0,0,0,0,245,119,21,114,91,92,12,4,141,4,11,9,4,14,16,4,3,15,7,4,6,0,0,1,0,119,63,86,157,51
3285457572,1501516150120,1774,9,1,2,1,1,1,1,1,103,4,14,57,3,4,429,4,7,150,4,12,107,11,4,10,2,1,3,1,11,7,157,117,29,35,11,14,1,4,14,432,4,14,164,4,12,222,4,7,1,0,0,0,0,6,122,53,64,31
3324883684,1504197267472,1329,9,2,2,2,2,0,2,0,33,11,4,37,4,3,67,7,4,105,12,4,24,14,4,0,0,0,0,0,64,238,141,119,18,55,4,14,22,7,4,157,4,12,25,14,4,19,11,4,5,1,0,1,0,18,412,84,238,31
3247710022,1498983985751,2250,9,1,2,1,1,1,1,0,498,4,7,25,4,3,64,11,4,31,4,12,103,4,14,10,3,1,3,0,154,27,122,81,51,92,4,12,222,4,7,11,4,11,55,4,14,48,4,3,5,1,0,1,0,51,157,119,122,238
3328111857,1504429807138,1672,9,2,2,2,2,2,2,2,39,4,12,117,4,3,55,4,14,222,4,7,64,4,11,0,0,0,0,0,79,103,429,121,238,498,4,7,90,12,4,33,11,4,126,4,12,497,3,4,11,1,1,2,1,157,19,40,18,61
3241666670,1498590916952,1428,9,1,1,1,1,0,1,0,55,4,14,9,11,4,201,3,4,119,7,4,24,4,12,9,2,0,1,0,35,114,202,1,497,254,11,4,86,4,12,22,4,7,12,4,12,84,14,4,0,0,0,0,0,53,90,122,64,121
3297497457,1502378506204,1323,9,1,1,1,1,0,1,0,21,4,7,126,12,4,63,4,14,48,4,11,134,6,4,10,2,0,2,0,122,238,57,412,75,79,11,4,429,4,7,45,12,4,68,12,4,117,4,3,0,0,0,0,0,238,31,51,53,38
3327543212,1504370718807,2757,9,1,1,1,2,1,1,0,157,4,14,516,4,11,37,14,4,21,4,7,420,4,12,7,1,1,2,0,1,18,119,86,29,222,7,4,90,14,4,20,4,14,141,4,11,53,4,3,7,3,1,2,0,154,122,75,67,99
3318872068,1503741674960,1859,9,1,1,1,1,1,1,0,268,7,4,121,11,4,86,4,14,412,14,4,15,4,7,11,3,1,3,0,141,18,55,119,238,38,4,14,19,4,11,29,4,7,75,12,4,40,4,3,1,0,0,0,0,31,141,238,122,113
3327739592,1504384043061,1851,9,2,1,2,2,2,2,2,34,4,7,74,12,4,86,14,4,9,11,4,238,14,4,1,0,0,0,0,40,-1,-1,48,516,99,1,4,91,4,11,3,4,12,498,4,7,25,14,4,11,4,1,3,1,157,67,31,79,119
3325793656,1504255628621,1493,9,1,1,1,1,1,1,1,412,4,3,245,4,12,67,4,7,32,11,4,8,4,12,9,2,1,3,1,31,238,18,84,516,57,4,12,222,7,4,107,11,4,37,4,3,126,4,14,0,0,0,0,0,91,141,497,18,516
3235143969,1498200415760,2531,9,2,2,2,2,1,2,0,17,4,12,54,4,11,201,3,4,236,4,7,238,14,4,3,0,1,0,0,134,154,63,80,11,99,4,14,111,11,4,222,4,7,131,14,4,420,12,4,10,6,0,4,0,157,35,89,53,23
3323127461,1504074568953,1705,9,2,1,1,2,2,2,1,19,4,11,18,7,4,45,7,4,61,14,4,80,4,12,3,0,0,1,1,238,6,122,90,23,36,4,12,84,4,14,21,4,7,40,4,3,516,11,4,10,2,1,1,0,53,69,157,119,238
3328566664,1504454384069,2046,9,1,1,1,1,0,1,0,58,12,4,498,7,4,40,4,3,90,4,6,62,4,11,10,3,0,2,0,31,117,141,238,122,79,4,11,54,12,4,236,4,7,201,3,4,99,6,4,1,0,0,1,0,8,39,57,55,157
3291802824,1501963896209,1921,9,1,1,2,1,1,1,1,81,4,7,17,4,14,92,4,12,40,4,3,254,4,11,8,2,1,3,1,53,154,122,157,117,141,4,11,43,4,3,98,4,12,91,4,14,51,4,7,4,0,0,1,0,41,31,134,157,79
3255624606,1499515824890,1849,9,2,2,2,2,2,1,2,412,4,14,18,7,4,41,4,12,42,4,21,254,4,11,0,0,0,1,0,114,238,11,61,23,20,11,4,8,4,14,86,4,14,201,3,4,236,7,4,11,3,1,3,1,1,23,421,114,67
3330083958,1504555155599,2318,9,2,2,2,2,2,2,0,34,7,4,122,4,12,19,4,14,157,4,14,75,4,12,5,0,0,1,0,51,412,238,53,141,32,11,4,245,12,4,42,21,4,497,3,4,498,7,4,10,1,1,3,0,105,114,11,84,6
3312127875,1503308584209,2100,9,1,2,1,1,1,2,1,157,4,14,120,6,11,236,7,4,90,3,4,92,12,4,10,2,2,2,1,114,131,22,238,64,23,12,4,412,3,4,85,12,4,222,7,4,240,4,11,4,0,0,2,0,141,17,119,31,51
3319106280,1503760031838,2282,9,2,1,1,2,0,2,0,420,12,4,5,4,11,222,7,4,117,4,3,115,14,4,7,0,0,1,0,103,31,75,11,516,91,4,14,18,7,4,114,4,12,57,4,11,40,3,4,10,2,0,3,0,119,31,75,29,61
3329263962,1504475257150,2460,9,2,1,1,2,1,2,1,79,4,11,412,4,3,119,4,7,31,12,4,25,12,4,4,0,1,2,1,18,11,89,238,8,44,4,3,141,4,12,105,14,4,67,7,4,29,11,4,7,1,1,2,0,86,40,157,16,91
3327707806,1504381087474,2566,9,2,2,1,2,1,2,1,3,4,12,19,11,4,131,4,14,516,4,3,22,4,7,3,0,1,0,1,59,161,114,96,40,432,3,4,119,7,4,164,4,12,163,4,21,35,14,11,11,5,0,5,0,53,122,238,31,157
3329317447,1504481281475,1978,9,2,1,2,2,2,2,0,6,12,4,1,4,14,141,11,4,22,4,7,89,3,4,2,0,0,1,0,516,51,25,23,113,254,11,4,112,4,14,75,12,4,53,4,3,67,4,7,8,2,1,3,0,114,122,57,2,8
3261630266,1499896829334,193,9,1,1,0,0,0,0,0,90,12,4,107,11,4,25,4,3,67,7,4,141,12,4,0,0,0,0,0,498,238,157,23,51,119,3,4,16,7,4,421,11,4,38,12,4,64,4,12,0,0,0,0,0,157,412,53,61,34
3277684024,1500997367146,1179,9,2,2,2,2,0,2,2,105,12,4,19,4,11,222,4,7,86,12,4,53,4,3,1,0,0,0,0,117,157,141,91,90,29,7,4,164,4,12,26,4,3,64,4,11,42,3,4,11,3,0,1,1,154,117,54,21,31
3306356681,1502906553906,927,9,2,2,2,2,0,2,0,432,14,4,57,11,4,119,4,3,55,4,12,18,7,4,0,0,0,0,0,96,40,67,29,117,38,12,4,79,11,4,31,4,12,12,4,14,429,7,4,7,1,0,1,0,40,154,29,412,60
3286997162,1501615603493,1810,9,1,1,1,1,0,1,2,61,4,21,114,4,12,83,7,14,222,7,14,203,4,11,10,2,0,3,0,81,11,122,53,112,22,4,7,64,11,4,48,4,12,115,21,4,37,4,7,2,0,0,0,1,498,53,6,24,105
3272865208,1500652756371,1525,9,1,1,1,1,2,1,0,18,7,4,37,4,3,121,4,11,55,14,4,38,12,4,11,3,0,2,0,31,51,141,119,80,64,4,11,2,6,14,498,4,7,497,3,4,1,14,4,1,0,1,0,0,117,238,157,134,67
3321604415,1503950474206,1806,9,2,1,2,2,2,2,1,157,4,12,22,7,4,57,11,4,61,4,21,44,4,14,3,0,0,0,1,11,18,31,29,113,516,12,4,238,14,4,19,11,4,110,4,7,12,4,3,8,1,1,4,0,40,29,16,141,117
3313431149,1503357250439,2247,9,1,1,1,1,0,1,0,15,4,7,141,4,3,75,12,4,62,11,4,267,14,4,10,2,0,2,0,35,5,25,53,17,101,4,21,86,12,4,120,11,6,89,4,3,55,14,4,2,0,0,1,0,53,84,25,157,1
3320556887,1503856551233,2151,9,2,2,2,2,2,1,2,51,4,7,39,12,4,64,4,11,40,3,4,90,4,14,1,0,0,1,0,31,122,119,29,157,497,4,14,5,4,11,238,4,14,79,4,12,202,7,4,9,2,2,2,1,157,92,117,119,75
3285767875,1501532144300,1390,9,2,2,2,2,2,2,2,154,4,11,61,3,4,223,3,4,429,4,7,141,12,4,0,0,0,0,0,498,157,266,53,114,6,4,12,67,4,7,11,11,4,245,4,14,89,4,3,11,3,1,2,1,55,121,114,122,58
3313934307,1503417014789,1519,9,2,2,2,2,2,2,2,113,11,4,236,4,7,31,4,12,497,4,14,112,4,3,0,0,0,0,0,119,40,53,57,38,421,11,4,55,14,4,164,4,14,67,4,7,79,4,12,11,3,1,1,1,119,29,18,38,40
3329318565,1504481978505,1530,9,2,1,2,2,2,2,0,4,4,6,18,4,7,516,11,4,79,4,12,89,4,14,1,0,0,0,0,40,117,141,134,31,15,7,4,6,12,4,26,14,4,61,4,1,11,11,4,6,1,1,2,0,107,238,33,141,28
3324409309,1504146839526,2780,9,1,2,2,1,2,2,0,96,7,4,9,11,4,41,4,12,268,4,21,412,4,3,6,1,0,2,0,75,67,105,157,154,202,4,3,92,4,12,498,4,7,19,11,4,4,4,21,5,0,2,2,0,141,238,245,53,117
3329857916,1504545731956,1428,9,1,2,1,1,0,1,0,16,4,7,222,21,4,141,4,11,55,14,4,80,4,14,8,1,0,1,0,157,-1,122,516,99,164,4,12,76,11,4,412,14,4,110,7,4,92,4,7,1,0,0,0,0,40,75,11,121,3
3323861226,1504106139764,2224,9,1,1,2,1,1,2,0,86,4,12,107,11,4,81,4,14,67,7,4,16,3,4,9,3,1,1,0,84,114,119,113,1,141,4,11,104,7,4,134,4,21,516,12,4,412,4,3,2,0,0,2,0,122,6,103,157,154
3322978234,1504041716079,1847,9,2,1,2,2,2,2,2,29,4,7,412,14,4,64,4,11,516,4,12,103,4,12,1,0,0,2,0,119,236,245,122,40,31,4,12,42,1,4,121,11,4,12,3,4,222,4,7,11,3,1,1,1,157,18,19,11,245
3230628471,1497898714296,197,9,1,1,0,0,0,0,0,202,7,4,412,4,3,4,7,4,86,14,4,120,6,11,0,0,0,0,0,23,238,154,59,29,157,14,4,64,11,4,8,4,12,53,3,4,51,4,7,0,0,0,0,0,67,55,103,114,154
3238555383,1498407335330,1666,9,1,2,1,1,0,1,0,22,4,7,16,4,3,245,4,12,68,4,12,32,4,11,7,1,0,3,0,114,105,7,119,498,51,4,7,412,14,4,98,4,12,79,4,11,103,14,4,1,0,0,0,0,134,3,24,157,11
3324367222,1504135996512,2226,9,1,1,1,1,2,1,1,67,4,7,432,4,14,238,4,14,58,4,12,9,4,11,11,5,0,4,1,31,18,117,79,57,69,3,4,157,12,4,267,3,4,14,11,4,22,4,7,2,0,2,0,0,29,114,40,38,31
3328219151,1504440154783,2143,9,1,1,2,1,0,1,2,51,7,4,89,4,3,41,4,3,6,4,12,141,11,4,9,2,0,3,0,105,31,33,122,119,11,11,4,126,12,4,21,4,7,40,3,4,7,14,4,2,0,0,0,1,119,35,122,412,61
3321553804,1503947734299,2696,9,1,1,2,2,2,2,0,127,4,3,53,4,3,81,4,7,79,11,4,41,4,3,9,1,0,2,0,25,40,141,154,238,74,14,4,82,14,11,91,4,14,157,4,14,64,4,14,9,3,3,3,0,122,-1,-1,-1,-1
3248742080,1499028359895,2805,9,2,2,2,2,2,2,2,96,4,12,86,4,12,19,11,4,51,4,7,16,3,4,5,1,0,1,0,498,64,42,122,154,21,4,7,117,4,3,104,4,11,14,12,4,157,14,4,11,3,2,3,1,122,67,53,85,238
3325619992,1504220784448,1760,9,2,2,2,2,0,2,2,45,4,3,8,4,12,91,4,14,154,4,11,202,7,4,1,0,0,0,0,122,69,25,90,516,63,4,3,119,21,4,15,4,7,131,11,4,58,14,4,11,3,0,2,1,141,157,238,29,1
3325804448,1504256332766,1685,9,2,1,2,2,0,2,1,37,3,4,48,4,11,39,4,12,61,4,21,222,7,4,2,0,0,0,1,29,31,67,40,238,51,4,7,45,3,4,141,4,11,122,4,12,103,4,14,7,1,0,3,0,31,19,238,3,157
3235100923,1498178584318,3054,9,1,1,2,1,1,1,0,79,11,4,222,4,7,201,3,4,24,12,4,115,4,14,11,6,3,3,0,55,119,122,84,63,54,4,11,85,12,4,37,4,3,29,7,4,99,21,4,7,1,0,2,0,105,117,103,245,114
3323996778,1504114026215,1242,9,2,2,2,0,0,2,2,84,4,14,516,12,4,9,12,4,67,7,4,223,3,4,0,0,0,0,0,51,412,122,117,75,32,11,4,202,7,4,131,12,4,101,4,14,103,21,4,5,0,0,2,1,27,429,31,154,24
3328968499,1504460390469,1254,9,1,1,1,1,0,1,1,45,14,4,82,12,4,412,3,4,80,4,11,29,7,4,10,2,0,2,1,103,28,83,81,122,141,4,11,75,12,4,202,7,4,111,7,4,99,4,3,0,0,0,0,0,17,157,238,22,53
3323688681,1504105532363,1384,9,1,1,1,0,1,1,0,59,4,11,44,3,4,67,7,4,134,6,4,24,4,12,3,0,1,2,0,157,117,40,114,202,79,4,11,412,4,14,136,4,3,498,4,7,122,12,4,0,0,0,0,0,117,113,150,31,161
3326432705,1504298091536,1772,9,2,1,1,2,2,1,1,48,4,3,23,4,11,82,4,12,119,7,4,157,4,14,4,0,0,1,1,55,61,18,85,134,67,7,4,8,4,12,141,11,4,9,3,4,86,4,3,11,4,1,2,0,45,7,136,114,55
3325660743,1504220794353,1558,9,2,2,2,2,0,2,2,222,4,7,133,4,12,112,12,4,14,3,4,121,14,11,0,0,0,0,0,31,7,67,53,157,79,4,11,25,14,4,18,7,4,8,4,12,236,4,7,11,3,0,3,1,141,31,154,53,29
3323050216,1504046202791,1210,9,2,1,2,0,0,2,0,141,4,11,222,4,7,122,4,12,117,3,4,8,6,4,0,0,0,0,0,84,59,157,85,131,202,4,7,80,12,4,64,4,11,267,3,4,163,6,4,2,0,0,1,0,40,157,115,18,105
3321622066,1503950068000,2114,9,2,1,2,2,1,1,0,68,4,11,498,4,7,54,12,4,143,14,4,134,4,7,3,0,1,1,0,122,55,53,114,40,61,4,6,18,7,4,37,4,3,62,4,14,106,11,4,9,1,0,1,0,117,119,29,122,64
3233663712,1498080475279,2226,9,1,1,1,1,0,2,1,5,6,11,91,4,14,133,4,7,37,3,4,17,14,4,11,4,0,3,1,105,64,498,420,53,48,12,4,222,7,4,36,11,6,89,3,4,90,4,14,3,0,0,1,0,21,103,53,64,63
3308780624,1503069411968,1132,9,2,1,2,0,0,2,2,38,12,4,498,7,4,11,3,11,157,4,12,16,3,4,0,0,0,0,0,6,79,40,238,24,51,4,7,69,6,4,107,4,11,201,4,3,92,4,12,6,0,0,2,1,40,122,79,119,67
3230016466,1497872138223,1942,9,1,2,1,1,1,1,2,114,12,4,121,11,4,3,4,3,119,4,7,117,3,4,10,2,1,3,0,53,154,51,122,80,136,6,4,11,4,11,29,4,7,40,4,3,92,4,12,2,0,0,0,1,67,103,122,105,154
3329268053,1504476776716,1348,9,1,1,1,1,0,0,1,33,11,4,55,14,4,117,3,4,17,12,4,67,4,7,7,1,0,0,1,157,238,53,11,29,51,7,4,7,12,4,43,4,3,133,12,4,427,4,11,1,0,0,0,0,53,122,83,18,38
3256733647,1499580561477,2425,9,1,1,1,2,2,2,0,96,4,7,157,4,12,105,4,14,267,4,3,254,4,11,9,1,1,2,0,122,29,23,7,117,40,4,3,28,11,4,126,4,14,85,12,4,236,7,4,5,1,1,2,0,114,119,11,51,154
3249838415,1499100960230,2437,9,2,2,2,2,2,1,2,267,4,3,222,4,7,59,4,11,105,4,12,81,4,14,2,0,0,3,0,498,238,55,157,92,412,4,3,114,12,4,39,4,11,38,4,14,51,4,7,11,5,1,1,1,53,157,154,80,69
3298781040,1502461667441,2080,9,1,2,1,1,1,1,0,8,6,4,141,4,11,21,4,7,30,4,3,143,4,3,9,3,1,2,0,105,6,236,38,157,245,4,11,74,12,4,223,4,3,115,4,21,51,4,7,5,0,0,0,0,154,119,103,84,55
3327680931,1504378886873,2120,9,1,1,1,1,1,1,0,112,6,4,23,12,4,80,4,11,67,4,7,161,4,3,11,3,1,3,0,122,64,21,24,79,238,4,14,41,4,12,222,7,4,267,3,4,141,11,4,3,0,0,0,0,105,157,53,19,113
3307326211,1502985681419,1759,9,2,2,2,2,2,1,2,59,4,11,202,12,4,61,6,4,16,4,3,236,4,7,1,0,0,1,0,119,18,40,157,412,201,3,4,96,4,7,154,4,14,29,11,4,90,4,12,11,4,1,1,1,40,157,57,31,119
3326193464,1504284354444,1814,9,1,1,1,1,1,1,0,23,14,4,141,4,11,21,4,7,53,14,4,74,4,14,11,3,1,3,0,117,119,75,55,17,245,4,12,122,4,12,40,3,4,498,7,4,421,4,11,1,0,0,0,0,201,31,84,114,29
3320498346,1503854228099,1878,9,2,2,2,2,2,2,0,13,4,12,154,11,4,238,4,14,119,7,4,412,4,14,3,0,0,0,0,64,122,114,516,432,121,4,11,67,7,4,157,12,4,40,4,3,45,4,21,10,3,1,3,0,75,53,134,31,141
3313007803,1503338628304,1558,9,1,2,1,1,1,1,1,236,7,4,254,4,11,61,4,12,6,12,4,16,4,3,10,2,1,3,1,55,75,117,40,141,99,4,3,35,11,4,115,4,12,150,4,12,18,4,7,1,0,0,0,0,105,40,157,238,31
3234213205,1498132534190,1792,9,1,1,1,1,0,1,1,67,4,12,48,4,11,40,3,4,84,4,14,119,4,7,10,2,0,1,1,91,412,105,238,19,134,4,21,222,7,4,25,4,3,59,11,4,58,12,4,2,0,0,1,0,157,117,122,11,154
3322316366,1503998188186,1209,9,2,2,2,0,0,2,0,412,4,14,21,7,4,427,11,4,38,12,4,69,4,12,1,0,0,0,0,114,122,157,40,25,101,4,21,79,4,11,22,7,4,110,6,4,26,4,3,4,0,0,1,0,17,34,157,498,238
3317613156,1503659682825,1611,9,1,2,1,1,1,1,0,117,3,4,5,11,4,91,4,14,21,7,4,82,4,12,11,3,1,2,0,134,516,19,31,29,67,7,4,157,4,12,245,4,12,12,4,3,79,11,4,0,0,0,0,0,119,141,516,105,75
3320717790,1503864726197,1905,9,2,1,2,2,2,2,1,18,4,7,12,4,14,105,14,4,254,11,4,111,12,4,3,0,0,1,1,157,238,69,31,141,143,14,4,22,4,7,9,4,11,2,12,4,39,4,14,10,1,1,3,0,67,92,40,150,8
3245704913,1498848892521,2334,9,1,1,1,2,2,2,2,89,3,4,22,7,4,157,14,4,45,4,21,64,11,4,7,1,0,0,0,38,122,67,154,84,79,11,4,119,7,4,63,14,4,105,4,14,27,6,12,8,2,2,4,1,51,117,498,122,38
3317092490,1503600881017,1719,9,1,1,1,1,1,1,1,42,1,4,84,4,12,20,11,4,164,4,3,96,4,1,8,1,1,4,1,-1,113,40,59,516,245,4,12,22,4,7,117,3,4,2,6,12,57,4,11,4,0,0,0,0,18,412,429,53,29
3316249915,1503578605517,1615,9,1,1,1,1,0,1,1,92,12,4,267,4,3,79,4,11,67,4,7,9,14,4,10,1,0,2,1,29,16,40,516,122,53,4,3,84,4,12,81,7,4,154,4,12,121,4,11,1,0,0,0,0,16,157,40,8,114
3329770839,1504538791050,1346,9,2,2,2,2,0,2,0,57,11,4,99,3,4,86,12,4,21,4,7,101,12,4,0,0,0,0,0,164,31,7,238,117,96,7,4,27,6,11,150,4,12,497,3,4,63,14,4,6,1,0,2,0,45,11,79,122,40
3330654288,1504603033968,1820,9,2,1,1,1,2,2,1,53,4,14,59,11,4,3,14,4,498,7,4,31,4,12,6,1,0,1,1,114,141,40,26,157,60,11,4,67,4,7,126,12,4,267,3,4,84,4,14,8,1,1,2,0,40,141,57,-1,412
3323865412,1504107402825,1604,9,2,1,1,0,2,1,1,18,7,4,412,4,14,2,6,11,103,4,14,98,4,12,3,0,0,1,1,68,40,202,113,38,164,4,12,67,3,4,16,4,7,136,4,1,57,4,11,4,0,1,2,0,40,202,134,24,113
3317349062,1503616182616,1278,9,1,2,1,0,0,2,1,40,4,3,54,4,12,8,4,12,56,4,11,236,4,7,4,0,0,1,1,238,16,29,57,67,61,4,7,121,11,4,122,12,4,412,4,3,119,7,4,2,0,0,1,0,51,157,113,238,67
3257465411,1499632643303,1735,9,2,1,2,2,2,2,2,28,11,4,34,4,12,16,12,4,412,4,3,51,4,7,1,0,0,1,0,117,24,157,238,154,236,7,4,201,14,4,41,4,14,56,4,11,122,4,12,9,1,1,1,1,114,24,63,238,157
3331374895,1504644561394,1461,9,1,2,1,1,1,1,2,21,7,4,48,11,4,90,12,4,99,3,4,54,12,4,9,1,1,1,0,45,164,18,40,11,114,12,4,141,11,4,16,3,4,1,4,14,222,4,7,0,0,0,1,1,119,516,24,104,122
3311779687,1503262205437,2334,9,1,2,2,2,1,2,0,267,3,4,76,4,11,34,14,4,54,4,12,222,4,7,9,1,2,2,0,18,59,11,8,55,64,11,4,498,4,7,497,4,3,105,12,4,14,12,4,9,1,0,2,0,122,38,75,57,119
3229517393,1497834343786,1756,9,2,1,2,2,2,1,2,498,7,4,412,4,3,9,4,11,134,4,14,98,4,12,0,0,0,1,0,154,114,3,122,238,11,4,11,69,4,3,201,4,3,59,4,12,51,4,7,11,4,1,1,1,29,157,64,19,154
3258364596,1499695657488,2630,9,2,2,2,2,2,2,0,236,7,4,98,4,12,497,4,3,5,11,4,84,14,4,3,0,0,2,0,103,126,11,51,412,35,14,11,17,4,14,81,14,4,222,7,4,13,12,4,11,4,1,2,0,114,157,64,119,122
3298668046,1502460302313,1929,9,1,2,1,1,2,1,1,141,11,4,134,1,4,48,4,12,15,7,4,12,4,14,10,3,1,3,1,117,7,126,31,40,33,4,11,90,4,6,143,4,14,202,7,4,39,4,12,4,0,1,0,0,121,31,154,126,412
3330919566,1504619819936,1869,9,2,1,2,2,2,1,0,412,3,4,222,7,4,79,11,4,78,12,4,91,14,4,3,0,0,2,0,57,69,157,90,31,202,4,7,497,4,14,81,4,11,161,4,3,48,12,4,9,2,1,0,0,16,105,19,8,40
3328160723,1504433989559,202,9,2,2,0,0,0,0,0,48,4,12,161,4,3,9,11,4,45,4,3,18,4,7,0,0,0,0,0,40,25,238,105,119,64,11,4,92,4,12,497,4,3,38,4,12,498,4,7,0,0,0,0,0,40,29,117,134,80
3234410963,1498141451186,2675,9,2,1,1,1,2,1,0,61,14,4,202,4,7,43,3,4,104,4,11,98,12,4,6,2,0,3,0,122,3,412,498,497,38,12,4,12,4,3,30,4,11,67,4,7,157,4,12,8,1,2,2,0,154,114,238,122,51
3303126508,1502706693167,1750,9,2,2,1,1,2,2,1,78,12,4,412,3,4,75,4,12,236,4,7,113,11,4,5,1,0,0,1,157,40,23,141,68,64,11,4,92,4,12,38,4,14,18,7,4,223,4,14,7,1,1,2,0,238,114,19,141,40
3324573354,1504177450631,2561,9,1,2,1,1,0,1,0,27,6,7,12,3,4,99,4,21,141,4,11,516,4,12,9,1,0,3,0,91,90,122,31,75,63,14,4,120,6,11,103,14,4,24,12,4,21,4,7,2,0,0,1,0,157,40,75,122,7
3331025036,1504624593805,1230,9,2,1,2,0,0,2,0,110,7,4,43,4,3,99,3,4,121,4,11,58,4,12,0,0,0,0,0,238,498,157,67,53,516,4,11,89,4,3,6,4,12,18,7,4,126,3,4,4,0,0,1,0,119,141,55,19,75
3279413920,1501088888024,2086,9,1,1,2,1,1,1,0,122,4,12,111,3,4,67,7,4,57,4,11,79,14,4,9,1,1,3,0,31,157,126,6,51,141,11,4,150,4,12,236,4,21,412,14,4,202,7,4,2,0,0,0,0,64,92,157,143,119
3327857172,1504389114071,2444,9,1,1,2,1,2,2,0,24,12,4,29,11,4,18,4,7,53,4,3,63,14,4,9,1,0,1,0,164,157,31,64,40,516,4,12,35,4,11,12,3,4,8,4,3,429,4,7,5,0,1,3,0,238,58,90,122,157
3306935554,1502961658355,1508,9,1,1,2,0,0,1,1,7,12,4,98,4,12,107,4,11,429,7,4,53,4,14,4,0,0,2,1,29,240,154,119,40,76,4,11,117,4,14,15,4,7,23,12,4,85,4,12,4,0,0,0,0,31,150,141,91,18
3315335579,1503497813534,1252,9,2,1,2,0,0,2,2,236,4,7,4,4,6,117,4,3,98,4,12,3,4,11,0,0,0,0,0,157,1,53,238,40,56,4,11,42,4,14,24,4,12,222,4,7,89,14,4,6,0,0,1,1,122,18,81,141,29
3330982198,1504621077301,2110,9,2,2,1,2,2,1,1,67,4,7,516,12,4,91,14,4,11,4,11,16,3,4,5,0,0,3,1,33,157,412,18,75,498,4,7,38,4,14,57,12,4,497,4,3,64,11,4,6,1,1,0,0,36,75,40,24,238
3322976237,1504041122940,2111,9,2,2,1,2,1,1,1,63,14,4,516,11,4,89,3,4,222,4,7,67,4,12,4,0,1,2,1,24,55,53,105,157,112,12,4,18,7,4,497,14,4,106,4,11,23,12,4,8,2,0,0,0,122,157,6,412,141
3324784300,1504191605139,2297,9,2,2,2,2,2,2,0,16,3,4,120,6,11,51,7,4,48,4,12,4,4,14,2,0,0,0,0,57,75,497,122,119,126,14,4,18,7,4,58,14,4,59,11,4,412,3,4,10,3,3,4,0,31,238,40,19,157
3322675273,1504024060700,2595,9,2,1,2,2,0,2,0,81,4,14,58,12,4,67,7,4,44,3,4,59,11,4,3,0,0,2,0,119,141,75,238,91,27,12,6,103,21,4,62,4,11,40,4,3,21,7,4,10,2,0,1,0,157,202,90,18,48
3330249616,1504567511667,1215,9,2,2,2,0,0,2,0,498,4,7,267,3,4,57,12,4,79,4,11,112,4,6,0,0,0,0,0,40,11,55,29,75,429,7,4,89,3,4,76,4,11,163,4,14,41,12,4,4,0,0,2,0,55,141,119,31,412
3306356511,1502906435143,1909,9,2,2,2,2,2,2,2,412,4,14,222,4,7,92,4,12,254,11,4,26,21,4,2,0,0,2,0,157,29,57,119,31,11,11,4,90,12,4,17,4,14,117,3,4,18,7,4,11,3,1,2,1,31,157,8,29,40
3326682677,1504322980484,1734,9,2,2,2,2,2,1,1,22,7,4,13,4,12,131,4,14,107,4,11,37,3,4,4,0,0,2,1,122,29,24,238,12,236,7,4,202,4,7,141,4,11,16,4,7,10,12,4,9,1,1,1,0,11,29,157,19,498
3290216707,1501856943608,2003,9,1,1,2,1,1,2,2,79,4,11,92,4,12,497,4,3,21,4,7,81,14,4,11,3,1,1,0,38,75,238,51,31,103,4,14,10,4,11,222,4,7,412,4,14,122,12,4,3,0,0,3,1,238,18,31,157,19
3319745582,1503829210585,2345,9,1,2,2,1,1,1,2,102,11,4,412,3,4,4,4,14,18,7,4,114,4,12,9,1,2,3,0,117,90,157,38,53,81,7,4,40,4,3,48,11,4,57,4,12,163,4,3,4,0,0,1,1,84,29,238,157,31
3293585075,1502112241430,1413,9,2,2,2,0,0,2,0,91,4,14,154,11,4,412,3,4,202,4,7,133,4,7,1,0,0,0,0,69,114,141,157,134,223,4,3,29,11,4,92,4,12,101,4,21,119,7,4,6,0,0,1,0,6,67,121,75,31
3329760732,1504538413303,1802,9,2,2,1,2,0,1,0,1,4,14,78,11,4,40,4,3,51,7,4,75,12,4,1,0,0,2,0,11,37,122,67,103,17,4,12,154,4,11,18,4,7,30,14,4,412,3,4,9,1,0,1,0,498,53,238,122,11
3331645230,1504693571097,959,9,1,1,1,1,0,0,0,267,4,14,99,4,12,119,7,4,68,11,4,59,4,12,7,1,0,0,0,134,126,497,40,238,150,4,12,24,4,11,112,4,12,96,4,7,117,3,4,0,0,0,0,0,141,31,90,238,154
3324231625,1504126323793,2710,9,1,2,2,1,0,2,0,72,11,4,76,7,4,82,12,4,412,4,3,134,12,4,9,2,0,3,0,18,107,114,238,516,498,4,12,133,4,14,81,4,11,67,4,3,222,7,4,8,1,0,1,0,-1,238,18,60,17
3327369161,1504361520776,2419,9,1,1,1,1,2,2,0,122,4,12,56,4,11,119,7,4,9,4,3,236,4,14,8,2,1,2,0,40,31,64,58,157,62,4,12,57,4,11,516,4,7,143,4,14,38,12,4,6,0,1,3,0,114,141,79,154,202
3291577420,1501951022992,1216,9,1,2,1,0,0,1,0,99,3,4,18,7,4,29,14,4,75,4,12,427,11,4,3,0,0,1,0,17,3,57,154,53,83,6,12,21,7,4,141,4,3,35,14,11,34,14,4,0,0,0,0,0,240,154,150,143,84
3323975301,1504113252299,2039,9,1,1,1,1,2,2,1,113,11,4,22,7,4,30,4,3,412,14,4,48,4,12,10,3,0,3,1,20,53,40,164,117,59,4,12,163,14,4,429,4,7,60,11,4,134,4,6,4,0,2,1,0,498,18,29,38,7
3241564002,1498585328183,2189,9,1,2,2,1,2,2,2,53,4,3,51,4,7,32,4,11,98,4,12,61,3,4,9,1,1,2,0,105,154,64,67,119,427,4,11,157,4,14,10,4,12,412,4,14,236,7,4,4,0,1,2,1,16,119,114,55,24
3324777474,1504192325413,1492,9,2,1,2,2,2,1,2,20,11,4,238,4,14,78,4,12,12,4,3,222,7,4,1,0,0,1,0,141,31,105,122,157,29,7,4,64,4,11,3,12,4,267,3,4,4,4,14,11,3,1,2,1,40,117,157,18,6
3251814876,1499245023016,1398,9,2,2,2,2,2,2,2,127,12,4,164,12,4,110,4,7,25,3,4,113,4,11,0,0,0,0,0,105,498,114,38,157,240,12,4,59,4,11,89,14,4,7,14,4,202,7,4,8,1,1,2,1,266,117,51,114,103
3325664571,1504222953196,1931,9,2,2,2,2,2,2,2,67,7,4,34,4,21,113,4,11,131,12,4,143,4,14,0,0,0,0,0,18,164,238,516,157,103,4,14,10,4,12,202,4,7,412,3,4,106,11,4,11,3,1,3,1,141,40,90,122,114
3262684613,1499971429339,2150,9,1,1,1,1,1,1,0,110,4,7,23,6,14,117,4,3,54,4,11,1,4,14,11,3,1,3,0,141,86,157,122,64,12,3,4,42,7,4,421,4,11,92,4,12,131,12,4,3,0,0,1,0,90,114,51,19,498
3296870864,1502351809531,2169,9,1,2,1,1,1,2,0,57,4,11,16,7,4,119,4,7,85,4,12,115,3,4,9,2,1,2,0,31,141,67,157,64,51,7,4,69,6,4,8,12,4,102,4,11,40,3,4,5,0,0,3,0,67,31,75,154,114
3306556788,1502915055579,2059,9,2,2,2,2,2,2,2,18,4,7,11,4,11,57,4,12,117,4,3,99,4,6,2,0,0,1,0,40,63,157,92,53,121,4,11,22,7,4,238,4,14,37,4,3,122,12,4,10,3,2,4,1,29,157,40,67,31
3237877365,1498344620483,2197,9,2,1,2,1,2,1,0,61,4,14,133,4,7,63,4,14,76,4,11,83,4,12,6,1,0,3,0,53,51,154,157,114,131,12,4,254,11,4,236,7,4,91,4,14,40,3,4,4,0,1,1,0,103,67,245,51,23
3328335734,1504446913490,1815,9,2,1,2,2,2,1,0,81,4,7,19,11,4,201,4,3,36,6,12,21,4,7,2,0,0,1,0,141,122,40,96,157,29,4,7,60,11,4,41,4,12,412,4,14,126,12,4,9,2,1,2,0,141,31,117,75,238
3303364569,1502718772809,1776,9,2,2,2,2,0,2,2,115,3,4,92,12,4,22,4,7,89,3,4,2,11,4,3,0,0,0,0,51,75,53,122,74,498,4,7,64,4,11,157,4,14,37,4,3,58,12,4,8,1,0,2,1,105,86,67,143,11
3305999592,1502889410665,1212,9,1,1,1,1,0,1,0,222,7,4,64,11,4,267,14,4,150,4,12,99,21,4,7,2,0,1,0,154,31,117,238,157,122,4,12,29,7,4,12,4,3,254,4,11,4,4,14,0,0,0,0,0,141,67,55,238,105
3322827313,1504033296818,1964,9,1,1,1,1,0,1,1,4,14,4,59,4,11,54,12,4,18,7,4,37,3,4,8,2,0,3,1,141,51,157,154,11,238,4,14,412,14,4,64,4,11,29,4,7,50,4,12,3,0,0,1,0,67,105,90,141,157
3329109238,1504467692412,1823,9,2,2,2,2,2,1,2,141,4,11,412,4,14,27,12,4,105,4,14,29,7,4,4,0,0,1,0,40,11,31,157,117,110,7,4,64,4,11,112,4,21,24,4,12,267,4,3,10,3,1,1,1,18,119,92,59,238
3311946298,1503270361305,2450,9,2,2,2,2,2,2,0,79,4,12,25,4,14,131,4,14,56,11,4,202,7,4,4,0,0,0,0,54,498,119,238,40,141,4,11,53,14,4,18,7,4,122,12,4,7,4,14,9,2,1,4,0,104,150,1,89,105
3324717973,1504189489178,1595,9,1,1,1,1,0,1,1,114,4,12,99,4,21,236,7,4,497,3,4,32,11,4,11,2,0,3,1,29,498,117,31,157,43,3,4,238,14,4,5,11,4,119,4,7,50,4,12,0,0,0,0,0,113,141,40,11,67
3324239383,1504128585511,1769,9,1,1,1,1,0,2,1,11,4,11,59,4,12,238,14,4,63,14,4,22,7,4,9,3,0,2,1,-1,45,86,122,141,40,4,3,136,4,14,498,4,7,429,4,11,157,4,12,0,0,0,1,0,202,24,90,51,101
3325836425,1504263120530,1822,9,2,1,2,2,2,2,0,103,4,14,498,7,4,48,4,12,34,4,3,141,11,4,4,0,0,0,0,31,29,11,238,157,18,7,4,92,12,4,1,4,14,89,4,3,4,4,11,9,2,1,3,0,122,67,24,516,40
3323090050,1504050871047,1918,9,1,1,2,1,1,1,1,51,4,7,122,4,6,38,4,12,11,11,4,63,4,14,10,2,1,3,1,53,17,117,29,24,85,4,12,18,7,4,236,4,14,203,11,4,40,3,4,2,0,0,0,0,69,16,31,121,53
3329109748,1504467853215,226,9,1,2,0,0,0,0,0,42,4,3,164,12,4,267,3,4,60,4,11,222,4,7,0,0,0,0,0,238,133,23,119,157,117,4,3,101,4,14,48,3,11,29,7,4,31,12,4,0,0,0,0,0,18,238,67,157,122
3318863697,1503742339155,1719,9,2,2,2,2,2,1,2,6,4,12,4,4,14,497,14,4,110,4,7,64,4,11,3,0,0,2,0,57,122,134,29,119,112,1,4,222,7,4,31,11,4,412,3,4,117,4,12,6,1,1,1,1,40,92,105,29,113
3308992154,1503080175328,1455,9,2,2,2,2,2,2,2,41,4,12,141,11,4,40,4,3,4,14,4,202,4,7,0,0,0,0,0,29,157,105,154,31,236,4,7,5,6,11,163,7,4,164,4,12,16,4,3,11,2,1,2,1,6,122,55,18,24
3321992651,1503963291675,1614,9,2,2,1,0,2,2,2,131,12,4,117,4,7,236,4,21,3,12,4,78,11,4,3,0,0,1,0,29,40,157,141,119,18,7,4,37,4,14,38,4,12,60,11,4,58,12,4,8,0,1,2,1,238,31,16,114,119
3329460775,1504515285410,956,9,2,2,2,0,0,2,0,5,11,4,23,4,12,18,7,4,101,12,4,37,3,4,0,0,0,0,0,119,31,53,157,28,120,6,11,126,4,3,67,4,7,84,12,4,1,4,14,5,0,0,1,0,53,238,11,2,141
3235057580,1498176306001,1630,9,1,2,1,1,0,1,1,54,4,12,99,4,3,245,4,14,79,11,4,67,4,7,8,1,0,2,1,122,157,238,114,84,43,3,4,92,4,12,154,11,4,202,7,4,85,4,14,1,0,0,0,0,103,157,238,117,53
3328033730,1504418591483,1712,9,2,2,2,2,2,2,0,222,4,7,412,14,4,4,14,4,114,4,12,48,4,11,1,0,0,0,0,38,18,119,113,40,22,7,4,92,4,12,31,4,11,105,14,12,44,4,14,11,3,1,3,0,69,29,119,113,24
3292270189,1502025504738,2772,9,1,1,1,2,2,1,0,236,7,4,412,3,4,154,4,11,61,7,4,62,4,6,10,4,0,4,0,157,141,75,57,103,29,4,7,201,4,14,64,4,11,82,4,12,99,4,21,6,1,2,0,0,55,31,497,157,11
3254029307,1499398566689,1805,9,1,1,1,0,0,2,0,26,3,4,55,4,14,80,4,12,79,4,11,18,7,4,5,0,0,1,0,122,245,51,53,238,77,4,11,29,4,7,103,4,14,3,3,4,6,4,6,1,0,0,2,0,11,51,157,432,53
3329216535,1504472864805,2231,9,2,1,2,2,2,2,0,122,6,12,105,14,4,24,11,4,22,4,7,25,4,3,6,0,0,2,0,86,131,29,51,103,21,7,4,102,11,4,201,4,3,126,12,4,45,4,14,10,3,1,2,0,84,6,18,40,29
3323996410,1504113920601,1665,9,2,2,2,2,1,2,2,69,4,3,267,4,3,67,7,4,33,11,4,53,4,12,0,0,1,0,0,28,18,58,154,40,60,11,4,59,4,12,202,4,7,432,14,4,134,12,4,10,2,0,2,1,154,40,516,16,31
3327895787,1504391857355,1017,9,1,2,1,0,0,1,0,164,4,3,113,11,4,236,4,7,412,3,4,55,4,14,2,0,0,1,0,238,38,16,117,141,78,4,12,18,7,4,7,14,4,102,4,11,37,3,4,0,0,0,0,0,40,29,157,119,117
3321288377,1503931955328,1552,9,2,2,2,2,1,2,0,67,4,1,40,4,7,33,4,11,238,12,4,74,4,12,1,0,1,0,0,18,516,429,31,114,29,4,11,117,7,4,163,4,14,22,7,4,412,4,14,7,1,0,1,0,157,18,53,113,24
3317811002,1503671717064,1822,9,2,2,2,2,2,2,2,90,4,6,10,4,12,498,4,7,64,4,11,37,3,4,0,0,0,0,0,31,40,8,117,238,9,11,4,245,4,12,412,4,14,429,4,7,34,12,4,11,2,1,2,1,238,134,119,141,516
3328169382,1504437186257,208,9,1,0,0,0,0,0,0,245,4,14,497,4,7,64,4,11,498,4,1,11,4,14,0,0,0,0,0,91,16,238,122,40,412,4,14,103,21,4,5,4,12,32,11,4,18,4,7,0,0,0,0,0,38,429,157,8,51
3322028078,1503967400695,2576,9,1,2,2,2,1,2,0,121,4,11,69,6,4,12,4,3,13,4,12,29,4,7,8,1,3,3,0,119,223,154,498,6,96,7,4,427,11,4,245,4,12,412,3,4,61,4,1,7,1,0,1,0,31,238,157,119,18
3320989272,1503904782724,2359,9,1,1,1,1,1,1,0,25,14,4,18,4,7,240,4,12,157,4,14,79,11,4,9,1,1,2,0,238,90,119,114,57,8,14,4,498,7,4,41,12,4,141,11,4,17,4,14,5,0,0,1,0,40,117,28,81,92
3319653397,1503800084553,1603,9,2,1,1,2,0,2,2,6,12,4,21,4,7,115,12,4,16,3,4,106,4,11,1,0,0,1,0,63,29,53,37,84,18,7,4,19,11,6,17,4,14,34,4,12,86,4,12,11,3,0,2,1,67,516,31,119,122
3320248519,1503848696097,2635,9,2,2,1,2,0,2,2,63,21,4,222,7,4,201,14,4,98,4,12,9,11,4,3,0,0,1,0,105,75,122,35,103,202,4,7,33,11,4,41,3,4,59,12,4,61,14,4,8,1,0,4,1,79,31,122,141,157
3319777712,1503830381097,1231,9,1,1,1,0,0,1,1,111,4,14,222,7,4,5,4,11,34,4,21,86,4,12,8,0,0,2,1,11,134,84,157,69,18,7,4,141,4,11,150,12,4,1,4,11,61,14,4,0,0,0,0,0,51,238,90,157,37
3328637295,1504454983563,1878,9,1,2,1,2,1,1,1,86,4,12,51,4,7,238,4,14,84,11,4,412,3,4,10,1,1,3,1,61,56,141,122,105,54,4,3,157,4,12,236,4,7,59,4,11,55,14,4,4,1,0,0,0,254,29,36,-1,245
3326182241,1504283910048,2112,9,2,2,1,2,0,2,0,99,4,12,48,12,4,40,4,3,59,4,11,498,4,7,4,0,0,2,0,117,122,12,164,238,24,11,4,58,4,12,161,4,3,18,7,4,10,4,14,7,1,0,2,0,31,16,29,67,113
3327212424,1504353762207,1836,9,1,1,2,1,1,2,0,222,7,4,16,3,4,1,4,14,59,11,4,58,4,12,9,2,1,2,0,40,23,133,117,18,28,4,11,134,4,14,6,12,4,37,4,14,498,4,7,3,0,0,2,0,8,40,154,141,92
3330138623,1504559161006,1856,9,1,1,1,1,0,1,2,9,4,11,75,12,4,45,4,12,25,4,3,498,4,7,9,2,0,2,0,55,11,103,157,53,141,11,4,80,14,4,99,4,21,67,4,7,16,4,3,1,0,0,1,1,119,157,412,122,105
3316096163,1503560791738,1975,9,1,2,2,1,1,2,0,81,4,7,29,4,11,497,3,4,43,4,12,122,12,4,10,3,1,0,0,516,157,79,19,18,120,4,11,17,4,14,51,4,7,12,14,4,50,4,21,4,0,0,3,0,37,16,117,40,92
3280581952,1501169345505,2245,9,2,2,2,2,2,2,2,201,4,3,84,4,14,20,11,4,15,4,7,14,12,4,2,0,1,0,0,57,420,126,119,238,96,4,7,12,4,3,61,14,4,164,4,12,76,11,4,10,4,1,5,1,38,141,19,121,31
3320978869,1503902757170,1217,9,1,2,1,1,0,1,0,81,4,7,53,14,4,45,4,12,111,12,4,121,11,4,5,1,0,1,0,117,31,40,8,141,412,4,3,18,7,4,76,4,11,136,1,4,57,4,12,1,0,0,0,0,117,421,119,64,38
3329578036,1504529070092,997,9,2,1,0,0,0,0,0,64,4,11,110,4,7,157,4,14,267,4,3,114,4,12,0,0,0,0,0,141,498,122,119,412,33,11,4,91,4,14,18,4,7,39,4,12,74,4,14,0,0,0,0,0,31,67,122,105,75
3321272737,1503930322262,2138,9,2,2,1,1,2,2,1,111,12,4,102,4,11,245,12,4,202,7,4,161,4,3,8,4,1,2,1,238,-1,114,105,55,254,11,4,34,4,12,29,7,4,48,4,3,150,4,12,7,1,1,2,0,119,53,40,31,154
3280260679,1501137813534,1610,9,1,2,1,1,1,2,2,11,11,4,150,4,12,157,14,4,53,14,4,51,7,4,10,2,1,2,0,19,126,67,154,122,75,4,12,10,12,4,9,4,12,110,4,7,23,4,11,2,0,0,1,1,6,141,122,31,105
3328103402,1504430368826,1463,9,2,1,1,2,0,1,1,25,3,4,429,7,4,5,4,11,80,4,12,61,4,1,3,0,0,1,1,498,18,141,31,64,161,4,21,113,4,11,16,4,3,56,4,12,222,4,7,7,1,0,2,0,157,122,412,105,86
3314292772,1503432699187,1376,9,1,2,1,0,0,1,0,111,14,4,48,4,12,238,4,14,92,4,11,110,7,4,3,0,0,1,0,53,6,119,86,103,25,3,4,18,4,7,141,4,11,163,21,4,58,12,4,0,0,0,0,0,51,17,37,1,86
3273504478,1500669143330,3562,9,1,2,1,2,1,1,0,120,6,11,63,4,14,126,4,12,42,12,4,115,7,4,11,6,3,4,0,238,122,23,157,11,18,7,4,40,3,4,32,4,11,3,12,4,4,14,4,6,2,0,1,0,105,91,141,92,114
3329622114,1504530444015,1748,9,2,2,2,2,2,2,0,12,3,4,157,4,14,141,11,4,67,7,4,236,4,7,0,0,0,1,0,40,122,57,117,29,55,14,4,240,4,12,81,4,7,33,4,11,412,4,14,9,2,1,2,0,31,38,497,119,238
3324662817,1504185022513,923,9,1,2,1,0,0,2,0,421,4,11,18,4,7,238,12,14,53,3,4,4,4,14,1,0,0,0,0,55,245,37,157,103,16,4,3,11,11,4,105,12,4,68,12,4,1,4,14,0,0,0,1,0,498,429,432,64,8
3330051884,1504554241673,1302,9,2,2,2,2,0,0,2,150,12,4,33,11,4,67,4,7,516,14,4,4,6,4,0,0,0,0,0,11,69,18,50,113,240,12,4,96,4,7,31,11,4,40,4,3,26,4,12,10,2,0,0,1,10,238,157,18,7
3314294639,1503433374248,1211,9,2,2,1,0,0,1,2,3,4,11,110,4,7,53,4,12,143,3,4,136,21,4,1,0,0,1,0,105,40,-1,31,111,38,4,12,86,12,4,26,3,4,119,7,4,113,11,4,3,0,0,0,1,11,6,238,58,69
3331564132,1504659840401,1346,9,2,2,1,0,0,1,0,412,3,4,266,11,4,29,4,7,55,4,12,7,4,12,2,0,0,2,0,1,157,11,119,238,86,14,4,103,4,14,141,11,4,37,4,3,21,4,7,3,0,0,0,0,157,114,33,17,25
3248701270,1499025752732,1390,9,1,1,1,1,0,1,1,29,4,7,143,4,3,36,12,4,103,3,4,82,4,11,9,2,0,2,1,157,420,53,117,122,113,4,11,84,4,12,74,4,3,222,4,7,25,3,4,0,0,0,0,0,90,17,67,134,64
3331038090,1504625926503,2182,9,2,2,2,2,0,1,1,105,14,4,114,4,12,51,7,4,89,4,3,131,4,11,2,0,0,1,1,122,25,119,24,18,67,4,7,8,4,14,99,3,4,6,4,12,20,4,11,11,1,0,1,0,40,53,238,29,157
3322673888,1504023542870,1629,9,1,1,1,1,0,1,1,267,3,4,81,7,4,1,4,6,75,6,12,131,4,11,11,3,0,2,1,157,154,105,31,40,201,3,4,99,4,21,48,12,4,18,4,7,56,4,11,0,0,0,0,0,11,53,40,31,61
3325949637,1504271936195,2745,9,1,1,2,1,1,2,0,37,3,4,236,7,4,59,4,11,99,3,4,80,14,4,9,3,2,1,0,157,29,150,40,79,516,4,11,67,7,4,92,12,4,134,12,4,432,14,4,8,1,1,3,0,-1,53,113,141,157
3286937324,1501612752943,1601,9,2,1,2,0,0,1,0,157,4,12,106,4,12,498,7,4,23,11,6,117,14,4,1,0,0,2,0,122,31,64,119,6,92,4,12,57,11,4,412,4,3,202,4,7,33,4,12,6,0,0,0,0,497,164,6,110,114
3327297245,1504358106991,1912,9,1,1,1,1,0,1,0,33,4,11,79,14,4,150,12,4,202,4,7,63,4,14,9,2,0,1,0,105,114,29,157,40,18,4,7,23,12,4,16,3,4,64,4,11,112,4,6,0,0,0,0,0,40,117,157,84,238
3272808209,1500650456884,2819,9,2,2,1,1,1,1,1,56,11,4,202,7,4,157,4,12,163,4,21,412,14,4,8,5,2,2,1,29,31,91,201,117,103,14,4,53,14,4,8,4,12,18,7,4,113,4,11,6,2,0,3,0,117,121,238,31,51
3331502488,1504651472519,1827,9,1,1,1,1,1,1,1,110,7,4,29,4,11,17,4,14,90,12,4,201,4,3,11,3,1,1,1,240,31,75,57,117,79,11,4,236,4,7,45,14,4,96,7,4,164,4,12,1,0,0,1,0,40,117,101,16,266
3252099808,1499267191658,1601,9,2,2,1,2,2,2,2,203,4,11,412,4,3,236,4,7,5,4,12,55,4,14,1,0,0,0,0,51,154,127,53,114,20,3,4,18,4,7,50,12,4,38,4,12,19,11,4,11,2,1,3,1,61,157,114,154,122
3252294104,1499278406007,2336,9,2,1,1,1,1,1,1,202,7,4,432,4,14,60,11,4,103,14,4,80,4,14,6,1,1,1,1,23,58,157,119,154,18,4,7,164,12,4,112,1,4,40,4,3,64,11,4,10,2,1,3,0,51,154,412,55,24
3328249884,1504443235740,1638,9,1,1,1,1,0,1,0,15,7,4,89,4,3,38,12,4,23,4,12,121,4,11,11,2,0,2,0,122,21,420,105,53,111,3,4,17,4,12,67,7,4,32,4,11,103,4,14,0,0,0,0,0,53,105,51,19,157
3322754390,1504029671009,947,9,2,2,0,0,0,2,0,103,4,3,22,4,7,143,4,3,17,4,12,33,4,11,0,0,0,0,0,157,119,154,131,24,59,4,11,267,4,3,105,4,14,202,4,7,78,12,4,0,0,0,1,0,157,31,29,40,75
3263530936,1500024110350,1548,9,2,2,2,0,0,1,1,7,12,4,236,7,4,25,4,3,106,4,14,141,4,11,1,0,0,2,1,2,103,157,122,114,238,4,14,62,4,11,10,3,4,86,14,4,67,4,7,5,0,0,0,0,117,17,79,497,1
3268504824,1500341449584,1897,9,1,1,1,1,1,1,2,22,7,4,19,11,4,238,14,4,53,4,11,67,6,12,11,3,1,2,0,114,119,154,122,99,18,7,4,412,4,3,23,14,4,131,4,14,31,4,11,4,0,0,0,1,42,122,154,157,117
3331288426,1504640203643,2891,9,1,2,1,2,2,2,0,30,4,3,40,4,3,121,4,11,240,4,12,498,4,7,8,1,1,2,0,29,157,57,238,117,126,12,4,141,11,4,55,4,14,16,3,4,119,4,7,11,3,1,2,0,117,18,29,31,58
3312232736,1503312764188,1524,9,1,2,1,1,1,1,1,38,4,14,103,12,4,113,4,11,412,14,4,29,4,7,10,2,1,2,1,40,154,18,39,7,76,4,11,238,4,14,67,7,4,92,12,4,201,4,3,1,0,0,0,0,157,119,31,114,40
3324258272,1504128567811,1700,9,2,2,2,2,0,1,0,236,7,4,412,4,3,238,4,14,57,4,12,141,11,4,1,0,0,3,0,91,157,18,154,33,267,4,3,67,4,7,92,4,12,24,4,11,112,14,4,7,2,0,1,0,11,516,23,53,122
3251850243,1499248647153,1849,9,2,1,2,2,1,2,2,60,4,11,61,4,6,127,4,3,222,4,7,24,12,4,2,0,1,0,0,119,42,427,154,55,23,4,12,112,21,4,202,7,4,77,4,11,412,4,3,11,3,1,3,1,114,51,119,10,20
3328257946,1504442896720,1255,9,1,1,1,1,0,1,1,266,4,14,1,4,14,16,3,4,74,11,4,498,14,4,6,1,0,1,1,14,53,86,131,141,75,4,12,157,4,12,17,7,4,40,4,3,29,4,11,0,0,0,0,0,11,238,67,119,420
3235539818,1498223440051,2172,9,1,1,1,1,0,1,1,117,4,3,39,12,4,14,11,4,245,4,14,67,4,7,11,3,0,2,1,11,3,75,53,20,412,3,4,119,7,4,58,4,12,1,4,21,19,4,11,1,0,0,2,0,122,134,23,157,105
3324346910,1504135251305,1538,9,2,1,2,2,2,2,0,24,4,12,40,4,3,28,4,11,222,4,7,238,4,14,0,0,0,0,0,96,18,99,141,29,236,4,7,117,4,3,245,14,4,157,14,4,154,11,4,11,3,1,2,0,92,122,55,53,11
3316744252,1503588926266,2354,9,1,1,2,2,2,2,2,67,4,7,29,11,4,53,4,3,516,4,12,45,21,4,10,2,1,0,0,122,-1,12,40,157,238,4,14,201,3,4,202,7,4,68,12,4,19,4,11,6,1,1,4,1,154,7,23,157,119
3329974097,1504550132723,2295,9,1,1,1,1,2,1,2,32,4,11,67,7,4,24,12,4,161,21,4,117,3,4,10,3,1,3,0,29,81,11,53,141,22,4,7,143,4,3,163,14,4,516,4,12,254,11,4,2,0,1,1,1,77,53,114,238,18
3324295830,1504130760466,1752,9,2,2,2,2,2,1,0,103,4,14,201,4,3,113,11,4,498,4,7,39,12,4,1,0,0,2,0,122,79,238,157,40,54,4,12,33,4,11,55,4,14,412,14,4,67,4,7,8,1,1,1,0,40,119,141,117,31
3225483781,1497619558639,1393,9,2,2,2,2,0,2,2,236,4,7,40,4,3,101,21,4,19,4,11,23,3,4,4,0,0,0,0,34,114,92,103,117,84,4,14,37,4,3,41,4,12,202,7,4,60,4,11,9,3,0,2,1,64,157,33,154,117
3328383801,1504448774623,1321,9,2,2,2,2,0,2,2,1,4,14,29,4,11,64,4,12,201,4,3,67,7,4,0,0,0,0,0,8,11,238,105,157,3,12,4,99,3,4,51,4,7,133,4,7,121,4,11,10,1,0,2,1,154,53,157,25,11
3319346912,1503776289623,2243,9,2,1,1,2,0,1,0,141,4,11,29,7,4,91,14,4,150,4,12,45,4,3,6,0,0,1,0,119,117,37,80,11,107,11,4,245,14,4,54,4,12,498,7,4,25,14,4,10,2,0,2,0,114,75,31,40,8
3324456688,1504167098793,1855,9,2,2,1,2,2,2,0,202,12,4,40,4,3,55,14,4,429,7,4,131,11,4,3,0,0,1,0,31,29,59,8,157,117,3,4,3,12,4,96,4,7,64,4,11,75,12,4,10,2,1,3,0,119,29,238,126,154
3260041478,1499800273376,2024,9,1,1,1,1,1,2,1,78,4,12,3,3,4,61,4,21,11,11,4,29,7,4,10,2,1,2,1,63,114,25,53,154,64,4,11,18,4,7,89,4,14,99,4,14,157,12,4,1,0,0,1,0,51,5,12,105,121
3328296398,1504444568922,2405,9,2,1,2,2,2,1,1,86,4,12,13,4,6,141,4,11,42,4,7,267,4,3,7,0,0,3,1,51,17,53,117,103,18,4,7,61,21,4,427,11,4,432,4,3,27,6,12,10,2,2,0,0,89,53,105,122,238
3324831845,1504193738784,1560,9,1,2,2,1,1,1,1,161,4,3,121,4,11,80,14,4,55,4,14,222,7,4,7,1,1,2,1,31,106,53,18,117,238,4,7,40,4,3,41,12,4,427,4,11,202,4,14,2,0,0,1,0,119,11,113,90,18
3321686168,1503953830110,2279,9,2,2,2,2,1,1,2,154,4,11,18,4,7,69,14,4,117,4,3,84,14,4,2,0,1,2,0,80,53,40,516,64,122,4,6,29,7,4,141,4,11,115,4,21,16,4,3,9,5,1,2,1,157,105,59,31,238
3287009816,1501616555876,1620,9,1,2,1,1,0,1,0,236,4,7,240,12,4,91,4,14,20,4,11,412,4,3,10,1,0,1,0,7,245,51,154,11,141,11,4,43,3,4,24,12,4,8,14,4,67,4,7,0,0,0,0,0,55,157,105,238,31
3329006436,1504462254307,1794,9,2,2,2,2,2,1,2,59,12,4,134,4,7,119,4,7,412,3,4,31,4,11,1,0,0,1,0,40,113,117,157,164,141,4,11,67,7,4,62,12,4,161,4,21,63,3,4,10,1,1,2,1,498,33,117,40,157
3297566743,1502381646614,2376,9,1,2,2,1,1,1,0,254,4,11,114,4,12,96,7,4,267,3,4,41,4,12,9,2,1,3,0,238,6,157,119,53,134,4,3,63,3,4,81,7,4,59,12,4,141,11,4,4,0,0,1,0,119,122,39,80,117
3326243467,1504287278492,1996,9,1,2,2,1,1,2,0,141,4,12,497,3,4,98,11,4,18,7,4,105,14,4,10,2,1,1,0,157,119,75,58,29,24,14,4,498,4,7,44,3,4,64,4,11,38,12,4,4,0,0,1,0,412,17,16,40,91
3329147591,1504469972265,2361,9,2,1,1,2,2,2,0,420,12,4,141,11,4,99,7,4,15,4,7,37,4,12,6,0,1,1,0,157,12,3,238,6,4,4,6,58,4,12,18,4,7,44,4,3,28,11,4,10,4,1,3,0,119,90,117,40,154
3323936404,1504110519976,1649,9,1,2,2,1,0,2,0,111,4,3,59,4,11,421,4,12,236,7,4,6,3,4,8,1,0,1,0,121,427,516,-1,119,80,4,14,21,4,7,29,11,4,40,3,4,134,21,4,2,0,0,1,0,53,105,1,17,141
3323138110,1504076355769,1659,9,1,2,2,0,0,1,0,113,4,11,92,12,4,53,14,4,67,7,4,238,14,4,6,0,0,1,0,33,122,157,117,29,58,4,12,18,7,4,69,3,4,89,3,4,56,4,12,2,0,0,1,0,157,122,119,126,40
3324861099,1504196259990,2162,9,2,1,1,1,2,1,0,103,14,4,64,11,4,58,4,12,81,4,7,223,3,4,7,1,0,1,0,80,79,117,154,18,43,4,3,238,4,14,119,7,4,19,11,4,92,12,4,8,2,2,3,0,40,201,412,24,67
3319519379,1503786296218,1515,9,2,2,2,2,0,2,2,25,14,4,238,4,14,24,4,12,5,4,11,222,4,7,1,0,0,0,0,67,420,23,122,17,157,14,4,75,12,4,202,7,4,412,4,3,107,4,11,10,2,0,1,1,131,11,23,420,31
3321286554,1503931487533,1580,9,1,1,1,1,0,1,0,40,4,3,18,7,4,43,4,1,64,4,11,17,4,12,7,1,0,2,0,29,516,420,105,134,86,4,12,245,11,4,37,3,4,498,4,7,136,4,14,1,0,0,0,0,238,29,122,157,21
3244692773,1498765457910,1391,9,1,1,2,1,1,2,2,37,4,7,20,4,11,266,12,4,29,3,4,136,14,4,5,1,1,1,0,154,498,53,11,26,245,4,14,23,4,12,254,11,4,202,4,7,117,4,3,6,0,0,2,1,119,5,114,51,122
3324791171,1504190733403,191,9,1,0,0,0,0,0,0,18,4,7,238,4,14,141,11,4,38,12,4,53,4,3,0,0,0,0,0,91,254,119,40,157,103,14,4,2,12,4,117,3,4,22,4,7,19,4,11,0,0,0,0,0,157,516,24,245,267
3329515133,1504523405590,1492,9,1,1,1,1,2,1,1,141,4,11,54,12,4,127,4,3,119,4,7,40,3,4,10,2,0,2,1,117,29,113,51,114,37,4,3,498,7,4,92,4,12,238,14,4,64,4,11,1,0,1,0,0,157,16,412,18,38
3330089210,1504556564191,1333,9,2,1,1,0,0,2,2,236,7,4,497,4,3,516,11,4,498,7,4,3,4,12,1,0,0,0,0,29,40,238,157,134,201,4,3,21,4,7,81,12,4,32,11,4,103,4,14,5,0,0,2,1,8,238,120,29,75
3319859308,1503837987539,2148,9,2,1,2,2,2,1,0,25,4,3,103,4,14,141,12,4,67,4,7,113,4,11,1,0,0,1,0,19,11,412,84,35,157,4,12,201,3,4,222,4,7,9,11,6,90,4,14,10,2,1,2,0,106,238,11,114,19
3328036010,1504423465308,1059,9,2,2,2,0,0,2,0,105,4,14,40,14,4,236,4,7,104,11,4,17,4,14,0,0,0,0,0,53,92,64,61,29,82,4,12,51,7,4,16,3,4,161,21,4,141,11,4,4,0,0,1,0,117,516,61,238,21
3331481210,1504650364896,1373,9,1,1,1,1,0,1,1,16,4,7,102,11,4,105,14,4,498,4,7,62,12,4,7,1,0,1,1,55,40,238,29,122,67,4,12,76,11,4,51,7,4,69,4,12,497,4,3,0,0,0,0,0,17,238,64,29,5
3310616279,1503175337806,1826,9,2,1,1,2,2,1,2,19,11,4,236,4,7,245,14,4,92,4,12,432,4,3,4,0,0,2,0,11,117,75,119,18,61,4,21,22,4,7,58,12,4,57,11,4,40,3,4,10,2,1,1,1,18,35,141,24,157
3293919816,1502133820094,919,9,2,1,1,0,0,2,0,16,3,4,59,4,11,122,4,12,222,7,4,117,4,3,2,0,0,0,0,113,57,67,114,31,61,4,21,157,12,4,40,4,3,119,4,7,421,4,11,4,0,0,1,0,57,141,79,38,8
3323887163,1504108160874,1712,9,1,2,2,1,1,1,2,150,4,12,40,3,4,236,4,7,154,11,4,38,4,12,8,1,1,1,0,18,141,96,91,412,497,4,14,127,12,4,498,7,4,126,4,12,59,4,11,5,0,0,1,1,164,-1,29,119,53
3331068920,1504628832610,1492,9,1,1,1,1,1,1,2,57,4,12,67,4,7,12,3,4,33,11,4,238,4,14,10,2,1,1,0,40,117,18,29,55,157,4,12,64,4,11,202,4,7,63,14,4,245,4,14,2,0,0,0,1,114,117,53,31,40
3309369112,1503104246534,1419,9,1,1,1,1,1,2,2,150,12,4,119,4,7,101,4,7,412,4,14,19,11,4,9,2,1,1,0,113,31,57,157,154,61,21,4,43,4,3,64,11,4,18,7,4,126,4,12,2,0,0,1,1,113,40,105,141,163
3270654807,1500482175641,2157,9,1,1,1,1,1,1,2,25,3,4,77,11,4,114,12,4,157,4,14,202,4,7,11,2,2,2,0,141,53,154,19,80,122,12,4,119,7,4,163,4,3,35,11,14,26,4,3,2,0,0,2,1,141,23,150,412,105
3266838401,1500232385218,2084,9,1,1,1,1,1,1,0,99,21,4,92,12,4,44,14,4,202,7,4,20,4,11,9,1,2,2,0,90,157,53,11,141,8,14,4,222,4,7,89,4,3,121,11,4,31,4,12,4,0,0,1,0,143,119,105,67,157
3256973408,1499605720553,1609,9,1,2,1,1,1,2,0,107,4,11,53,3,4,115,21,4,240,4,12,96,4,7,11,3,1,1,0,105,114,126,51,103,18,7,4,89,4,3,238,14,4,13,12,4,2,11,6,2,0,0,2,0,157,117,122,119,61
3327496568,1504368854947,1628,9,1,1,1,1,0,1,0,120,6,11,238,4,14,18,4,7,92,12,4,53,4,3,10,3,0,2,0,17,11,90,420,164,516,4,3,429,4,7,75,12,4,157,4,14,24,11,4,0,0,0,0,0,40,61,80,122,67
3328532516,1504451317466,1591,9,2,2,2,2,2,2,2,4,4,6,85,4,12,26,4,3,35,11,14,18,7,4,0,0,0,0,0,24,63,29,122,238,81,4,7,48,14,4,32,11,4,82,14,4,55,14,4,11,3,1,3,1,40,-1,38,31,19
3312919399,1503335024933,200,9,1,1,0,0,0,0,0,64,4,11,22,4,7,37,14,4,17,4,14,14,4,12,0,0,0,0,0,122,75,119,11,40,10,12,4,412,3,4,57,11,4,92,4,14,18,7,4,0,0,0,0,0,119,55,238,157,122
3234418862,1498143620075,1932,9,2,2,2,2,2,2,0,29,7,4,20,4,11,80,14,4,236,4,12,432,4,14,1,0,0,1,0,99,412,107,103,157,117,4,3,245,4,14,121,11,4,92,4,12,51,7,4,11,2,1,2,0,105,55,122,157,53
3328963975,1504459218377,2036,9,1,1,2,1,1,1,0,126,12,4,89,14,4,222,4,7,18,11,4,143,21,4,8,1,1,3,0,40,29,238,119,19,245,4,11,67,4,7,44,4,3,99,12,4,92,12,4,6,0,0,1,0,31,40,157,11,412
3330776261,1504610602881,2542,9,2,1,1,1,1,1,0,99,4,14,133,7,4,22,4,7,25,4,14,19,11,6,8,1,2,4,0,63,157,141,498,122,86,12,4,5,11,4,29,7,4,16,3,4,84,14,4,7,2,0,1,0,67,53,157,238,51
3251454413,1499197202696,210,9,1,1,0,0,0,0,0,412,14,4,8,4,12,236,4,7,59,4,11,131,4,12,0,0,0,0,0,238,25,126,245,51,37,4,3,29,7,4,122,12,4,106,6,11,105,4,14,0,0,0,0,0,60,96,1,113,51
3239816921,1498485072660,2169,9,1,1,1,1,1,1,1,21,4,14,163,4,6,3,4,12,56,4,11,22,7,4,10,2,1,3,1,157,51,134,238,103,122,4,12,102,4,11,498,7,4,115,4,14,497,3,4,1,0,0,0,0,51,154,157,105,92
3317823696,1503672537118,1998,9,1,2,1,1,0,2,2,113,4,11,2,6,12,15,7,4,89,4,3,61,21,4,10,3,0,1,0,238,18,141,-1,122,53,4,14,516,4,11,202,4,7,107,4,3,45,4,14,3,0,0,1,1,114,40,16,86,55
3327557596,1504372131809,1604,9,2,2,1,2,2,2,2,21,4,7,267,4,3,58,12,4,99,4,21,29,4,11,1,0,0,0,0,63,90,38,59,238,134,12,4,40,4,3,75,4,12,48,11,6,67,7,4,11,3,1,3,1,51,55,31,238,126
3282134357,1501271417023,2738,9,1,2,1,1,2,1,0,127,12,4,113,11,4,150,4,12,202,7,4,48,14,4,8,2,0,3,0,119,6,15,51,75,29,4,7,61,21,4,54,14,4,121,11,4,8,4,12,5,0,1,1,0,75,31,119,141,157
3315171460,1503483869267,1189,9,1,1,1,1,0,1,1,44,4,3,31,4,11,15,4,7,103,14,4,78,4,12,8,1,0,1,1,238,38,122,40,117,114,12,4,4,4,14,79,4,11,67,7,4,267,3,4,1,0,0,0,0,119,141,18,29,113
3326349627,1504294780139,1912,9,2,2,2,2,1,2,0,25,3,4,67,7,4,157,12,4,113,4,11,7,12,4,4,0,1,0,0,18,29,119,40,78,99,4,21,240,12,4,57,4,11,21,7,4,412,4,14,11,4,0,4,0,201,238,90,31,18
3295919014,1502270710148,2148,9,2,1,2,2,2,2,0,119,7,4,12,14,4,245,4,14,59,11,4,92,12,4,2,0,0,1,0,86,31,67,51,75,35,14,11,58,12,4,223,4,3,103,4,14,202,4,7,10,2,1,2,0,7,79,19,31,117
3300533821,1502548562131,2060,9,1,2,1,1,0,1,0,16,4,3,41,4,3,121,4,11,45,12,4,67,4,7,9,2,0,3,0,141,29,122,51,238,22,7,4,72,4,11,134,4,14,223,4,14,86,4,12,2,0,0,1,0,55,17,222,126,498
3328317964,1504445462754,2653,9,2,1,1,1,2,1,1,236,7,4,79,11,4,245,4,12,412,4,3,157,4,14,6,1,0,3,1,90,64,105,16,201,12,4,3,11,4,11,29,7,4,5,4,12,143,21,4,8,1,2,1,0,154,119,16,105,31
3295463908,1502232039870,1128,9,2,2,2,0,0,2,0,67,7,4,164,4,12,43,4,3,64,4,11,29,4,7,0,0,0,0,0,51,122,79,119,114,103,4,3,141,11,4,6,12,4,63,4,14,15,7,4,5,0,0,1,0,119,154,61,10,31
3230761163,1497903385333,1473,9,1,1,1,1,0,1,1,222,4,7,420,4,12,201,4,3,103,14,4,62,11,4,10,2,0,2,1,23,119,86,24,51,154,11,4,75,12,4,38,4,14,44,4,3,67,7,4,0,0,0,0,0,53,157,51,11,63
3326676849,1504333680508,2234,9,2,1,2,2,1,1,0,53,4,3,18,4,7,75,12,6,141,11,4,245,4,14,8,2,1,2,0,10,113,35,114,11,29,4,7,59,11,4,238,14,4,157,12,4,44,3,4,9,2,1,2,0,40,117,154,31,429
3322617187,1504021387347,2061,9,1,2,1,1,0,1,0,53,4,3,268,4,3,81,4,7,86,12,4,98,4,11,9,1,0,2,0,105,11,136,238,8,157,14,4,18,4,7,117,4,3,59,4,11,27,6,12,4,0,0,1,0,113,122,22,498,31
3324109168,1504120671107,2370,9,1,2,2,1,1,2,0,112,4,7,67,7,4,16,3,4,68,12,4,120,11,6,9,2,2,3,0,38,19,117,18,105,79,4,11,236,12,4,202,4,7,43,4,14,61,4,6,5,0,0,2,0,117,40,31,8,497
3321816504,1503960327050,2541,9,1,2,1,1,1,2,0,412,4,3,498,7,4,61,21,4,516,12,4,120,11,6,10,2,1,1,0,-1,141,92,-1,103,56,11,4,55,14,4,23,4,12,143,4,14,18,4,7,6,0,0,3,0,114,-1,238,31,78
3291813198,1501964395914,2116,9,2,1,2,1,1,1,0,37,3,4,96,7,4,79,11,4,141,4,12,38,4,12,6,1,1,3,0,154,122,31,51,238,75,12,4,34,4,14,59,4,11,67,4,7,40,3,4,8,1,1,1,0,58,238,119,157,31
3322752820,1504029150656,2285,9,1,2,1,1,1,1,2,26,4,3,21,7,3,86,4,12,91,14,4,120,6,11,8,1,1,3,0,25,68,99,105,11,64,4,11,50,4,12,238,4,14,245,14,4,69,7,4,3,0,0,0,1,240,19,420,84,17
3327502697,1504367767409,1828,9,2,2,2,2,0,2,0,161,4,21,141,11,4,266,4,12,12,4,3,498,4,7,3,0,0,0,0,238,154,53,11,157,412,3,4,9,4,11,29,7,4,81,14,4,57,12,4,7,1,0,3,0,222,122,154,157,11
3329919496,1504548762292,2548,9,1,1,2,2,2,1,2,16,4,3,498,4,7,91,4,14,31,12,4,33,4,11,9,1,0,4,0,236,59,114,29,40,18,7,4,150,12,4,57,11,4,8,14,4,117,4,3,7,2,2,1,1,79,113,96,236,60
3326267191,1504291146681,1650,9,1,1,1,1,0,1,0,103,14,4,17,12,4,21,4,7,26,4,3,5,11,4,11,3,0,2,0,122,53,18,51,245,75,12,4,25,3,4,131,14,4,266,11,4,22,4,7,0,0,0,0,0,29,40,119,61,141
3323305870,1504094519498,986,9,2,1,2,0,0,2,0,3,4,12,33,11,4,18,7,4,134,4,7,432,4,14,1,0,0,0,0,40,114,67,119,122,51,7,4,69,4,1,24,4,11,150,4,12,267,3,4,2,0,0,1,0,154,55,157,238,53
3324218673,1504125829538,2073,9,1,2,1,1,1,1,1,412,4,14,141,11,4,236,7,4,498,7,4,8,4,12,11,2,1,4,1,40,157,16,51,75,78,4,11,57,4,12,61,4,7,117,4,3,18,4,7,0,0,0,0,0,113,29,63,516,40
3324205372,1504124826865,2372,9,2,1,1,1,2,2,0,21,7,4,64,4,11,54,14,4,34,12,4,238,14,4,8,2,0,1,0,67,51,40,112,157,412,3,4,91,4,14,429,4,7,516,12,4,79,4,11,6,2,2,2,0,113,154,31,90,53
3330246222,1504565655481,1309,9,1,2,1,1,0,2,1,134,7,4,427,11,4,111,4,12,12,14,4,498,4,7,9,1,0,0,1,40,117,80,57,18,150,4,12,76,4,11,44,3,4,67,7,4,38,4,1,0,0,0,2,0,29,113,16,40,117
3328209252,1504439887502,1342,9,2,2,2,0,0,2,0,18,7,4,3,12,4,267,4,3,79,4,11,4,21,4,0,0,0,0,0,238,29,16,31,141,53,14,4,122,4,12,105,12,4,498,4,7,80,11,4,5,0,0,2,0,29,11,40,75,141
3263928776,1500051012327,2171,9,1,1,1,1,1,1,1,13,12,4,64,4,11,119,4,7,201,3,4,114,12,4,9,3,2,3,1,154,427,29,1,51,498,4,7,59,4,11,48,12,4,34,4,6,267,3,4,5,0,0,2,0,157,154,51,141,38
3326184657,1504284644379,1683,9,1,2,1,1,1,1,1,120,6,11,432,4,3,90,4,14,86,12,4,202,7,4,9,2,1,2,1,31,119,141,75,51,84,14,4,37,14,4,157,3,4,79,4,11,21,4,7,4,0,0,0,0,164,40,117,18,141
3292393337,1502029649740,1545,9,1,1,1,1,0,1,1,67,4,7,32,11,4,89,3,4,90,4,14,92,4,12,10,2,0,2,1,86,154,141,119,157,58,4,12,105,4,14,79,4,11,12,4,3,429,7,4,0,0,0,0,0,6,1,141,53,412
3286278573,1501593831066,970,9,1,1,2,0,0,1,1,25,4,14,81,7,4,92,4,12,31,4,11,7,4,14,1,0,0,1,1,122,121,498,157,84,36,11,4,27,6,12,112,4,21,14,14,4,429,4,7,2,0,0,0,0,67,119,6,105,141
3321022345,1503908598726,1983,9,1,1,2,1,1,2,0,113,4,11,92,12,4,20,14,4,98,7,4,238,14,4,8,1,1,0,0,6,412,117,154,15,91,14,4,223,4,3,121,4,11,67,4,7,64,4,14,5,0,0,3,0,157,122,119,498,141
3329982490,1504549906702,1313,9,2,2,2,2,0,2,2,92,12,4,110,4,7,103,14,4,16,4,3,203,11,4,0,0,0,1,0,150,11,117,40,75,19,4,11,41,4,12,119,7,4,81,4,7,43,4,3,10,1,0,1,1,29,57,141,498,64
3320877495,1503874531009,1353,9,1,1,1,1,0,2,0,266,4,12,77,4,11,30,14,4,222,4,7,53,4,3,11,2,0,0,0,122,31,157,117,105,90,4,7,40,3,4,516,12,4,104,11,4,37,4,14,0,0,0,1,0,31,141,64,-1,6
3328113497,1504430629354,2052,9,1,1,1,1,1,1,2,23,11,4,21,4,7,412,4,3,4,4,6,150,12,4,11,4,1,3,0,119,84,24,114,105,122,12,4,117,3,4,18,4,7,1,4,14,19,11,4,3,0,0,0,1,24,29,238,119,53
3326494064,1504300921038,2231,9,1,1,1,1,1,1,0,245,4,12,202,4,7,61,4,21,64,11,4,16,3,4,10,2,1,2,0,122,84,141,40,238,117,4,14,43,4,12,113,4,11,18,7,4,157,4,12,4,0,0,2,0,59,24,114,238,141
3317512251,1503638071103,1820,9,2,1,2,2,2,2,0,36,11,4,33,12,4,67,7,4,412,3,4,90,14,4,3,0,0,0,0,6,29,18,117,59,222,4,7,101,6,4,254,11,4,497,4,3,11,12,4,9,1,1,3,0,141,40,238,516,201
3311430028,1503246142295,2116,9,1,1,2,1,2,2,1,44,3,4,39,12,4,76,4,11,7,4,12,67,7,4,10,2,1,1,1,29,117,119,38,6,126,4,14,82,12,4,33,11,4,63,4,14,51,7,4,2,0,1,2,0,29,40,117,412,18
3321224548,1503927869538,1518,9,1,1,1,1,0,1,0,26,4,7,5,4,12,12,14,4,22,4,7,29,11,4,10,2,0,2,0,238,105,31,11,157,51,7,4,40,4,3,516,4,12,141,11,4,99,4,21,1,0,0,1,0,119,18,80,53,90
3328406554,1504449836290,2125,9,2,1,2,2,1,1,1,79,4,14,31,4,12,103,4,14,20,4,11,429,4,7,2,0,1,2,1,53,240,412,40,157,19,11,4,202,7,4,62,14,4,267,4,3,75,4,12,10,3,0,2,0,18,157,134,516,117
3328567203,1504454511148,2026,9,1,2,1,1,0,1,1,112,21,4,23,4,12,79,4,11,117,3,4,18,4,7,11,2,0,2,1,38,84,238,40,53,201,3,4,19,11,4,7,4,14,222,4,7,1,14,4,2,0,0,1,0,-1,238,-1,84,154
3274675702,1500782812984,2039,9,2,1,2,2,1,1,1,21,4,7,23,4,11,84,4,14,99,4,14,105,4,14,5,0,1,3,1,119,53,122,238,103,420,4,12,223,3,4,22,4,7,13,12,4,11,4,11,9,1,1,1,0,24,19,119,55,53
3330064418,1504555170229,1730,9,2,1,2,2,0,2,0,133,4,21,498,7,4,134,3,4,497,4,3,120,11,6,0,0,0,0,0,55,105,67,157,114,236,4,7,201,3,4,41,4,12,68,12,4,29,11,4,11,3,0,2,0,141,25,122,157,75
3326289981,1504292234931,2667,9,1,2,1,1,2,2,1,126,4,12,59,4,11,67,7,4,55,4,14,117,4,3,9,1,2,2,1,80,75,1,16,238,14,4,14,51,4,7,101,21,4,157,12,4,28,4,11,3,0,1,3,0,8,114,40,141,29
3328226654,1504439652945,1700,9,2,2,2,2,2,2,2,117,4,3,41,12,4,112,3,4,20,4,11,67,4,7,0,0,0,0,0,18,33,8,40,114,37,4,3,98,4,12,59,4,11,96,4,7,134,14,4,11,3,1,3,1,31,29,8,141,40
3317949704,1503682963556,2263,9,2,1,1,1,2,2,2,202,7,4,105,21,4,92,4,12,516,4,11,267,4,3,5,2,0,1,0,119,157,122,75,78,67,7,4,20,4,11,23,12,4,1,14,4,45,3,4,9,2,1,3,1,122,83,31,11,63
3318379635,1503704156134,1227,9,1,2,1,1,0,1,1,25,4,14,35,14,11,92,12,4,101,4,21,498,4,7,6,1,0,2,1,7,122,117,114,29,63,4,21,96,4,7,31,12,4,40,4,3,141,4,11,1,0,0,0,0,122,119,57,117,412
3281195064,1501232309525,2866,9,2,2,2,1,1,2,0,56,4,11,63,3,4,29,4,7,39,4,12,90,4,14,9,4,2,4,0,157,57,121,-1,18,67,4,7,16,4,3,75,12,4,238,14,4,131,4,11,7,1,1,1,0,19,7,122,31,53
3326617005,1504313735563,1792,9,2,2,1,2,0,2,1,236,7,4,238,14,4,126,12,4,164,4,12,203,11,4,1,0,0,2,1,67,91,31,122,64,7,14,4,2,6,12,157,4,11,99,4,3,119,7,4,8,1,0,1,0,-1,103,51,92,81
3319534733,1503787958509,1333,9,2,2,2,0,0,2,2,498,7,4,497,3,4,115,3,4,82,11,4,24,4,12,1,0,0,0,0,119,75,122,238,157,61,4,21,11,11,4,3,12,4,78,4,14,222,4,7,8,0,0,1,1,23,90,29,238,516
3329353123,1504484413262,2273,9,2,2,2,1,1,1,0,4,4,14,40,4,3,98,11,4,18,7,4,27,12,6,9,3,1,2,0,64,117,222,63,36,131,11,4,157,14,4,498,7,4,53,4,3,122,4,12,9,1,0,1,0,105,77,141,31,92
3322764759,1504029825248,1864,9,1,1,2,1,1,2,0,16,3,4,254,11,4,107,4,14,81,4,7,61,4,21,10,2,1,0,0,238,157,516,114,141,98,12,4,412,4,14,134,12,4,222,4,7,121,4,11,3,0,0,2,0,75,117,31,201,157
3246757889,1498916878011,1428,9,1,1,1,1,0,1,1,99,4,3,119,7,4,8,12,4,101,4,21,28,4,11,5,1,0,1,1,105,498,114,238,154,134,6,4,201,3,4,18,4,7,10,7,4,11,4,11,1,0,0,1,0,105,203,154,240,157
3326438693,1504299623615,1739,9,1,1,1,1,1,1,1,498,4,7,67,12,4,245,4,14,111,3,4,23,11,4,11,3,1,2,1,122,31,7,35,40,55,14,4,89,3,4,164,12,4,64,4,11,429,7,4,6,0,0,1,0,119,75,18,11,122
3265171359,1500127932639,1488,9,2,2,1,2,2,2,0,64,11,4,157,4,3,268,4,21,117,3,4,222,7,4,1,0,0,0,0,498,51,29,202,154,90,12,4,18,4,7,238,14,4,92,11,4,412,4,14,10,2,1,2,0,119,114,154,42,141
3321189994,1503926697789,1825,9,2,2,1,2,0,2,0,29,4,11,17,12,4,89,3,4,105,4,14,163,12,4,2,0,0,0,0,31,19,63,25,53,40,3,4,45,14,4,67,4,7,157,4,12,64,4,11,10,2,0,3,0,19,58,238,254,53
3328037986,1504425861579,2166,9,1,2,2,1,0,2,0,161,4,21,67,4,7,40,4,3,126,4,12,516,4,11,8,1,0,2,0,55,105,245,18,16,21,7,4,53,4,14,154,4,11,25,14,4,240,4,12,6,0,0,2,0,7,117,18,119,92
3320674488,1503861321407,1643,9,2,2,2,2,2,2,0,157,12,4,161,4,7,412,4,14,498,4,7,79,11,4,0,0,0,0,0,516,40,55,117,29,1,14,4,18,7,4,143,14,4,121,11,4,54,4,12,10,2,1,2,0,238,154,141,92,20
3243125222,1498675860590,1483,9,2,1,2,0,0,2,0,12,4,3,429,7,4,11,4,11,115,4,7,80,14,4,1,0,0,0,0,64,105,67,122,412,90,4,12,110,4,7,25,4,3,254,4,11,101,4,7,2,0,0,1,0,238,157,51,114,119
3326349577,1504294821005,1724,9,2,2,1,2,0,2,0,32,4,11,31,4,12,18,7,4,80,4,14,37,4,14,3,0,0,0,0,89,90,11,57,201,5,12,4,202,7,4,24,11,4,45,12,4,267,3,4,7,1,0,1,0,40,157,126,38,69
3330348220,1504573343668,1635,9,1,2,1,1,1,2,1,67,7,4,117,3,4,79,11,4,105,4,14,23,4,12,10,1,1,0,1,122,29,40,75,16,157,14,4,154,4,11,92,14,4,53,3,4,96,7,4,2,0,0,2,0,51,119,31,25,141
3329739657,1504538676886,1479,9,1,2,2,1,1,2,1,22,7,4,29,4,11,39,4,12,61,7,4,497,4,14,8,1,1,0,1,117,103,16,90,141,12,3,4,74,21,4,222,7,4,19,4,11,150,4,14,3,0,0,1,0,157,40,18,134,154
3330795683,1504610882199,1264,9,2,2,2,0,0,2,2,111,14,4,119,7,4,164,12,4,127,4,14,11,11,4,0,0,0,0,0,67,40,157,103,90,63,4,14,236,4,7,81,4,7,64,11,4,202,7,4,7,0,0,2,1,117,141,19,157,75
3287178775,1501624818951,2037,9,2,2,2,2,0,2,2,24,12,4,238,14,4,3,11,4,21,7,4,267,14,4,1,0,0,0,0,6,119,25,134,157,57,3,4,91,4,14,31,4,11,29,4,7,23,4,12,8,2,0,3,1,96,6,7,141,75
3318970472,1503749208547,968,9,2,2,2,0,0,0,0,429,4,7,41,12,4,12,3,4,74,4,12,19,4,11,0,0,0,0,0,75,40,51,114,498,223,3,4,112,4,21,141,11,4,58,12,4,202,7,4,4,0,0,0,0,119,11,126,16,238
3319507458,1503785399012,1427,9,1,2,1,1,1,2,1,99,4,21,59,11,4,240,4,12,236,4,7,412,14,4,11,3,1,0,1,114,122,498,55,119,157,14,4,141,4,11,18,7,4,37,4,3,164,12,4,0,0,0,1,0,117,40,57,11,53
3320468202,1503851357708,1811,9,1,1,1,1,1,1,0,91,4,14,86,12,4,64,11,4,99,14,4,25,3,4,11,4,1,3,0,75,238,412,420,53,41,12,4,117,4,3,35,11,6,131,4,14,67,7,4,0,0,0,0,0,31,57,75,201,141
3329808827,1504543290621,1756,9,2,1,2,2,2,2,2,64,11,4,69,4,1,29,4,7,41,12,4,412,4,14,0,0,0,0,0,24,19,51,67,25,40,3,4,39,4,12,18,4,7,102,4,11,90,6,4,10,1,1,3,1,31,23,238,157,57
3324794066,1504191517011,1903,9,1,1,1,1,1,1,0,25,3,4,58,4,12,32,11,4,119,7,4,238,14,4,9,2,1,3,0,89,103,122,141,498,67,4,7,91,4,14,102,11,4,63,4,3,157,4,12,2,0,0,0,0,29,89,18,38,498
3250663525,1499174203618,913,9,2,2,2,0,0,2,0,22,7,4,267,14,4,24,12,4,33,11,4,8,14,4,0,0,0,0,0,23,154,114,67,55,119,4,7,103,14,4,412,4,3,72,4,11,150,4,12,4,0,0,2,0,245,117,105,51,154
3257633578,1499643199313,1583,9,1,1,2,1,0,1,2,63,4,14,15,4,7,43,12,4,29,11,4,59,12,4,10,2,0,3,0,122,11,154,89,114,99,4,14,5,11,4,24,4,12,16,4,3,429,7,4,1,0,0,0,1,238,84,157,51,42
3328538715,1504452811263,1436,9,2,2,2,2,0,2,2,122,4,12,17,4,14,25,4,3,32,4,11,119,4,7,0,0,0,0,0,154,238,50,51,141,99,14,4,267,3,4,11,4,11,157,4,12,67,7,4,9,3,0,3,1,18,238,28,40,35
3325748358,1504249357624,1690,9,1,1,1,1,1,1,2,497,4,3,157,4,12,28,14,11,7,14,4,498,7,4,11,3,1,3,0,80,86,236,154,117,67,4,7,60,4,11,4,4,14,79,4,12,201,4,3,2,0,0,0,1,222,90,31,33,53
3249103740,1499076461906,2156,9,1,2,2,1,1,2,2,103,14,4,19,11,4,201,3,4,114,12,4,222,4,7,10,2,1,2,0,53,55,7,157,119,64,4,11,267,4,3,238,14,4,68,4,12,51,4,7,3,0,0,2,1,154,117,92,60,7
3303880761,1502740987583,200,9,2,1,0,0,0,0,0,222,7,4,29,11,4,141,4,12,115,12,4,12,3,4,0,0,0,0,0,420,157,90,134,119,412,3,4,96,4,7,84,4,14,11,14,11,122,12,4,0,0,0,0,0,67,498,23,74,202
3326262696,1504289813828,3110,9,2,2,1,1,0,2,0,141,11,4,67,4,7,516,4,12,89,4,3,99,4,21,7,1,0,2,0,90,122,119,11,24,429,7,4,432,4,3,55,14,4,17,12,4,154,4,11,10,2,0,3,0,122,238,25,119,157
3233476931,1498078524081,2387,9,1,1,1,1,1,2,0,92,12,4,29,4,7,103,4,14,44,4,3,64,4,11,10,2,2,1,0,157,51,114,154,115,236,4,7,69,12,3,19,4,11,90,1,4,117,3,4,2,0,0,2,0,85,114,11,3,157
3306965679,1502962758327,1667,9,2,1,2,2,0,2,0,59,11,4,18,7,4,497,4,14,55,4,14,86,14,4,1,0,0,0,0,141,240,157,40,498,9,4,11,50,4,12,21,4,7,37,4,3,102,12,4,8,1,0,3,0,236,114,53,238,57
3327229961,1504356352463,1616,9,2,2,2,0,0,2,2,78,4,12,96,4,7,117,4,3,57,4,11,245,12,4,0,0,0,0,0,143,40,79,119,90,154,4,11,4,4,6,44,3,4,141,4,14,18,4,7,5,0,0,3,1,31,119,412,7,40
3327648702,1504378519295,1465,9,2,2,2,0,2,2,1,41,4,12,117,3,4,238,14,4,113,4,11,67,7,4,2,0,0,0,1,53,16,18,31,90,150,4,12,43,4,3,157,4,14,79,4,11,236,4,12,6,0,1,2,0,40,122,69,90,16
3319153436,1503762191792,1644,9,2,2,2,2,0,2,0,163,6,4,267,3,4,79,4,11,51,4,7,240,12,4,0,0,0,1,0,31,498,114,69,24,92,12,4,103,4,14,26,14,4,64,11,4,15,7,4,9,1,0,2,0,40,75,18,238,117
3303885659,1502743164911,2384,9,1,1,2,1,2,1,0,1,12,4,254,4,11,29,4,7,412,14,4,41,4,12,8,2,1,5,0,40,23,101,20,31,75,12,4,134,4,3,117,4,3,24,11,4,18,4,7,5,0,1,0,0,67,121,19,40,53
3321565024,1503948184153,1949,9,2,1,2,2,0,2,2,222,7,4,516,4,12,99,14,4,254,4,11,115,4,3,1,0,0,1,0,154,39,238,157,53,14,4,12,40,4,3,19,4,11,103,21,4,67,4,7,9,3,0,2,1,23,119,75,157,141
3225539747,1497623258668,1664,9,1,1,1,1,0,1,2,7,4,14,107,11,4,22,4,7,58,4,14,43,14,4,11,3,0,2,0,119,8,498,53,90,16,4,7,163,14,4,103,4,11,59,14,4,113,4,11,3,0,0,1,1,53,240,60,157,117
3280183922,1501118998311,1363,9,2,1,2,2,0,2,0,24,12,4,6,4,11,67,4,7,89,4,14,4,14,4,0,0,0,0,0,105,122,157,1,63,22,4,7,412,4,3,84,14,4,58,14,4,60,11,4,9,1,0,1,0,238,59,92,122,157
3330346298,1504571380284,1829,9,1,1,2,1,1,1,1,497,4,14,18,4,7,141,4,12,7,4,21,23,11,4,11,3,1,3,1,64,29,89,53,238,28,4,11,245,4,12,133,12,4,222,7,4,37,4,3,4,0,0,0,0,64,53,103,157,122
3329029575,1504463329696,2178,9,2,2,2,2,2,2,2,412,4,14,141,4,11,7,12,4,51,4,7,14,12,4,2,0,0,0,0,126,429,96,40,29,90,4,12,31,12,4,60,4,11,498,7,4,497,4,14,9,3,1,3,1,150,40,117,96,29
3295501167,1502235516906,1391,9,1,1,1,1,0,1,0,83,4,12,1,4,14,14,3,4,22,4,7,107,11,4,11,3,0,2,0,24,122,412,31,75,44,4,3,21,7,4,92,4,12,64,11,4,99,4,21,1,0,0,0,0,53,19,122,154,157
3331115841,1504630687802,1697,9,2,2,2,2,2,2,2,96,4,7,497,4,14,36,11,4,98,12,4,112,14,4,3,0,0,0,0,11,117,122,40,238,18,7,4,90,4,14,412,4,3,157,12,4,79,4,11,10,2,1,3,1,113,238,31,92,34
3276230658,1500900735162,1749,9,1,1,1,1,1,1,1,113,11,4,412,14,4,122,4,12,67,4,7,34,12,4,11,2,1,2,1,31,103,29,157,114,14,4,14,154,11,4,48,4,12,50,14,4,202,4,7,4,0,0,0,0,39,432,31,157,21
3262203626,1499941592254,2545,9,2,1,1,1,1,2,1,64,11,4,157,14,4,58,4,12,51,7,4,99,3,4,10,3,1,2,1,119,19,29,141,105,104,4,11,89,4,3,59,4,12,38,4,12,429,4,7,9,2,1,3,0,86,121,154,117,23
3326472444,1504300357501,2102,9,2,1,1,2,2,2,2,113,11,4,55,4,14,111,4,12,412,4,3,110,4,7,3,0,0,2,0,29,157,31,61,58,4,1,4,150,12,4,53,3,4,32,4,11,67,4,7,9,1,1,2,1,29,18,31,57,40
3245907558,1498852306124,1251,9,2,1,2,0,0,2,0,8,4,6,51,4,7,254,11,4,53,14,4,43,4,12,2,0,0,0,0,498,3,105,134,119,497,3,4,77,6,11,7,4,12,202,7,4,92,4,12,4,0,0,1,0,412,157,117,266,38
3329911208,1504546593156,1270,9,1,2,1,0,0,1,0,59,11,4,8,4,12,202,4,7,238,4,14,37,4,3,5,0,0,2,0,67,105,120,17,157,22,3,4,11,6,11,7,4,14,222,7,4,240,12,4,1,0,0,0,0,67,90,81,122,164
3229364194,1497820917506,2156,9,1,1,1,1,0,1,1,92,4,14,112,4,3,412,3,4,20,11,4,81,7,4,8,2,0,5,1,19,51,238,143,117,23,12,4,163,14,4,21,4,7,64,11,4,74,3,4,3,0,0,0,0,122,105,498,157,33
3295018597,1502208391519,2026,9,1,1,1,1,2,1,0,8,14,4,98,4,12,59,4,11,412,4,3,498,4,7,11,5,1,3,0,33,64,157,61,57,55,4,14,24,12,4,31,4,11,15,7,4,89,4,14,1,0,1,0,0,121,25,30,19,122
3290636555,1501884492699,2166,9,2,1,2,2,2,2,0,120,6,11,42,7,4,85,14,4,61,14,4,67,4,3,3,0,0,0,0,53,64,19,136,122,75,12,6,106,4,11,74,4,3,37,14,4,18,4,7,10,3,1,3,0,31,27,-1,24,79
3263451156,1500008528514,1443,9,2,1,1,2,2,1,2,64,4,11,202,7,4,43,14,4,92,4,3,68,12,4,4,0,0,2,0,154,23,35,122,51,58,4,12,19,11,4,8,4,6,40,4,3,222,4,7,6,1,1,0,1,61,114,51,119,29
3314218372,1503431074868,1940,9,2,2,2,2,2,2,2,8,12,4,32,11,4,143,14,4,119,4,7,1,4,14,1,0,0,1,0,40,63,75,105,29,202,4,7,157,3,4,99,3,4,11,11,4,23,6,12,11,3,1,2,1,80,412,53,29,17
3326586029,1504308138925,2584,9,2,2,1,2,2,2,0,81,4,7,107,4,11,69,12,4,25,3,4,6,4,12,6,0,0,3,0,122,498,113,154,67,53,14,4,141,4,11,90,4,14,412,4,3,22,7,4,10,2,1,1,0,67,154,99,157,105
3317429948,1503628400532,1427,9,1,1,1,1,1,1,1,16,4,3,236,7,4,107,11,4,98,4,12,238,4,14,9,2,1,2,1,40,114,117,119,12,24,11,4,164,4,12,429,4,7,61,3,4,497,4,3,1,0,0,1,0,31,29,18,40,59
3328307750,1504445217505,1896,9,2,1,1,2,2,2,2,112,4,3,31,4,11,41,4,12,67,4,7,267,4,3,7,0,0,1,0,42,420,1,39,40,497,3,4,498,7,4,92,12,4,55,4,14,19,11,4,11,3,1,3,1,141,117,18,157,122
3221210104,1497345417619,2009,9,1,2,2,2,1,2,0,77,4,11,99,4,21,24,4,12,85,4,7,412,4,14,8,1,1,0,0,157,119,23,63,498,432,4,3,3,12,4,98,12,4,133,7,4,28,11,4,6,1,0,3,0,55,114,497,121,238
3279074315,1501065269927,2618,9,2,1,2,2,1,1,1,6,11,4,75,4,12,223,3,4,202,7,4,4,4,6,4,0,2,2,1,58,238,91,141,31,55,3,4,119,4,7,157,4,14,245,4,14,80,11,4,10,4,0,3,0,105,31,84,91,141
3310903949,1503193844588,1601,9,2,2,2,2,2,1,2,40,3,4,29,7,4,126,4,14,20,4,11,114,4,12,0,0,0,1,0,36,238,154,143,31,24,11,6,51,4,7,12,3,4,99,4,21,41,12,4,9,2,1,1,1,157,25,11,103,92
3328566838,1504454440606,1689,9,2,2,2,2,2,2,2,76,11,4,8,12,4,4,4,3,12,3,4,18,7,4,0,0,0,0,0,29,16,31,38,117,25,4,3,202,7,4,157,4,14,32,4,12,48,4,11,11,4,1,3,1,238,16,79,141,40
3284938644,1501474575215,1991,9,1,1,1,1,1,1,0,8,4,12,101,7,4,45,4,3,51,7,4,33,4,11,11,4,1,3,0,114,267,157,141,201,75,4,12,67,4,7,117,14,4,99,1,4,29,11,4,2,0,0,0,0,11,119,31,19,122
3324233738,1504126950475,1647,9,1,2,1,1,1,1,1,68,4,12,141,11,4,222,7,4,40,3,4,61,4,21,9,1,1,3,1,31,67,113,121,19,157,4,14,28,11,4,89,3,4,29,4,7,92,12,4,2,0,0,0,0,16,18,39,3,81
3329222221,1504471825626,200,9,2,2,0,0,0,0,0,98,4,12,110,4,7,75,4,12,35,11,14,99,14,4,0,0,0,0,0,245,51,122,141,516,80,12,4,120,6,11,31,4,14,53,3,4,119,7,4,0,0,0,0,0,40,21,11,131,238
3328963215,1504459005086,213,9,1,0,0,0,0,0,0,81,4,12,34,4,3,77,6,11,22,4,7,53,3,4,0,0,0,0,0,412,114,157,105,23,79,14,4,141,4,11,41,12,4,40,3,4,18,7,4,0,0,0,0,0,122,69,64,45,238
3322771956,1504029158766,1322,9,2,2,2,0,2,2,2,68,4,11,110,4,7,37,3,4,55,4,14,80,4,12,2,0,0,0,0,64,53,38,17,89,11,14,12,203,11,4,157,14,4,51,4,7,98,3,4,4,0,1,1,1,53,119,99,28,24
3294949175,1502205106331,1088,9,1,1,1,1,0,1,1,40,3,4,15,7,4,134,1,4,202,4,7,60,4,11,8,1,0,1,1,157,105,55,141,412,107,4,12,29,4,11,12,4,3,81,7,4,127,14,4,0,0,0,0,0,57,11,91,31,164
3321666716,1503953759979,211,9,1,2,0,0,0,0,0,19,4,11,112,6,4,16,4,3,202,7,4,86,12,4,0,0,0,0,0,141,18,157,40,67,21,4,7,75,4,12,412,4,14,99,7,4,57,4,11,0,0,0,0,0,119,84,105,90,122
3314594543,1503451180021,1716,9,2,2,2,2,0,2,0,22,4,21,40,7,4,79,11,4,84,12,4,63,4,14,0,0,0,0,0,16,67,90,498,157,11,4,11,4,14,4,86,14,4,236,7,4,25,4,14,11,3,0,2,0,75,67,19,119,57
3261488257,1499893163601,1542,9,2,2,1,2,0,2,0,202,7,4,115,14,4,105,4,12,19,4,11,53,4,12,1,0,0,0,0,157,63,122,23,238,141,11,4,134,4,3,40,4,3,51,4,7,106,12,4,10,2,0,1,0,157,17,238,21,64
3303918987,1502745145987,1381,9,1,2,1,1,0,1,1,119,4,7,84,14,4,10,4,12,3,4,12,11,4,11,7,1,0,1,1,75,24,17,103,53,18,7,4,19,4,11,23,4,3,20,3,4,157,4,14,3,0,0,1,0,105,51,63,25,53
3267446776,1500298101203,2676,9,2,1,1,1,1,2,1,11,4,11,17,4,12,53,3,4,63,14,4,51,7,4,7,2,2,1,1,157,498,84,1,24,412,4,3,21,7,4,120,6,11,43,4,14,69,4,12,9,2,1,3,0,238,122,75,154,131
3330050458,1504553951175,1757,9,2,2,2,2,2,2,0,59,4,11,238,4,14,18,4,7,412,4,3,24,12,4,0,0,0,0,0,29,40,8,117,134,92,4,12,141,4,11,53,4,3,202,4,7,79,4,14,11,3,1,2,0,31,8,40,67,117
3318814694,1503737393648,1605,9,1,2,1,1,0,2,1,90,3,4,222,7,4,11,11,6,127,14,4,39,4,12,11,3,0,1,1,38,31,141,157,75,86,4,12,67,7,4,134,14,4,16,3,4,60,11,4,1,0,0,1,0,31,412,122,238,57
3315328911,1503499231426,3196,9,1,2,1,2,2,1,0,104,4,11,16,4,3,134,4,14,126,14,4,81,4,7,9,1,0,2,0,122,53,157,61,40,43,4,3,245,4,11,76,12,4,35,12,14,51,4,7,7,1,2,3,0,238,53,412,141,58
3324722813,1504188261360,1867,9,2,2,2,2,2,2,1,59,4,11,3,4,12,79,4,12,12,3,4,67,7,4,5,0,0,1,1,84,74,114,164,55,117,7,4,10,4,11,40,3,4,106,4,14,113,12,4,8,1,1,1,0,31,16,141,60,154
3321278276,1503931896614,1360,9,1,2,2,1,0,1,1,412,3,4,64,4,11,103,4,14,75,4,12,96,7,4,8,2,0,2,1,90,498,24,29,114,157,4,3,5,4,11,110,7,4,8,12,4,63,4,3,3,0,0,0,0,114,113,122,53,1
3330017264,1504553372546,2022,9,2,2,2,2,2,2,2,15,4,7,91,4,14,37,4,3,1,4,14,19,11,4,3,0,0,1,0,29,40,67,157,90,18,7,4,267,4,3,240,12,4,34,4,21,64,4,11,9,2,1,2,1,122,113,90,117,31
3325668097,1504225378210,2023,9,2,2,2,2,0,2,0,121,11,4,81,7,4,8,14,4,57,12,4,267,4,3,0,0,0,0,0,31,117,113,38,7,161,3,4,164,4,3,120,6,11,75,6,12,67,4,7,11,3,0,3,0,18,33,96,11,40
3226283885,1497640165351,1969,9,1,1,2,1,0,2,0,236,12,4,2,6,11,67,4,7,55,4,14,99,7,4,10,3,0,2,0,119,117,157,122,238,223,7,4,1,4,3,85,4,7,121,4,11,25,4,12,1,0,0,1,0,103,119,53,17,30
3302469714,1502663763770,2056,9,1,2,2,2,1,2,2,141,11,4,497,4,3,31,14,4,17,4,14,21,7,4,7,1,1,0,0,53,266,81,74,103,37,3,4,10,4,3,236,4,7,68,4,12,113,4,11,7,1,0,2,1,40,105,412,122,157
3327890938,1504390223433,1375,9,2,2,2,2,0,2,2,60,11,4,58,14,4,40,4,3,51,7,4,157,14,4,0,0,0,0,0,141,117,18,67,134,202,4,7,17,14,4,112,4,3,201,3,4,19,11,4,9,1,0,3,1,134,96,498,57,113
3329566779,1504528200150,1844,9,1,2,1,1,0,1,1,37,14,4,18,7,4,64,4,11,31,12,4,9,14,4,10,2,0,3,1,80,157,103,497,69,99,21,4,14,12,4,25,3,4,498,4,7,121,11,4,0,0,0,0,0,412,157,33,53,150
3316922585,1503592320191,2115,9,2,2,2,0,0,2,1,114,4,12,63,3,4,33,4,11,29,4,7,238,4,14,2,0,0,0,1,119,11,84,24,17,5,4,12,32,4,11,21,7,4,26,12,4,61,21,4,4,0,0,2,0,67,157,74,141,53
3327078899,1504352567674,1422,9,1,1,1,1,0,0,1,7,14,4,157,4,12,92,4,11,18,7,4,14,12,4,11,2,0,0,1,59,238,31,16,53,24,4,12,516,4,11,12,3,4,412,7,4,245,4,12,1,0,0,0,0,427,64,122,53,238
3302335193,1502655977121,200,9,1,0,0,0,0,0,0,115,4,3,114,4,12,16,3,4,202,4,7,64,11,4,0,0,0,0,0,141,122,157,6,33,236,7,4,92,4,12,89,4,3,126,4,14,19,4,11,0,0,0,0,0,57,75,67,55,53
3326224773,1504287481573,1923,9,2,2,2,2,2,1,2,134,4,14,126,4,12,22,4,7,11,4,11,53,4,3,2,0,0,2,0,157,25,114,31,103,57,3,4,90,4,14,24,4,11,2,12,4,119,21,4,10,2,1,1,1,157,150,154,114,122
3321160476,1503923149211,1045,9,1,2,1,0,0,2,0,113,11,4,150,12,4,63,14,4,236,4,14,202,7,4,2,0,0,1,0,23,126,117,29,412,8,12,4,40,4,3,20,4,11,22,7,4,161,3,4,0,0,0,1,0,24,126,38,429,29
3321230613,1503926907856,1849,9,2,2,1,2,2,1,0,4,14,4,11,4,11,7,14,4,202,4,7,150,12,4,3,0,0,2,0,157,-1,40,238,117,267,3,4,18,4,7,79,11,4,61,6,4,17,4,14,9,1,1,2,0,84,80,238,56,40
3317003603,1503597032447,1996,9,2,1,2,2,2,2,0,51,4,7,58,12,4,105,4,14,421,4,11,43,3,4,4,0,0,0,0,90,34,84,31,154,117,4,3,59,12,4,50,4,14,33,4,11,236,4,7,11,3,1,2,0,23,1,141,516,75
3311258277,1503237781718,2174,9,1,1,2,2,1,2,0,6,4,12,201,4,3,8,4,14,62,11,4,222,7,4,6,1,1,4,0,31,29,91,56,35,51,4,7,102,4,11,39,4,12,223,3,4,84,14,4,7,1,0,1,0,238,154,18,412,90
3325793080,1504255148703,1490,9,2,1,1,2,0,2,0,150,12,4,15,7,4,60,4,11,412,4,3,84,14,4,3,0,0,0,0,44,122,64,107,31,131,14,4,90,14,4,516,12,4,202,7,4,19,4,11,8,1,0,3,0,122,119,40,1,53
3329931967,1504547219099,1245,9,2,2,2,0,0,2,0,4,4,6,53,4,14,56,4,11,58,12,4,21,7,4,1,0,0,0,0,64,-1,7,60,498,6,12,4,15,4,7,67,11,4,61,4,1,223,4,3,6,0,0,1,0,92,55,81,40,497
3282888856,1501347395529,1477,9,2,2,2,2,2,2,2,110,7,4,40,3,4,23,12,4,113,4,11,61,4,7,1,0,0,0,0,57,119,3,7,39,36,11,4,157,4,12,18,7,4,38,12,4,16,4,3,9,1,1,2,1,60,121,31,91,92
3327585524,1504374269984,1844,9,2,1,1,2,2,1,0,157,4,12,37,4,14,115,4,21,104,11,4,15,4,7,3,0,0,2,0,34,92,113,117,18,29,4,7,267,4,14,236,4,14,54,12,4,79,4,11,9,2,2,1,0,18,40,57,117,113
3317692970,1503663555821,1754,9,1,2,1,1,0,1,0,516,4,12,17,4,14,121,11,4,8,6,4,67,4,7,10,1,0,3,0,31,498,57,164,40,157,4,12,15,7,4,12,4,3,4,4,7,33,4,11,0,0,0,0,0,164,412,113,238,141
3315420103,1503504123232,2016,9,1,2,2,1,1,2,0,5,12,4,99,4,21,245,11,4,22,7,4,516,4,3,10,2,1,2,0,31,51,238,64,53,80,4,12,45,4,3,498,7,4,79,4,11,13,21,4,4,0,0,2,0,141,29,31,103,7
3325276726,1504209526978,1639,9,2,2,1,2,0,2,0,53,3,4,91,14,4,56,4,11,222,4,7,62,12,4,2,0,0,1,0,119,90,157,103,5,114,12,4,110,4,7,37,3,4,11,11,4,99,7,4,10,2,0,1,0,25,36,63,238,24
3319269795,1503771006520,1474,9,1,1,1,1,0,1,0,38,4,12,40,3,4,24,4,12,141,4,11,202,7,4,11,3,0,1,0,57,59,105,117,8,79,11,4,22,4,7,75,12,6,412,14,4,157,4,14,2,0,0,0,0,29,18,154,31,126
3314471552,1503440785714,1619,9,1,2,2,1,0,2,1,412,4,14,36,11,4,222,4,7,69,3,4,75,12,4,10,2,0,2,1,11,89,53,150,55,136,4,6,117,3,4,98,12,4,18,7,4,77,11,6,2,0,0,1,0,23,55,202,92,31
3323971135,1504111915432,1332,9,1,1,2,0,0,1,1,77,11,4,236,4,7,412,4,14,122,12,4,37,4,14,5,0,0,1,1,90,6,16,31,119,103,4,14,58,4,12,11,11,4,53,14,4,51,4,7,2,0,0,1,0,157,80,105,114,40
3314209247,1503431406923,1410,9,1,2,1,1,0,1,1,254,11,4,53,12,4,15,7,4,99,21,4,92,12,4,7,1,0,3,1,238,11,105,6,19,29,4,11,51,7,4,497,4,14,58,4,12,41,4,12,1,0,0,0,0,19,67,86,126,119
3317639049,1503662263227,1863,9,2,1,2,2,0,2,0,223,4,12,119,4,14,63,14,4,11,4,11,37,4,3,0,0,0,0,0,122,238,157,53,75,92,14,4,56,11,4,74,3,4,222,4,7,45,4,3,7,1,0,2,0,55,18,122,31,164
3323011192,1504042654302,2005,9,2,1,1,1,2,1,1,89,4,3,15,4,7,33,4,11,74,4,12,61,7,4,4,1,0,2,1,40,8,136,157,64,141,4,11,112,21,4,240,4,12,67,4,7,497,4,14,8,2,1,1,0,429,40,117,29,238
3280732524,1501179567690,1301,9,1,2,1,1,0,1,0,18,4,7,412,4,14,19,4,11,75,6,12,238,14,4,6,1,0,2,0,31,21,122,154,61,32,4,11,103,4,14,267,4,3,114,4,12,236,4,7,0,0,0,0,0,80,79,64,92,6
3330011268,1504551891724,1860,9,1,1,1,1,1,1,1,157,4,12,55,4,14,113,4,11,498,7,4,48,3,4,10,4,1,3,1,40,35,38,117,67,143,3,4,245,4,14,29,7,4,141,4,11,75,4,12,6,0,0,0,0,19,122,57,34,40
3321364995,1503936747345,1429,9,1,1,2,1,0,1,1,50,12,4,254,4,14,40,4,3,15,4,7,64,4,11,9,2,0,1,1,57,18,113,119,103,498,4,7,126,4,12,80,4,11,53,4,3,4,4,14,1,0,0,0,0,105,113,157,516,29
3223340863,1497463739693,2066,9,1,1,1,1,1,1,0,412,3,4,92,12,4,120,4,11,4,14,4,29,7,4,8,1,1,2,0,157,55,75,53,238,67,4,7,63,4,21,111,3,4,6,4,12,54,11,4,2,0,0,0,0,119,157,51,11,58
3319489740,1503786154449,1599,9,2,1,2,2,2,1,2,44,4,3,429,4,7,112,1,4,90,4,12,79,4,11,2,0,0,2,0,29,38,16,117,238,19,11,4,92,12,4,222,7,4,25,3,4,99,7,4,10,2,1,0,1,31,40,117,18,57
3293081444,1502053183115,1697,9,2,2,2,2,2,2,2,18,4,7,412,14,4,5,4,11,84,14,4,122,4,12,0,0,0,0,0,114,154,157,89,31,105,4,14,6,12,4,40,4,3,15,4,7,57,4,11,10,2,1,2,1,24,154,114,55,31
3232933069,1498056822428,1696,9,2,2,2,2,2,2,2,92,12,4,412,3,4,51,4,7,161,4,21,122,4,11,1,0,0,0,0,154,1,105,238,24,222,7,4,86,4,14,111,4,3,99,4,21,11,4,11,11,4,1,3,1,154,79,117,157,23
3245629684,1498847389454,2081,9,2,1,2,2,0,2,0,25,4,14,81,7,4,41,4,12,268,4,3,59,11,4,2,0,0,0,0,114,154,122,498,90,45,14,4,64,4,11,157,4,12,16,3,4,22,4,7,10,2,0,1,0,122,107,117,412,154
3329027667,1504462776804,1213,9,2,1,1,0,0,2,2,69,4,6,33,4,11,412,4,14,51,7,4,23,4,12,1,0,0,0,0,40,117,18,157,113,119,4,7,141,11,4,37,4,3,24,12,4,8,4,14,5,0,0,2,1,107,113,38,18,40
3257699310,1499671362905,2285,9,2,1,1,2,2,2,2,61,1,4,154,4,11,236,4,7,59,4,12,16,3,4,3,0,0,2,0,7,157,80,134,119,81,4,7,412,14,4,19,4,11,13,6,4,17,4,12,11,1,1,3,1,92,29,119,69,122
3270725207,1500485790353,1522,9,2,2,2,2,2,2,0,7,12,4,79,11,4,81,7,4,63,4,14,92,4,12,1,0,0,0,0,114,42,157,202,141,19,11,4,164,12,4,51,4,7,432,3,4,105,14,4,8,1,1,2,0,23,122,412,103,141
3330529394,1504600529723,2232,9,2,1,1,2,0,2,1,1,4,7,12,3,4,51,7,4,154,4,11,58,4,12,6,0,0,0,1,55,53,5,122,157,89,7,4,107,4,11,266,4,12,21,4,7,63,4,14,11,2,0,4,0,67,99,23,11,157
3326078300,1504279763565,1911,9,2,1,2,2,2,2,2,157,4,3,61,4,7,84,4,14,131,11,4,77,4,12,8,1,0,0,0,31,103,67,29,40,86,12,4,121,4,11,238,4,3,412,3,4,22,7,4,9,3,1,2,1,141,126,67,117,18
3326699105,1504338813918,1393,9,2,1,2,2,0,1,2,203,4,11,432,4,3,1,4,14,86,12,4,21,4,7,1,0,0,2,0,157,119,53,31,238,222,4,7,16,4,3,6,12,4,141,11,4,99,4,21,10,2,0,0,1,53,105,122,157,25
3308336594,1503035236336,2267,9,2,2,2,2,0,2,0,141,4,11,53,3,4,86,12,4,45,14,4,67,4,7,1,0,0,0,0,17,25,11,238,154,103,4,14,59,4,11,8,4,12,90,4,7,85,14,4,9,2,0,3,0,11,105,245,157,121
3330067180,1504555868895,1706,9,2,2,2,2,0,2,2,497,4,14,11,4,11,13,21,4,18,4,7,59,4,12,0,0,0,0,0,7,154,113,35,40,516,4,12,267,4,3,105,12,4,21,4,7,19,4,11,10,2,0,3,1,113,157,117,31,29
3236371976,1498254711161,2166,9,2,2,2,2,0,2,0,80,4,12,67,4,7,45,14,4,117,4,3,28,11,4,5,0,0,0,0,17,51,11,157,420,8,4,6,16,4,3,85,4,12,24,11,4,22,4,7,8,1,0,3,0,53,17,157,122,420
3323087145,1504049192596,1873,9,1,2,1,1,0,2,1,84,4,14,1,4,14,141,14,4,51,7,4,412,4,3,10,2,0,1,1,7,117,18,238,114,63,14,4,80,4,14,78,4,11,98,4,12,67,7,4,2,0,0,2,0,23,29,33,40,117
3322514652,1504014601642,2024,9,2,2,2,2,2,1,1,201,4,3,81,4,7,83,12,4,121,4,11,105,4,12,5,0,0,2,1,91,31,29,6,122,133,4,14,33,4,11,236,4,14,412,4,3,202,7,4,11,3,1,1,0,40,31,18,141,16
3326395443,1504296291006,1788,9,2,2,1,2,2,1,1,64,4,11,432,4,14,103,4,14,96,7,4,24,4,12,4,0,0,1,1,40,69,117,498,29,50,4,12,16,4,3,429,4,7,161,4,7,113,4,11,8,1,1,3,0,126,18,38,157,117
3322923065,1504037471170,2252,9,1,1,1,1,1,1,1,60,4,11,412,4,14,245,4,12,29,7,4,126,4,12,11,3,2,3,1,40,105,67,157,18,79,4,12,41,4,3,16,3,4,64,4,11,222,4,7,3,0,0,1,0,53,19,31,75,56
3253937723,1499380397648,1774,9,1,1,1,1,0,2,1,24,11,4,111,3,4,23,12,6,38,4,12,222,4,7,10,2,0,1,1,53,498,25,32,45,161,3,4,497,3,4,81,4,7,19,11,4,2,4,12,2,0,0,2,0,53,105,157,122,143
3323137434,1504074909266,1359,9,2,2,2,2,0,1,2,238,14,4,79,4,11,92,4,12,201,3,4,18,4,7,0,0,0,1,0,157,63,99,31,42,119,7,4,11,11,4,103,14,4,75,12,4,53,3,4,10,2,0,1,1,24,105,89,121,157
3328309602,1504445729679,1539,9,2,2,1,2,2,2,2,18,1,4,497,3,4,15,4,7,154,11,4,27,6,14,1,0,0,1,0,38,31,29,40,117,24,4,12,498,4,7,43,4,3,4,6,4,76,11,4,11,5,1,1,1,113,33,29,117,40
3330058394,1504555918682,2239,9,1,2,2,2,1,1,0,203,4,11,18,7,4,58,4,14,96,4,12,53,4,14,9,1,1,3,0,154,37,57,122,40,29,4,11,117,4,12,412,4,3,81,4,7,61,4,14,8,1,0,0,0,157,11,56,22,103
3219355814,1497204136707,1586,9,1,1,1,1,0,1,0,126,4,12,119,4,7,121,4,11,79,12,4,161,4,3,11,2,0,1,0,157,154,498,53,164,15,4,7,89,14,4,61,4,21,104,4,11,59,4,12,3,0,0,2,0,11,39,238,64,53
3313547628,1503390956858,2196,9,2,2,2,2,2,2,0,79,4,11,83,14,4,18,7,4,103,4,14,412,4,14,2,0,0,0,0,119,23,157,99,31,201,4,3,91,4,14,29,4,7,427,4,11,24,4,12,10,2,1,2,0,11,8,23,6,64
3321997930,1503966712234,1963,9,1,1,2,1,0,1,0,67,7,4,268,4,14,91,14,4,53,4,14,60,11,4,8,1,0,3,0,59,122,157,238,28,19,4,11,44,4,3,51,4,7,54,12,4,61,4,14,3,0,0,0,0,134,238,57,154,40
3242959282,1498669310031,1381,9,1,1,1,0,0,2,2,3,4,12,18,4,7,412,4,3,238,4,14,154,4,11,5,0,0,1,0,105,254,157,53,122,76,4,3,61,4,21,202,4,7,86,12,4,64,11,4,1,0,0,1,1,122,114,67,119,23
3319646596,1503806968707,3238,9,2,1,2,2,1,1,0,516,4,12,38,4,14,64,4,3,202,7,4,62,14,11,9,3,2,3,0,238,25,122,254,120,17,4,12,37,4,3,245,4,14,121,4,11,222,7,4,9,3,0,2,0,11,53,122,157,238
3295355112,1502225784748,1487,9,1,1,1,1,0,1,0,421,4,12,53,4,3,412,7,4,64,4,11,61,4,3,7,1,0,1,0,121,89,91,59,122,20,4,12,157,4,14,141,11,4,223,4,14,498,4,7,2,0,0,0,0,31,105,67,25,92
3278555954,1501026270534,1233,9,1,1,1,1,0,2,1,43,3,4,31,11,4,51,4,7,53,4,14,23,4,14,9,2,0,1,1,19,238,48,17,497,84,4,14,119,4,7,99,3,4,24,6,12,154,4,11,2,0,0,1,0,64,27,75,141,143
3329369817,1504495754367,1731,9,1,2,2,1,1,1,1,79,4,12,117,4,3,24,4,11,222,4,7,38,12,4,11,3,1,4,1,33,29,113,40,236,4,4,14,96,7,4,37,4,3,59,4,11,150,12,4,4,0,0,0,0,91,18,412,53,40
3243128553,1498676635830,3098,9,2,2,1,2,2,1,1,114,4,12,51,4,7,89,4,3,19,11,4,115,14,4,7,0,0,4,1,53,238,55,29,122,86,14,4,105,4,14,22,7,4,33,11,6,98,3,4,11,2,2,1,0,17,81,64,23,238
3328120200,1504433752119,1941,9,1,2,2,1,1,2,0,429,7,4,104,11,4,91,4,14,42,1,4,161,3,4,10,2,2,0,0,81,59,497,79,3,412,4,14,7,4,12,60,4,11,119,7,4,516,12,4,5,0,0,1,0,38,-1,150,40,18
3309649915,1503145644123,1934,9,1,2,2,1,1,1,1,103,4,14,119,7,4,432,3,4,64,11,4,19,12,6,8,2,2,4,1,57,40,141,238,163,32,4,11,29,7,4,1,14,4,50,4,12,91,4,14,2,0,0,0,0,16,40,31,60,122
3322734650,1504026926952,1330,9,1,2,1,1,0,1,0,141,4,11,12,4,3,202,7,4,92,12,4,134,14,4,9,2,0,1,0,266,103,18,11,53,59,4,11,79,12,4,21,7,4,1,4,1,267,4,3,0,0,0,0,0,67,119,31,17,99
3322542573,1504016973614,2504,9,1,2,2,2,1,2,0,41,3,4,79,4,11,150,12,4,37,4,7,202,7,4,7,1,1,3,0,6,498,141,31,114,68,4,12,8,4,14,56,11,4,86,4,3,236,7,4,7,1,0,1,0,429,141,17,412,53
3327460371,1504367068555,2378,9,2,1,1,1,2,2,0,121,4,11,3,4,12,99,21,4,161,4,3,22,7,4,5,1,0,2,0,51,34,64,40,141,136,7,4,27,4,12,236,7,4,102,11,6,43,4,3,10,2,1,2,0,55,111,79,75,53
3298376342,1502442977522,2594,9,2,2,2,2,1,1,2,429,4,7,3,4,12,33,4,11,53,4,14,41,4,12,3,0,2,2,0,23,31,119,114,79,141,4,11,245,12,4,99,4,3,126,4,12,236,4,7,11,6,0,2,1,122,420,157,31,30
3328318200,1504445534133,1704,9,1,2,2,1,1,1,1,40,3,4,131,14,4,498,4,7,254,4,11,69,4,12,11,3,1,2,1,64,18,119,238,61,74,21,4,157,4,12,60,11,4,89,4,3,15,7,4,2,0,0,0,0,161,42,154,18,63
3329175312,1504469854135,1644,9,1,2,2,1,1,1,0,41,4,12,238,4,14,222,7,4,33,4,11,63,14,4,8,1,1,2,0,40,134,55,157,122,62,4,11,18,7,4,117,3,4,69,3,4,36,12,4,2,0,0,0,0,11,157,29,429,412
3282667899,1501333546162,1480,9,1,1,1,1,1,1,1,56,11,4,163,14,4,99,4,3,36,12,4,18,4,7,11,3,1,1,1,51,6,154,238,11,90,4,12,117,3,4,22,4,7,157,14,4,60,11,4,1,0,0,0,0,119,31,69,122,114
3324462579,1504160476686,2060,9,1,1,1,1,0,1,0,74,4,14,44,4,3,5,11,4,103,14,4,236,7,4,8,1,0,3,0,64,420,134,154,53,238,14,4,67,12,4,28,4,11,3,3,4,18,4,7,3,0,0,1,0,75,11,51,119,31
3301395343,1502611751036,2606,9,1,1,1,1,1,2,0,40,4,3,4,4,21,202,4,7,11,11,4,141,12,4,11,3,1,4,0,103,157,238,75,63,497,4,3,86,12,4,429,7,4,59,11,4,131,14,4,5,0,0,1,0,31,6,498,75,238
3318778982,1503731885716,2073,9,2,1,2,2,2,2,0,60,11,4,238,14,4,17,4,14,429,7,4,412,14,4,0,0,0,0,0,40,117,29,113,57,143,4,3,83,12,4,85,4,12,42,7,4,141,11,4,10,2,1,1,0,40,79,16,31,18
3239899816,1498489071299,1850,9,1,2,2,1,0,2,2,17,3,4,25,4,3,63,21,4,51,4,7,62,6,11,9,2,0,2,0,157,11,154,19,498,222,4,7,26,3,4,55,14,4,24,4,11,92,4,12,4,0,0,1,1,154,11,34,157,122
3258452702,1499701350151,1228,9,1,1,1,1,0,1,0,15,7,4,60,11,4,143,4,14,497,14,4,83,12,4,7,1,0,2,0,51,238,114,154,119,78,3,4,67,7,4,64,11,4,39,12,4,61,4,21,1,0,0,0,0,157,122,119,238,29
3321532095,1503944789116,2858,9,1,1,1,1,2,2,0,14,4,11,43,3,4,22,4,7,1,4,14,240,12,4,8,2,0,2,0,157,516,429,238,122,63,4,14,92,12,4,121,3,11,21,7,4,78,4,3,6,0,1,1,0,516,141,105,412,53
3324463861,1504163353989,1921,9,1,1,1,1,0,1,1,134,4,14,16,3,4,18,7,4,75,12,4,11,11,4,10,3,0,3,1,238,53,157,55,119,113,11,4,126,12,4,133,7,4,84,3,14,432,14,4,2,0,0,0,0,91,40,238,31,29
3318816606,1503738603813,1210,9,2,2,2,2,0,2,2,143,3,4,91,4,12,141,4,11,61,21,4,51,7,4,0,0,0,0,0,119,31,238,24,11,90,21,4,29,7,4,72,4,11,92,12,4,201,4,3,9,1,0,2,1,157,19,84,40,5
3306657239,1502919730443,1787,9,2,1,2,2,2,2,2,17,4,12,161,4,21,51,7,4,111,4,11,63,4,3,2,0,0,0,0,157,141,67,75,122,267,4,3,77,11,4,29,4,7,10,12,4,57,12,4,11,3,2,3,1,75,31,18,141,67
3279720026,1501109751919,1500,9,2,1,1,0,0,2,1,42,4,21,141,4,11,412,3,4,54,12,4,18,7,4,2,0,0,0,1,114,24,6,238,31,27,4,12,202,4,7,12,4,14,115,6,4,80,11,4,3,0,0,3,0,154,53,238,117,31
3330179026,1504562623134,1936,9,1,2,1,1,1,2,1,53,3,4,245,4,14,236,4,7,5,4,11,27,4,12,8,1,1,0,1,105,11,6,222,25,90,4,14,202,4,7,516,4,3,19,11,4,17,12,4,6,0,0,3,0,80,18,238,77,25
3323080495,1504046089190,2258,9,1,2,1,1,2,1,2,53,4,3,67,4,7,157,14,4,60,11,4,516,12,4,9,2,0,2,0,75,40,238,31,117,29,11,4,236,4,14,37,14,4,119,4,7,58,4,12,5,1,2,1,1,141,55,40,105,-1
3324719392,1504189940872,1679,9,2,1,1,2,2,2,1,29,11,4,105,14,4,82,4,12,61,4,14,21,7,4,4,0,0,1,1,103,16,117,238,6,67,7,4,75,4,12,120,6,11,25,4,3,268,4,21,10,1,1,2,0,119,31,154,16,122
3321668453,1503954229928,1349,9,1,1,1,0,0,1,0,115,21,4,24,12,4,64,11,4,498,7,4,201,4,12,4,0,0,1,0,114,222,18,5,51,81,4,7,37,4,3,32,4,11,238,4,14,141,12,4,0,0,0,0,0,53,28,67,89,17
3324343812,1504133806003,1832,9,1,2,1,1,1,2,1,84,14,4,16,4,3,119,4,7,58,12,4,79,11,4,10,3,1,3,1,122,141,114,103,31,29,4,7,150,4,12,60,4,11,12,4,14,45,12,4,1,0,0,1,0,40,238,53,18,90
3329516695,1504524137831,1732,9,1,2,1,1,1,1,0,79,4,11,115,4,12,96,4,7,17,4,12,267,3,4,11,2,1,2,0,238,24,122,84,105,99,3,4,54,12,4,69,4,14,22,7,4,157,11,4,0,0,0,0,0,90,53,113,122,32
3331066308,1504627999009,1224,9,1,1,1,0,0,1,0,222,4,7,57,11,4,6,12,4,55,4,14,37,3,4,6,0,0,1,0,1,119,29,40,122,32,11,4,90,4,14,117,4,14,157,14,4,22,7,4,0,0,0,0,0,31,86,23,18,1
3324786353,1504192177682,1811,9,1,2,1,0,1,1,1,18,4,7,102,4,11,134,14,4,40,4,3,31,4,12,7,0,1,3,1,113,141,117,157,29,61,4,21,54,12,4,412,4,3,110,7,4,154,11,4,1,0,0,1,0,498,24,114,53,119
3321011659,1503907154915,2501,9,1,1,2,1,2,2,2,77,4,11,105,4,14,22,4,7,122,12,4,53,3,4,11,2,0,3,0,36,40,90,236,25,141,14,4,63,4,3,35,11,14,54,12,4,119,7,4,4,0,1,2,1,11,150,117,113,67
3317431608,1503618136758,1420,9,2,2,2,2,2,2,2,62,4,11,55,14,4,267,4,3,22,4,7,83,4,12,0,0,0,0,0,40,8,157,50,113,39,12,4,69,6,4,11,4,11,18,4,7,201,4,3,11,3,1,2,1,58,29,40,117,34
3257579919,1499641285920,1476,9,2,1,2,2,2,2,0,79,4,11,498,14,4,26,4,14,17,12,4,202,7,4,0,0,0,0,0,114,69,35,157,122,134,4,21,25,3,4,74,12,4,64,11,4,51,7,4,11,3,1,2,0,38,114,11,119,154
3326410958,1504297487188,1783,9,1,2,1,1,1,2,0,22,4,7,105,4,14,11,4,11,40,4,3,17,4,12,9,2,1,0,0,157,516,240,238,122,26,3,4,21,4,7,34,12,4,126,4,12,29,11,4,4,0,0,2,0,53,117,157,122,69
3310726133,1503180301029,2624,9,1,1,2,1,1,1,0,48,12,4,141,4,11,236,7,4,134,6,4,53,4,14,11,7,1,5,0,267,40,31,238,117,157,4,14,150,4,12,16,4,3,429,7,4,102,11,4,3,0,2,0,0,119,117,67,31,113
3272755751,1500646370587,2143,9,1,1,1,1,2,2,0,28,4,11,236,4,7,83,4,12,115,4,14,89,14,4,11,3,0,2,0,114,122,157,42,61,498,4,7,497,3,4,150,12,4,245,14,4,121,11,4,4,0,1,2,0,154,51,7,238,141
3321153275,1503924120407,1479,9,2,1,2,2,0,2,2,23,4,12,92,11,4,105,4,14,429,4,7,12,4,14,0,0,0,0,0,11,29,31,53,16,202,4,7,10,4,12,412,4,3,154,11,4,107,4,12,9,2,0,1,1,134,67,75,18,157
3317413681,1503619437425,1946,9,1,1,2,1,2,2,2,4,6,4,141,12,4,8,4,12,12,4,14,498,4,7,6,1,0,1,0,29,105,133,119,67,110,7,4,42,21,4,98,12,4,64,4,11,412,4,14,7,0,2,2,1,40,238,31,29,268
3324105369,1504119389846,1513,9,1,1,1,1,0,2,1,90,4,3,67,4,7,37,3,4,102,11,3,126,12,4,11,3,0,1,1,18,141,29,114,157,17,4,12,31,11,4,238,14,4,51,7,4,25,3,4,1,0,0,1,0,245,29,141,412,40
3238466540,1498402995799,2295,9,1,1,1,1,1,2,0,3,11,4,31,12,4,222,7,4,38,12,4,1,14,4,11,4,2,1,0,19,16,154,157,143,51,4,7,240,4,12,131,4,14,53,3,4,421,4,11,3,0,0,2,0,5,119,157,238,114
3323449501,1504102524067,2145,9,2,1,2,2,2,2,0,134,4,14,92,12,4,67,4,7,60,4,11,40,3,4,1,0,0,0,0,157,114,117,238,141,9,14,4,122,4,12,143,4,14,51,4,7,19,11,4,9,2,2,5,0,33,113,141,154,8
3315746851,1503519177888,1878,9,2,1,1,2,0,2,0,75,12,4,516,4,3,222,4,7,5,11,4,10,14,4,3,0,0,0,0,134,53,23,17,24,89,4,3,21,4,7,157,12,4,107,4,11,45,4,12,9,2,0,3,0,53,64,29,201,122
3311244794,1503236380527,1752,9,1,1,1,1,1,1,0,29,7,4,101,4,7,122,4,12,72,4,11,267,4,3,10,3,1,2,0,429,105,7,57,113,58,4,12,111,11,4,55,4,14,117,14,4,67,7,4,1,0,0,0,0,141,31,40,38,18
3328767535,1504457152796,2066,9,2,1,2,0,0,2,0,64,11,4,119,7,4,21,4,7,497,4,14,31,12,4,3,0,0,1,0,11,157,53,25,126,63,4,14,48,4,11,76,3,4,81,7,4,516,12,4,5,0,0,1,0,150,53,22,122,11
3322458703,1504012626748,1882,9,1,2,1,1,2,1,2,64,4,11,91,4,14,157,4,12,202,4,7,53,4,3,9,1,0,2,0,31,516,126,141,134,98,3,4,37,21,4,3,4,12,203,11,4,15,7,4,2,0,1,1,1,420,497,18,90,51
3319862534,1503835818715,1576,9,2,2,2,2,2,2,0,12,4,12,96,4,7,103,14,4,114,4,12,121,11,4,0,0,0,0,0,105,64,31,40,24,245,4,6,18,7,4,113,11,4,143,4,14,238,4,12,10,2,1,2,0,31,40,19,7,119
3320862843,1503872344238,681,9,1,1,1,1,0,0,0,60,11,4,89,14,4,85,4,12,78,12,4,67,4,7,6,1,0,0,0,38,122,141,18,19,16,6,1,69,4,1,105,4,14,497,4,14,31,11,4,1,0,0,0,0,11,119,57,40,238
3327876498,1504391654936,1296,9,1,1,1,0,0,1,1,412,4,14,498,4,7,103,4,14,11,4,11,98,12,4,5,0,0,1,1,29,150,18,31,40,268,21,4,33,4,11,122,4,12,22,7,4,117,3,4,1,0,0,0,0,238,67,201,121,24
3286659050,1501600234326,1078,9,2,2,2,2,0,2,2,41,4,12,90,14,4,64,4,11,67,7,4,40,4,3,1,0,0,0,0,92,38,57,31,19,238,14,4,117,4,3,18,4,7,60,4,11,80,4,14,8,1,0,1,1,126,154,29,412,141
3315607932,1503511964767,1740,9,1,2,2,2,1,2,2,90,14,4,29,7,4,43,4,14,20,11,4,57,12,4,7,1,1,0,0,150,84,40,16,31,82,4,14,53,3,4,254,4,11,516,4,12,236,7,4,8,1,0,3,1,51,91,117,24,157
3322392402,1504006503150,1297,9,2,1,2,2,0,2,1,90,4,12,412,14,4,113,4,11,69,4,6,429,4,7,1,0,0,0,1,31,-1,154,57,516,134,4,6,141,11,4,58,4,12,16,4,3,18,4,7,9,1,0,1,0,53,80,117,154,40
3325743000,1504232155226,1754,9,2,1,1,2,0,1,0,202,4,7,3,12,4,5,4,11,432,3,4,84,4,14,3,0,0,1,0,19,18,114,154,92,412,3,4,51,7,4,63,4,3,75,12,6,141,4,11,7,2,0,1,0,117,40,29,11,55
3324816599,1504194988620,1262,9,2,2,2,2,0,2,0,86,4,12,412,4,14,51,7,4,120,11,6,134,4,14,1,0,0,1,0,105,141,89,11,58,498,7,4,39,4,12,119,21,4,497,4,3,59,4,11,9,2,0,1,0,91,18,113,421,31
3330335957,1504570429188,2014,9,2,2,2,2,2,2,2,222,7,4,236,4,7,37,14,4,23,4,3,33,4,11,1,0,1,0,0,31,119,17,16,40,1,4,14,81,4,7,201,4,3,79,4,12,24,11,4,9,2,1,4,1,29,16,117,8,40
3319794585,1503832870999,1358,9,2,1,2,0,0,1,2,222,4,7,53,12,4,99,21,4,5,4,11,82,4,12,0,0,0,1,0,39,89,119,64,32,51,4,7,412,4,14,7,4,14,59,4,11,58,12,4,7,0,0,1,1,18,40,114,157,23
3255771424,1499524985045,2137,9,1,1,1,1,1,1,0,202,4,7,83,12,4,412,4,3,238,14,4,3,4,11,11,2,1,4,0,35,51,38,122,103,62,12,4,96,4,7,143,14,4,64,4,11,34,3,4,1,0,0,0,0,122,114,80,157,36
3307021953,1502967083934,1956,9,1,2,1,1,0,2,0,236,4,7,11,4,11,4,12,4,62,12,4,143,4,14,10,1,0,2,0,157,92,40,119,33,245,14,4,121,4,12,25,4,14,64,4,11,202,4,7,1,0,0,1,0,238,31,40,122,51
3296861105,1502351835017,1834,9,1,1,1,1,1,1,0,111,3,4,5,4,11,110,7,4,6,4,12,61,6,4,10,2,1,2,0,157,53,86,11,238,99,14,4,31,4,12,67,7,4,141,11,4,201,4,3,3,0,0,2,0,150,245,84,157,117
3329411855,1504499323320,1672,9,2,2,2,2,2,2,0,17,12,4,99,21,4,79,11,4,89,3,4,236,7,4,1,0,0,0,0,15,105,141,25,19,51,4,7,64,11,4,267,3,4,74,4,14,157,12,4,11,3,1,3,0,114,53,19,40,119
3326845891,1504347737220,1875,9,1,1,1,1,0,1,2,68,12,4,24,11,4,67,4,7,497,3,4,238,4,14,11,2,0,3,0,122,154,64,157,245,161,3,4,89,4,3,98,12,4,11,11,4,18,4,7,1,0,0,0,1,103,63,90,75,50
3319728223,1503825800523,1361,9,1,1,1,1,0,2,2,80,4,12,18,7,4,99,3,4,61,7,4,64,4,11,10,2,0,1,0,498,157,420,102,245,19,4,11,34,4,12,150,12,4,67,7,4,12,4,3,1,0,0,1,1,516,63,105,141,119
3323683351,1504103920859,1809,9,1,2,1,1,1,1,1,1,14,4,498,4,7,150,12,4,201,3,4,56,11,4,11,3,1,3,1,238,19,-1,-1,141,82,12,4,11,4,11,29,4,7,117,4,3,268,4,12,0,0,0,0,0,238,40,119,31,57
3328981001,1504460672318,1768,9,1,1,1,1,0,2,1,62,4,12,33,4,11,21,7,4,432,14,4,63,12,4,9,1,0,0,1,157,114,131,25,11,201,4,3,266,4,11,96,7,4,24,12,4,1,14,4,2,0,0,3,0,32,154,31,114,141
3287261278,1501629665381,1629,9,1,1,1,1,0,1,1,51,4,7,11,11,4,7,4,14,92,12,4,25,4,3,10,2,0,3,1,38,154,134,119,105,91,4,12,90,4,3,222,7,4,59,11,4,10,21,4,0,0,0,0,0,84,23,114,131,412
3307333369,1502984319410,1844,9,2,2,1,2,0,2,1,23,4,12,21,7,4,101,21,4,62,11,4,14,4,14,4,0,0,0,1,11,245,141,86,157,78,4,11,131,14,4,53,4,14,22,7,4,80,4,14,9,1,0,2,0,89,164,75,122,25
3324459128,1504169201574,1439,9,1,1,2,0,0,2,1,40,3,4,18,7,4,19,11,4,79,14,4,41,4,14,6,0,0,1,1,31,29,114,141,157,119,7,4,412,4,14,59,11,4,55,14,4,6,4,12,2,0,0,1,0,157,16,33,64,117
3327805022,1504385763744,1852,9,2,2,2,2,2,2,0,126,4,12,15,4,7,10,4,1,12,4,3,107,11,4,2,0,0,0,0,119,67,64,39,16,89,4,3,154,4,11,134,21,4,54,12,4,18,4,7,10,2,1,2,0,150,40,240,31,141
3319191803,1503764701553,1195,9,2,1,2,0,0,1,0,131,14,4,60,11,4,98,4,12,67,7,4,25,3,4,0,0,0,1,0,19,157,53,51,238,240,4,12,222,7,4,64,4,11,117,4,3,90,14,4,4,0,0,1,0,103,134,157,105,29
3311784499,1503260201816,1383,9,1,1,1,0,0,1,0,113,12,4,157,4,14,254,4,11,136,7,4,14,3,4,6,0,0,3,0,154,43,90,79,31,19,11,4,4,7,4,266,12,4,267,14,4,40,4,3,1,0,0,0,0,31,117,67,150,84
3265704396,1500160969693,2541,9,2,1,1,2,2,1,0,10,4,3,134,4,7,3,4,12,421,4,11,133,4,7,4,0,0,3,0,42,105,122,202,236,154,4,11,267,4,3,150,12,4,69,6,4,81,7,4,8,1,1,1,0,24,141,157,238,29
3329128913,1504468159761,1234,9,2,2,2,2,0,2,0,38,12,4,53,4,3,245,4,11,75,12,4,15,4,7,0,0,0,0,0,122,90,497,157,117,96,7,4,64,4,11,86,4,12,238,14,4,40,3,4,10,2,0,2,0,122,141,5,19,29
3295945563,1502267658408,2718,9,1,2,2,2,1,2,1,111,4,3,62,4,14,121,4,11,101,4,12,81,4,7,9,1,1,1,1,105,78,154,164,31,19,11,4,412,3,4,103,4,14,17,4,12,119,4,7,7,2,2,4,0,67,141,143,53,134
3325735054,1504237783088,1772,9,2,2,2,2,2,2,0,69,1,4,497,4,3,113,4,11,41,4,12,21,7,4,0,0,0,0,0,245,40,96,18,133,27,6,12,57,4,11,7,4,1,412,14,4,222,7,4,10,2,1,3,0,29,24,119,516,40
3300417338,1502545283051,829,9,1,1,1,1,0,1,0,110,7,4,31,4,12,141,11,4,136,4,6,432,4,14,8,1,0,1,0,90,91,10,119,53,44,3,4,8,4,6,236,7,4,80,4,12,154,4,11,1,0,0,0,0,157,53,114,119,498
3328312747,1504444116394,2595,9,2,2,2,2,2,2,0,150,4,12,81,11,4,498,7,4,497,4,3,17,3,4,4,0,0,1,0,157,202,245,122,51,432,4,14,238,4,14,29,4,7,114,4,12,60,4,11,11,4,1,3,0,35,119,117,18,99
3328019465,1504409417900,1988,9,1,2,2,1,1,1,0,67,4,7,141,4,11,81,14,4,16,4,14,17,4,21,9,3,1,3,0,53,134,92,40,122,12,7,4,29,21,4,64,4,11,126,4,12,157,14,4,4,0,0,0,0,40,114,31,24,122
3317968336,1503682696615,1461,9,1,2,2,1,1,2,2,9,4,11,44,4,3,498,4,7,31,4,12,81,7,4,6,1,1,1,0,57,119,18,29,40,111,12,4,11,11,4,497,4,14,15,4,7,163,7,4,6,1,0,1,1,57,29,6,-1,157
3283494736,1501360182728,1469,9,2,1,2,2,0,2,2,61,4,6,96,4,1,117,4,7,29,11,4,104,4,12,1,0,0,0,0,38,238,113,31,79,10,12,4,126,3,4,497,14,4,57,11,4,15,7,4,9,1,0,2,1,31,20,121,40,119
3320915754,1503878529354,1974,9,2,2,2,0,0,2,0,53,3,4,68,12,4,421,4,11,127,12,4,498,7,4,2,0,0,0,0,18,157,102,516,119,60,11,4,21,7,4,238,14,4,240,4,12,412,3,4,6,0,0,2,0,86,516,64,9,119
3328208501,1504439586015,1658,9,1,1,1,1,2,1,0,117,3,4,18,7,4,90,4,6,427,4,11,59,4,12,11,3,0,1,0,35,114,498,31,29,136,3,4,516,3,4,157,12,4,56,4,11,67,7,4,4,0,1,2,0,238,45,40,119,154
3221510950,1497352145678,1721,9,2,1,1,2,2,2,0,41,12,4,154,11,4,112,4,14,40,3,4,119,4,7,3,0,0,1,0,51,134,238,157,64,117,4,3,29,7,4,75,12,4,59,11,4,90,4,6,8,2,1,1,0,114,64,157,131,122
3328227027,1504439721111,1323,9,1,2,1,0,0,1,2,131,4,14,111,3,4,254,11,4,420,4,12,498,4,7,6,0,0,2,0,238,1,141,157,23,67,7,4,40,3,4,99,4,3,68,12,4,14,11,4,0,0,0,0,1,238,51,75,119,105
3215514224,1496948751834,1771,9,1,1,1,1,0,1,0,35,14,11,114,12,4,497,4,3,498,4,7,45,4,3,11,3,0,1,0,58,122,63,64,412,17,4,7,33,11,4,27,12,6,30,3,4,41,3,4,1,0,0,0,0,164,157,238,154,105
3324193947,1504124173211,1562,9,2,1,2,2,2,2,2,33,11,4,41,12,4,201,3,4,119,4,7,245,4,12,2,0,0,0,0,7,432,34,29,40,120,11,6,1,4,14,22,7,4,92,4,12,4,4,6,10,3,1,2,1,40,53,57,117,29
3310990095,1503223527768,1112,9,1,1,1,1,0,1,1,222,4,7,103,4,14,5,11,4,80,4,14,37,4,14,10,2,0,2,1,412,31,18,40,238,11,11,4,16,4,3,34,14,4,111,4,12,15,4,7,1,0,0,0,0,40,119,33,29,38
3329318653,1504482049980,199,9,2,0,0,0,0,0,0,150,12,4,3,4,14,103,14,4,5,11,4,29,4,7,0,0,0,0,0,131,11,53,24,21,57,4,11,89,3,4,67,4,7,164,12,4,38,12,4,0,0,0,0,0,122,516,25,11,1
3329725963,1504537407818,1336,9,2,2,2,2,0,2,2,40,3,4,59,4,11,78,12,4,42,4,12,429,4,7,1,0,0,0,0,7,119,141,18,-1,15,4,7,113,11,4,497,14,4,92,4,12,163,4,7,10,2,0,2,1,122,29,33,31,238
3270406849,1500468884014,2171,9,2,1,2,2,2,2,0,266,4,12,16,4,14,38,14,4,21,4,7,64,11,4,1,0,0,0,0,53,141,119,23,31,48,12,4,222,4,7,104,11,4,4,14,4,37,4,14,8,1,1,3,0,134,51,157,119,122
3330520742,1504578933280,2210,9,1,2,2,1,1,1,0,90,14,4,119,7,4,43,3,4,24,12,4,141,11,4,11,3,1,2,0,53,8,122,16,154,61,11,4,18,4,7,77,4,11,497,14,4,117,12,4,3,0,0,1,0,57,31,69,154,40
3325930538,1504268795447,2442,9,2,2,2,2,2,2,0,40,4,3,238,4,14,12,4,12,11,11,4,222,4,7,3,0,0,0,0,117,61,75,412,122,6,12,4,161,4,7,121,11,4,267,3,4,18,7,4,11,3,1,5,0,497,63,50,69,150
3289226200,1501788583791,2162,9,2,1,1,1,2,1,0,432,4,14,4,4,14,110,7,4,141,4,11,45,4,14,10,1,0,1,0,238,89,31,122,154,69,4,14,67,4,7,24,4,12,57,4,11,53,3,4,8,1,1,1,0,154,11,31,157,223
3315440054,1503504182861,1233,9,1,1,1,1,0,1,1,1,4,3,86,4,12,29,7,4,89,3,4,107,11,4,10,2,0,2,1,25,6,38,238,105,55,14,4,516,12,4,111,4,3,22,4,7,79,11,4,0,0,0,0,0,16,57,122,40,157
3318269841,1503700248430,1747,9,2,1,2,2,2,2,1,150,4,12,266,11,4,222,7,4,105,4,14,412,4,3,0,0,0,0,1,57,119,238,103,31,3,4,12,15,4,7,58,12,4,121,11,4,40,3,4,8,2,1,4,0,157,18,141,114,35
3322836294,1504033233976,1484,9,1,1,2,1,1,2,1,121,4,11,122,12,4,105,14,4,117,4,3,119,4,7,10,2,1,1,1,24,113,31,67,134,99,21,4,429,4,7,40,4,3,92,12,4,254,4,11,1,0,0,1,0,498,19,57,7,67
3327490375,1504369667982,1508,9,1,1,1,1,0,1,0,16,3,4,86,4,14,81,7,4,99,21,4,64,11,4,10,2,0,1,0,154,61,53,157,141,30,4,3,79,4,12,121,4,11,67,7,4,201,3,4,1,0,0,0,0,238,117,17,31,18
3318258219,1503699630215,2854,9,2,1,1,2,2,2,0,516,4,11,161,4,21,157,12,4,25,4,14,22,4,7,4,0,0,1,0,105,11,55,122,53,498,4,7,497,3,4,6,12,4,57,11,4,163,4,7,11,3,1,3,0,63,91,53,141,202
3324216332,1504125082576,1942,9,1,2,2,1,1,2,1,102,11,4,37,3,4,1,4,14,202,7,4,2,12,14,11,3,1,3,1,103,157,121,498,53,92,12,4,21,4,7,432,3,4,38,4,14,19,4,11,3,0,0,1,0,119,53,238,157,24
3326740697,1504339334321,1348,9,2,2,2,2,2,2,0,117,4,3,79,11,4,18,4,7,43,4,12,17,4,12,0,0,0,0,0,53,31,412,113,29,497,3,4,498,7,4,45,12,4,121,4,11,3,4,12,10,2,1,1,0,38,16,119,141,427
3306574072,1502914277295,2123,9,1,2,1,1,1,1,0,267,3,4,33,4,11,103,14,4,236,7,4,17,4,12,11,4,1,4,0,117,57,40,105,31,16,3,4,157,4,12,115,4,21,119,7,4,35,11,14,2,0,0,0,0,57,238,67,31,18
3253980564,1499381614843,1882,9,1,2,1,1,0,2,1,240,12,4,8,12,4,29,11,4,412,4,3,21,7,4,8,1,0,2,1,117,157,238,114,498,1,3,4,24,11,4,67,4,7,86,11,4,134,4,6,3,0,0,1,0,105,119,498,51,114
3328615764,1504454338986,1378,9,1,2,1,1,0,1,1,38,12,4,18,4,7,53,3,4,11,6,11,74,4,12,7,1,0,2,1,141,121,238,117,122,57,12,4,77,11,4,268,14,4,497,4,3,67,7,4,0,0,0,1,0,236,91,79,119,80
3327229902,1504356341405,2079,9,2,2,2,2,0,2,0,32,11,4,101,6,4,14,3,4,21,7,4,99,21,4,3,0,0,0,0,33,75,105,31,18,89,4,3,222,7,4,79,11,4,96,6,4,164,4,12,9,2,0,2,0,238,157,18,57,40
3308354576,1503030548110,1214,9,2,2,2,2,0,2,2,79,4,11,117,4,14,67,4,7,92,12,4,38,12,4,0,0,0,0,0,119,29,53,82,90,24,12,4,254,11,4,4,12,4,18,7,4,16,3,4,8,1,0,2,1,119,57,91,40,157
3274378631,1500754756701,2279,9,2,2,2,2,2,2,2,24,12,4,67,4,7,268,4,3,14,11,4,412,4,3,5,0,0,1,0,122,134,141,157,154,9,11,4,75,4,12,202,7,4,119,4,7,3,3,4,10,3,1,3,1,420,107,53,154,238
3329428584,1504514351786,2024,9,2,2,2,2,2,2,2,59,4,11,497,4,3,15,7,4,4,4,14,58,12,4,3,0,0,0,0,117,38,92,18,40,202,4,7,122,4,12,105,14,4,12,4,3,64,4,11,11,5,2,4,1,31,39,38,92,40
3282840384,1501344340868,1790,9,1,1,1,1,0,1,0,18,4,7,99,4,3,141,4,11,6,4,12,103,14,4,11,3,0,2,0,150,51,134,497,35,161,3,4,10,4,11,222,7,4,412,3,4,157,12,4,1,0,0,0,0,31,53,64,67,61
3329588152,1504529307453,1848,9,1,1,1,1,0,2,0,79,4,14,254,4,11,164,12,4,516,4,3,22,7,4,9,1,0,1,0,23,119,157,114,75,37,3,4,18,7,4,421,11,4,99,4,21,57,12,4,2,0,0,2,0,238,157,150,21,53
3311608472,1503253682790,2048,9,2,2,1,0,0,2,0,96,4,7,254,4,11,164,12,4,127,4,14,25,3,4,2,0,0,0,0,31,134,60,51,38,98,4,12,120,6,11,202,7,4,61,4,14,45,3,4,3,0,0,3,0,238,119,18,157,122
3265050398,1500124472743,1597,9,1,2,1,1,1,1,2,245,4,12,38,12,4,67,4,7,117,4,3,104,4,11,9,2,1,1,0,119,238,498,122,29,202,7,4,1,14,4,141,11,4,497,14,4,86,4,14,5,0,0,2,1,126,114,412,76,27
3323030309,1504046042989,2301,9,2,1,1,1,2,1,1,119,4,7,33,4,6,64,11,4,412,3,4,61,4,21,8,1,0,2,1,154,51,117,238,141,40,3,4,516,11,4,18,4,7,112,7,4,92,4,14,10,2,1,2,0,497,114,141,238,154
3318379460,1503704062616,1688,9,2,2,2,2,0,1,0,38,4,14,498,7,4,58,12,4,57,3,4,516,11,4,1,0,0,1,0,122,55,157,40,22,412,4,3,110,7,4,268,4,7,113,4,11,86,14,4,8,2,0,0,0,105,84,67,31,55
3284618461,1501454736909,1472,9,2,2,2,2,0,2,2,141,4,11,267,4,3,34,4,14,58,12,4,81,4,7,1,0,0,0,0,61,154,119,53,31,27,12,6,29,4,7,11,4,11,38,4,12,117,3,4,10,2,0,1,1,40,238,6,79,31
3324149054,1504123068653,1708,9,2,2,2,2,0,2,2,516,12,4,223,3,4,29,4,7,61,21,4,64,4,11,0,0,0,0,0,16,26,19,238,157,53,14,4,8,4,6,254,4,11,67,4,7,50,12,4,10,4,0,2,1,238,101,92,40,6
3331131212,1504629766821,2141,9,1,1,1,1,2,1,2,117,3,4,236,7,4,120,6,11,103,14,4,27,12,4,10,1,0,4,0,55,141,40,28,11,16,7,4,9,11,4,99,4,21,54,12,4,222,4,7,1,0,1,0,1,75,18,67,238,40
3324999833,1504205121622,1514,9,2,2,2,2,2,2,0,238,11,4,34,4,21,67,4,7,1,4,14,6,12,4,1,0,0,0,0,122,11,40,19,81,126,12,4,141,4,11,222,4,7,201,4,3,69,6,4,10,2,1,2,0,18,31,29,64,157
3330832613,1504613260781,1888,9,2,2,2,0,2,1,0,81,4,3,117,7,4,96,4,1,157,12,4,62,11,4,4,0,0,2,0,61,11,432,497,31,267,3,4,150,4,12,79,4,11,238,4,14,202,7,4,7,0,1,1,0,516,40,113,412,107
3293377736,1502085713938,1336,9,1,1,1,1,0,1,0,119,7,4,106,4,11,40,3,4,157,4,14,86,12,4,9,1,0,1,0,105,51,89,53,23,81,7,4,91,4,14,412,3,4,31,12,4,32,4,11,0,0,0,0,0,238,42,51,103,122
3316947911,1503594946435,2529,9,2,2,1,2,1,1,0,143,3,4,84,14,4,31,11,4,15,7,4,240,12,4,5,0,1,2,0,53,114,85,64,131,141,11,4,37,3,4,516,12,4,18,7,4,91,14,4,11,3,0,2,0,119,75,157,238,53
3321230424,1503929705659,1589,9,2,1,2,2,2,2,2,92,4,12,222,4,7,236,4,1,29,4,11,412,4,14,0,0,0,0,0,498,55,31,40,119,8,14,4,202,4,7,34,4,14,421,11,4,79,12,4,11,4,1,2,1,18,141,38,117,67
3327299797,1504358814425,1311,9,1,2,1,0,0,1,1,3,4,12,15,21,4,40,7,4,102,11,4,62,12,4,5,0,0,2,1,122,157,67,141,53,427,4,11,22,4,7,133,4,14,432,3,4,105,14,4,1,0,0,0,0,83,84,64,157,53
3307323394,1502984377744,2373,9,1,2,2,2,2,2,2,268,12,4,150,4,12,107,11,4,16,3,4,18,4,7,10,2,0,1,0,113,11,164,31,114,161,4,7,122,4,12,203,11,4,110,7,4,53,4,14,8,4,2,3,1,238,40,37,31,412
3327414628,1504362951518,1939,9,1,1,1,1,1,1,0,98,12,4,21,7,4,12,3,4,102,4,11,131,4,14,10,3,1,3,0,238,29,59,23,40,33,11,4,1,14,4,67,4,7,53,14,4,75,4,12,2,0,0,0,0,119,90,31,122,238
3323689498,1504105851612,2327,9,2,1,2,2,2,2,0,16,3,4,67,7,4,64,4,11,90,4,21,24,12,4,3,0,0,0,0,59,245,114,117,31,27,6,12,103,14,4,107,4,11,222,4,7,412,3,4,10,3,1,4,0,79,131,157,154,122
3325496343,1504212488938,1610,9,2,2,1,2,0,2,0,111,4,3,51,4,7,113,11,4,80,4,12,105,14,4,1,0,0,0,0,497,107,22,67,90,222,4,7,16,3,4,24,11,4,103,4,14,98,4,12,8,1,0,2,0,53,102,141,31,18
3321617141,1503951243364,1777,9,1,1,2,1,0,1,1,163,4,14,412,4,3,79,11,4,516,4,12,67,4,7,7,1,0,2,1,38,40,114,24,119,8,4,12,18,7,4,59,11,4,90,14,4,497,4,14,2,0,0,1,0,157,31,7,119,29
3255713187,1499522406502,1714,9,2,1,1,2,2,2,0,3,12,4,236,7,4,421,4,11,30,4,12,40,3,4,2,0,0,0,0,154,61,38,51,119,84,14,4,56,11,4,22,7,4,117,4,3,8,14,4,11,3,1,3,0,121,80,29,19,412
3322023322,1503963939075,1722,9,1,2,2,1,1,2,2,67,4,21,92,4,12,154,4,11,91,14,4,267,7,4,7,1,2,1,0,40,141,117,34,18,238,14,4,412,4,14,6,4,12,202,4,7,19,4,11,5,0,0,2,1,40,35,516,157,18
3324461399,1504156227553,1733,9,1,1,1,1,1,1,1,25,4,3,24,12,4,29,11,4,18,4,7,103,4,14,10,2,1,3,1,238,141,33,5,53,112,4,21,22,7,4,412,14,4,11,11,4,80,4,12,0,0,0,0,0,75,119,64,40,84
3327892677,1504390757217,2366,9,1,2,1,1,0,1,1,222,7,4,421,11,4,133,4,12,99,4,21,44,4,14,9,2,0,3,1,6,53,22,114,11,143,4,3,63,4,14,121,4,11,236,4,7,39,4,12,2,0,0,1,0,51,31,67,75,157
3275579628,1500833216534,1377,9,2,1,2,0,0,2,0,9,4,14,119,4,11,26,4,7,14,4,12,238,4,14,1,0,0,0,0,122,91,23,117,29,59,4,12,4,7,4,102,4,11,136,4,21,53,4,3,5,0,0,2,0,141,51,91,157,134
3324211274,1504123795579,2159,9,1,1,1,1,0,2,0,16,3,4,103,4,14,157,12,4,104,4,7,59,4,14,7,1,0,1,0,51,238,17,25,64,107,4,11,8,12,4,18,4,7,412,3,4,101,3,4,4,0,0,1,0,238,1,29,53,56
3280524473,1501166762604,1233,9,2,2,2,0,0,2,0,141,12,4,498,7,4,38,14,4,120,11,4,154,3,4,0,0,0,0,0,7,35,420,51,53,17,4,12,24,11,4,26,3,4,15,4,7,157,4,14,4,0,0,1,0,86,245,6,64,119
3309243357,1503093200805,1244,9,1,2,1,1,0,1,1,68,4,12,157,4,3,15,7,4,1,14,4,141,4,11,10,2,0,1,1,19,154,11,31,18,69,4,3,29,4,7,40,4,14,24,4,12,60,11,4,0,0,0,0,0,119,117,238,143,63
3308611145,1503060502017,1848,9,1,1,1,1,1,1,2,141,4,11,55,14,4,222,4,7,117,3,4,24,4,12,9,1,1,3,0,105,31,29,114,157,84,14,4,497,4,14,238,14,4,18,4,7,33,4,11,2,0,0,0,1,114,8,157,19,75
3308800466,1503069763039,1804,9,2,2,2,2,2,2,2,131,12,4,11,4,11,202,4,7,75,4,12,497,4,3,0,0,0,0,0,134,17,40,53,119,412,4,3,222,7,4,43,4,21,150,4,12,120,11,6,10,2,1,3,1,105,25,164,29,6
3315423082,1503501138032,1411,9,1,1,1,1,1,1,0,81,7,4,201,4,3,141,4,11,245,12,4,122,6,4,11,3,1,3,0,90,40,154,117,18,3,4,12,236,4,7,267,4,3,2,11,6,103,4,14,0,0,0,0,0,238,516,84,154,121
3327864637,1504388416390,1543,9,2,1,2,2,2,2,2,22,7,4,89,4,3,64,4,11,84,14,4,245,12,4,1,0,0,0,0,18,238,157,6,11,412,4,14,236,7,4,102,4,11,90,21,4,57,12,4,10,2,1,3,1,238,18,122,23,75
3228813220,1497797278306,1811,9,1,1,1,1,0,2,2,14,14,4,222,4,7,432,4,3,121,11,4,157,4,14,10,2,0,0,0,55,11,122,51,238,53,4,3,76,11,4,78,12,4,202,4,14,103,4,14,0,0,0,2,1,64,34,91,131,11
3252838074,1499309284926,2322,9,1,1,1,1,1,2,0,51,7,4,53,4,3,150,4,12,245,4,12,32,4,11,9,3,2,2,0,16,55,114,11,157,79,4,11,122,4,12,7,14,4,412,3,4,29,4,7,3,0,0,2,0,119,154,61,157,114
3313693478,1503402668413,1951,9,2,2,2,2,2,2,2,32,11,4,16,3,4,21,7,4,157,12,4,45,4,21,1,0,0,1,0,64,31,103,18,40,6,12,4,53,14,4,15,7,4,25,4,14,9,4,11,10,2,1,3,1,154,23,40,75,55
3314206856,1503430496530,1403,9,1,1,1,0,0,1,1,122,4,12,40,3,4,141,4,11,34,4,12,222,4,7,6,0,0,2,1,45,53,86,75,51,36,7,4,154,11,4,67,7,4,201,4,3,103,4,12,1,0,0,0,0,18,157,38,238,23
3329540161,1504526359309,1492,9,1,2,1,1,0,2,1,59,4,12,134,14,4,79,4,11,44,3,4,429,4,7,9,1,0,2,1,18,64,141,31,23,81,4,7,38,4,21,48,4,12,117,3,4,33,4,11,4,0,0,1,0,40,113,238,67,60
3328293738,1504443981348,2528,9,1,2,2,2,2,2,2,141,11,4,45,12,4,17,4,12,37,3,4,29,7,4,11,3,1,1,0,40,122,238,18,114,96,4,7,16,4,3,103,4,14,11,11,6,420,12,4,6,1,2,4,1,117,157,102,27,122
3319347071,1503776277217,2781,9,1,1,2,1,2,2,0,103,14,4,113,4,11,105,12,4,498,7,4,497,14,4,9,3,0,2,0,122,154,51,157,114,78,4,12,516,11,4,89,14,4,79,4,14,202,7,4,10,2,1,2,0,238,122,42,34,119
3258806256,1499719915946,1536,9,1,1,1,1,0,1,0,90,7,4,14,11,4,61,4,14,92,14,4,18,4,7,9,1,0,1,0,114,35,154,23,498,122,4,12,51,4,7,89,4,14,113,4,11,105,14,4,1,0,0,1,0,7,24,19,498,53
3326289156,1504292001124,2064,9,2,2,1,2,2,1,1,53,4,14,21,4,7,141,11,4,38,14,4,48,4,12,3,0,0,2,1,62,117,516,18,238,122,12,4,84,12,4,113,4,11,412,3,4,15,4,7,10,2,2,0,0,114,31,40,67,29
3326395230,1504296206325,2002,9,1,2,1,1,1,2,0,8,12,4,113,4,11,516,4,12,43,4,14,18,4,7,10,2,1,1,0,429,40,29,141,114,99,4,12,59,4,11,25,4,3,6,4,12,133,7,4,3,0,0,1,0,40,16,75,157,238
3321143436,1503920662835,2682,9,1,2,1,2,2,2,2,16,3,4,107,14,4,119,4,7,101,4,21,120,4,11,9,1,0,2,0,75,28,103,29,157,69,1,4,40,4,3,92,4,12,64,11,4,22,7,4,9,3,2,3,1,31,53,154,32,18
3320933840,1503877759519,2150,9,2,2,1,1,1,1,0,134,3,4,18,4,7,89,14,4,114,4,12,56,11,4,8,2,1,1,0,11,516,57,90,157,236,14,4,267,3,4,222,4,7,427,11,4,10,4,12,7,1,1,2,0,119,57,24,31,75
3330779731,1504612161386,2017,9,2,1,2,2,2,2,0,203,4,12,103,14,4,25,14,4,121,4,11,51,4,7,2,0,0,0,0,119,105,157,74,238,80,4,12,161,21,4,412,3,4,202,4,7,60,4,11,11,3,2,3,0,119,24,238,11,157
3258635723,1499711800955,2020,9,1,1,1,1,0,1,0,53,4,3,4,11,4,18,7,4,31,12,4,99,4,21,7,1,0,2,0,114,105,103,157,51,24,12,4,238,4,14,412,14,4,79,11,4,67,4,7,2,0,0,0,0,134,51,420,19,122
3287376202,1501660906440,212,9,2,1,0,0,0,0,0,43,4,3,64,11,4,222,4,14,266,4,12,90,4,21,0,0,0,0,0,103,157,154,141,122,238,4,14,92,4,12,21,4,7,150,11,4,40,4,3,0,0,0,0,0,75,58,498,61,157
3331035533,1504625080073,2295,9,2,1,2,2,1,2,0,69,3,4,432,4,3,121,4,11,58,4,12,429,4,7,5,0,1,1,0,33,238,31,8,40,67,4,7,134,4,21,74,12,4,113,4,11,516,3,4,10,2,0,3,0,119,3,114,157,141
3244388679,1498752056307,1143,9,2,1,2,0,0,2,2,134,4,3,15,7,4,17,4,12,421,4,11,53,14,4,0,0,0,0,0,154,7,38,29,114,40,4,3,238,14,4,3,12,4,81,4,7,121,4,11,5,0,0,2,1,154,427,60,412,236
3308722780,1503066411416,1673,9,1,1,1,1,1,1,0,29,4,7,64,11,4,99,4,21,68,12,4,12,4,14,10,1,1,2,0,31,154,238,141,90,37,4,3,1,4,14,56,11,4,21,4,7,23,4,12,5,0,0,0,0,117,141,38,16,40
3327093268,1504350956817,1741,9,2,2,2,2,0,1,0,18,4,7,99,4,21,72,4,11,240,4,12,16,4,3,0,0,0,1,0,119,157,11,12,23,238,14,4,67,4,7,203,11,4,516,12,4,412,14,4,10,3,0,2,0,40,157,75,25,154
3331019275,1504625847716,2805,9,2,1,2,2,2,1,0,45,4,6,223,4,3,81,7,4,31,12,4,141,11,4,3,0,0,1,0,238,79,163,516,23,92,4,12,105,4,14,498,7,4,57,11,4,412,14,4,10,2,1,2,0,6,134,90,53,40
3328143151,1504434214533,2850,9,2,1,1,1,1,1,1,25,14,4,15,7,4,114,4,12,134,14,4,104,4,11,8,4,1,4,1,119,31,105,122,-1,41,4,3,432,3,4,29,7,4,113,11,4,164,12,4,7,1,2,1,0,18,157,40,8,117
3315666970,1503515500029,1607,9,1,1,2,1,1,1,0,22,4,7,86,12,4,1,14,4,11,4,11,16,3,4,10,2,1,2,0,51,157,119,64,122,131,4,12,516,12,4,57,11,4,498,4,7,497,4,3,1,0,0,0,0,64,238,53,134,222
3313691810,1503401593401,2314,9,1,1,2,1,1,1,0,83,12,4,79,11,4,412,14,4,236,4,7,238,4,14,11,4,2,2,0,117,61,25,122,157,245,14,4,21,4,7,24,11,4,43,4,3,17,14,4,3,0,0,2,0,76,68,119,40,48
3319811327,1503831934821,1749,9,2,2,1,2,2,2,1,164,12,4,19,4,11,498,4,7,161,12,4,37,3,4,3,0,0,0,1,119,141,497,121,157,412,4,14,150,4,12,96,4,7,8,4,14,76,4,11,9,2,1,3,0,117,31,154,40,29
3331506300,1504653510627,1639,9,1,2,2,1,1,1,0,96,4,7,16,3,4,59,4,11,61,1,4,133,14,4,6,2,1,2,0,8,18,29,31,38,157,4,12,40,4,3,110,4,7,60,4,11,54,4,12,4,0,0,1,0,39,24,412,154,113
3290535338,1501877897643,1752,9,1,2,1,1,0,1,2,64,4,11,115,7,4,92,4,12,1,4,3,163,14,4,10,3,0,3,0,31,53,5,238,58,61,4,14,22,4,7,40,3,4,35,4,11,80,14,4,1,0,0,0,1,122,238,141,21,57
3326149239,1504283167263,1551,9,1,1,1,1,1,1,0,19,4,11,222,7,4,48,12,4,267,4,3,103,4,14,11,3,1,2,0,131,31,29,119,90,236,7,4,25,4,3,154,4,11,58,12,4,67,7,4,1,0,0,0,0,53,6,18,122,40
3320567254,1503856723723,1898,9,1,1,1,1,1,2,0,99,4,21,18,7,4,57,4,12,120,6,11,12,4,14,7,1,1,1,0,117,40,222,75,11,64,12,4,111,3,4,34,4,12,22,4,7,141,4,11,3,0,0,3,0,157,59,24,238,53
3330081688,1504554604187,1739,9,1,2,1,1,0,1,0,236,7,4,54,4,14,53,3,4,163,4,14,79,4,11,11,5,0,2,0,40,12,18,6,117,69,4,6,126,12,4,67,7,4,64,4,11,267,4,3,0,0,0,0,0,82,39,18,29,117
3320861587,1503871866922,2102,9,2,2,2,2,2,2,2,9,4,11,498,7,4,26,14,4,90,14,4,240,4,12,3,0,0,1,0,7,-1,164,51,-1,157,12,4,119,7,4,42,12,4,57,11,4,16,3,4,9,1,2,2,1,113,29,31,24,105
3275460488,1500824472712,2068,9,1,2,1,1,1,2,0,412,4,3,202,4,7,203,11,4,86,4,12,161,21,4,9,2,1,1,0,59,154,23,141,8,40,3,4,82,4,14,119,7,4,7,14,4,11,11,4,2,0,0,2,0,157,45,67,51,31
3290831630,1501904799829,1444,9,2,2,1,0,0,2,2,9,11,14,67,7,4,68,4,12,117,14,4,61,4,21,2,0,0,0,0,105,18,6,31,51,29,4,7,99,21,4,1,12,4,40,3,4,64,4,11,4,0,0,2,1,6,3,114,122,238
3323639208,1504105332145,2206,9,1,2,2,1,0,1,0,90,4,14,29,4,7,98,4,12,16,3,4,28,4,11,8,1,0,3,0,53,238,412,37,157,131,4,14,11,6,11,81,14,4,44,4,3,41,12,4,4,0,0,0,0,122,91,33,412,498
3313357016,1503355116720,1437,9,1,1,1,1,0,1,0,18,12,6,64,4,11,412,14,4,92,12,4,67,4,7,9,3,0,3,0,119,86,53,84,238,44,3,4,202,4,7,105,4,14,498,4,12,154,4,11,1,0,0,0,0,51,13,28,22,91
3321556646,1503948391144,2225,9,1,1,1,2,1,2,2,50,4,12,55,4,14,429,4,1,412,14,4,59,4,11,8,2,2,0,0,40,119,18,117,150,103,14,4,22,4,7,91,4,14,16,4,3,24,4,11,7,2,0,4,1,7,40,29,117,497
3286883371,1501608225360,1669,9,1,2,1,1,0,2,0,22,7,4,91,14,4,150,4,12,154,11,4,53,4,14,10,2,0,2,0,122,105,238,141,157,64,11,4,134,14,4,41,12,4,16,3,4,67,7,4,1,0,0,1,0,31,119,157,6,-1
3331444449,1504647755614,1301,9,1,1,1,0,0,1,0,412,4,3,429,7,4,61,4,7,33,4,11,114,4,12,4,0,0,2,0,238,154,31,59,40,99,4,14,119,4,7,497,14,4,106,12,4,516,4,11,0,0,0,0,0,498,238,105,141,55
3223701733,1497491500616,1264,9,2,2,2,0,0,1,0,18,7,4,78,3,4,2,4,11,90,4,14,17,4,12,1,0,0,1,0,110,157,7,122,119,23,6,14,25,3,4,1,21,4,64,4,11,51,7,4,3,0,0,1,0,122,63,61,157,105
3324466144,1504166551845,2803,9,2,1,1,1,2,1,1,6,4,12,18,4,7,103,4,14,5,11,4,89,4,14,7,2,0,4,1,497,412,131,122,157,105,14,4,141,4,11,29,4,7,16,4,7,75,4,12,7,2,1,1,0,245,92,90,40,11
3315754199,1503518279752,1551,9,2,2,2,2,0,2,0,68,4,12,498,4,7,154,4,11,89,3,4,157,4,14,0,0,0,0,0,105,516,122,113,238,7,14,4,29,4,7,16,3,4,141,11,4,150,12,4,7,1,0,2,0,412,40,23,20,134
3331329376,1504642955056,1486,9,1,1,1,1,1,1,0,41,12,4,15,7,4,102,11,4,127,4,14,89,3,4,11,2,1,3,0,122,157,53,141,31,29,11,4,412,4,3,4,1,4,59,4,12,18,4,7,0,0,0,0,0,67,31,238,157,40
3331388119,1504645582038,1929,9,1,1,2,1,1,1,2,79,4,11,29,7,4,412,3,4,103,14,4,92,4,12,4,1,1,3,0,40,38,122,31,57,24,4,11,498,4,7,245,4,12,14,4,12,89,3,4,2,0,0,0,1,516,141,25,38,18
3324144324,1504121847835,1183,9,1,1,1,0,0,1,1,75,6,12,96,4,7,19,11,4,412,4,14,84,4,14,4,0,0,1,1,122,25,157,53,141,103,4,14,267,4,3,67,7,4,33,4,11,126,12,4,0,0,0,0,0,516,64,53,69,141
3240569789,1498528033273,1420,9,2,1,1,2,2,2,1,29,7,4,40,3,4,76,4,11,98,12,4,42,3,4,3,0,0,1,1,201,154,35,119,51,80,4,14,16,3,4,429,7,4,20,11,4,103,4,14,11,3,1,2,0,51,119,121,114,157
3328074253,1504423262126,197,9,1,0,0,0,0,0,0,29,7,4,99,6,4,11,4,11,117,3,4,150,12,4,0,0,0,0,0,45,53,105,122,157,31,12,4,223,3,4,1,4,21,19,4,11,67,7,4,0,0,0,0,0,86,420,23,238,53
3232048213,1497983167706,1828,9,1,2,1,1,1,1,1,80,4,12,201,4,3,245,4,14,5,4,11,67,4,7,8,1,1,3,1,154,11,157,84,103,75,4,12,222,7,4,54,11,4,61,14,4,40,4,3,2,0,0,0,0,114,420,29,157,84
3311674699,1503255959922,1667,9,1,2,1,1,0,2,1,41,4,12,103,4,14,110,7,4,12,3,4,113,4,11,10,2,0,0,1,122,105,18,119,31,236,4,7,34,4,14,64,11,4,75,4,12,53,4,14,2,0,0,2,0,117,114,31,61,57
3319564121,1503788050471,1464,9,2,1,2,2,0,2,2,223,4,3,516,12,4,202,4,7,99,21,4,24,4,11,0,0,0,0,0,67,18,238,157,19,143,4,3,164,4,12,11,11,4,22,7,4,245,4,1,8,1,0,2,1,105,114,40,55,51
3322171932,1503970749012,1371,9,1,1,1,1,0,1,1,99,4,3,5,11,4,14,12,4,22,7,4,112,4,12,11,3,0,3,1,31,238,92,40,119,36,4,12,64,11,4,236,4,7,201,4,3,245,12,4,1,0,0,0,0,119,113,29,96,53
3300905211,1502567082827,191,9,1,2,0,0,0,0,0,67,4,7,92,4,12,245,12,4,79,4,11,40,3,4,0,0,0,0,0,202,114,57,75,157,412,4,3,18,4,7,107,4,11,20,1,6,34,14,4,0,0,0,0,0,154,121,31,69,119
3329821854,1504541730296,978,9,2,2,2,0,0,2,2,33,4,11,86,4,12,37,3,4,516,4,12,18,4,7,0,0,0,0,0,119,29,90,58,157,67,4,7,77,6,11,74,7,4,12,3,4,11,4,12,2,0,0,1,1,157,110,114,53,245
3330064538,1504555180861,1559,9,2,2,1,2,2,2,1,16,3,4,90,7,4,57,12,4,222,7,4,121,11,4,2,0,0,0,1,238,55,31,53,3,15,4,7,157,4,14,45,3,4,59,11,4,5,4,12,11,2,1,1,0,79,-1,6,64,67
3251545252,1499202266581,1259,9,2,2,2,0,0,2,0,6,12,4,111,3,4,154,11,4,99,21,4,119,7,4,1,0,0,0,0,157,90,23,122,117,53,3,4,32,11,4,24,12,4,81,7,4,30,12,4,6,0,0,1,0,64,134,51,157,38
3251845020,1499245520270,1917,9,2,2,2,2,0,1,2,18,4,7,32,4,11,114,4,3,84,4,14,40,3,4,3,0,0,1,0,119,60,24,37,122,157,12,4,236,7,4,412,4,3,7,14,4,104,4,11,9,2,0,2,1,58,85,54,103,119
3316324912,1503580931081,1952,9,1,2,1,1,1,2,0,51,7,4,117,4,3,38,12,4,29,4,11,80,4,14,11,3,1,0,0,157,40,141,16,59,150,4,12,101,21,4,18,4,7,36,4,11,44,3,4,3,0,0,2,0,113,60,31,40,33
3296597420,1502311918715,2257,9,1,2,2,1,1,2,0,222,4,7,63,4,14,421,11,4,150,4,12,117,4,3,9,2,1,1,0,105,29,57,238,141,51,4,7,59,4,12,40,3,4,64,4,11,268,14,4,6,0,1,2,0,157,31,412,57,29
3329141999,1504468458502,2314,9,2,2,2,2,1,2,0,432,4,14,11,4,12,516,11,4,131,7,4,202,7,4,4,0,1,2,0,84,28,31,119,141,91,14,4,44,14,4,67,7,4,106,11,4,412,14,4,7,2,0,2,0,133,53,238,150,122
3317094881,1503601792120,1612,9,1,1,1,1,2,2,2,497,4,14,498,4,7,39,12,4,141,11,4,61,4,7,7,1,0,1,0,96,38,117,29,31,57,4,11,63,4,14,10,4,12,157,14,4,15,4,7,5,0,1,1,1,8,18,11,29,40
3323000305,1504042564235,2516,9,1,2,2,1,1,1,0,55,4,14,202,7,4,32,4,14,59,11,4,23,12,4,11,3,2,3,0,238,89,29,245,103,99,4,7,53,4,7,25,4,14,75,12,4,45,4,14,4,0,0,0,0,103,122,150,67,89
3326576685,1504308365884,2710,9,2,1,1,1,2,1,1,121,4,14,498,4,7,60,11,4,497,4,14,79,4,14,5,3,0,2,1,122,11,126,516,53,23,12,4,110,4,7,141,4,11,69,4,7,117,3,4,10,1,3,3,0,84,67,238,8,-1
3312047176,1503284058535,2079,9,2,2,2,2,1,2,0,16,4,3,10,4,12,222,4,7,61,4,14,57,4,11,3,0,1,1,0,29,67,40,38,-1,127,4,14,121,4,11,96,4,7,117,14,4,150,4,12,6,1,0,3,0,29,8,40,53,19
3265279258,1500136353191,1695,9,1,2,1,1,1,1,0,222,4,7,3,4,12,59,11,4,238,4,14,25,14,4,7,1,1,2,0,105,119,157,23,126,9,14,4,412,4,14,51,4,7,68,4,12,141,4,11,2,0,0,0,0,117,122,240,114,154
3222216713,1497387324442,1215,9,1,2,1,0,0,1,0,157,4,14,43,4,14,32,4,11,245,4,12,81,4,7,4,0,0,1,0,498,122,114,21,240,412,4,3,64,4,11,51,7,4,111,4,12,34,4,3,0,0,0,0,0,134,154,119,122,67
3327495487,1504368556168,976,9,1,1,0,0,0,1,0,45,14,4,29,11,4,51,4,7,54,4,12,516,4,14,0,0,0,1,0,61,157,122,23,6,105,4,14,77,11,4,86,4,12,25,14,4,67,4,7,0,0,0,0,0,53,412,75,23,11
3325735861,1504241392237,1398,9,1,1,1,1,1,1,1,19,11,4,238,4,7,23,12,14,21,7,4,161,4,3,11,4,1,2,1,6,18,412,53,157,117,3,4,202,7,4,90,4,14,75,12,4,64,4,11,0,0,0,0,0,29,141,122,267,18
3322625116,1504020929797,2229,9,1,1,2,2,1,1,0,102,4,11,1,4,14,222,4,7,89,4,3,92,4,12,9,1,2,3,0,497,114,157,119,238,75,4,12,131,11,4,40,4,3,90,12,4,22,4,7,7,1,0,0,0,5,516,157,18,498
3330369086,1504575864480,1489,9,1,1,1,1,0,1,1,61,4,21,497,3,4,236,7,4,516,4,12,107,4,11,11,3,0,2,1,53,-1,117,122,67,121,4,11,22,4,7,86,4,12,34,4,12,40,3,4,0,0,0,0,0,90,240,141,51,24
3310619993,1503176888208,1620,9,1,1,1,0,0,1,0,245,14,4,86,14,4,202,4,7,16,4,3,64,4,11,8,0,0,2,0,429,89,40,17,99,104,12,4,141,11,4,37,3,4,222,7,4,45,12,4,0,0,0,0,0,122,412,11,34,420
3330081074,1504554461245,1920,9,2,2,1,2,2,2,0,45,4,21,58,12,4,51,7,4,25,14,4,59,4,11,5,0,0,1,0,141,238,119,150,53,23,12,4,57,11,4,61,4,1,412,4,14,429,4,7,8,1,1,1,0,96,114,31,3,40
3329333076,1504479307711,1698,9,1,1,1,1,0,1,0,7,4,3,157,4,12,17,4,11,98,4,12,498,7,4,11,2,0,2,0,99,51,122,11,29,21,7,4,5,4,12,134,4,14,79,4,11,516,4,3,1,0,0,0,0,141,89,75,53,19
3323869503,1504108633507,1726,9,2,2,2,2,0,2,0,55,4,14,14,4,14,19,4,11,119,4,7,40,3,4,0,0,0,0,0,202,31,154,53,122,412,3,4,236,4,7,5,4,11,41,4,12,245,4,14,11,3,0,2,0,90,516,57,24,497
3323315693,1504094620212,1689,9,2,1,2,2,2,2,2,3,4,14,11,4,11,202,7,4,98,12,4,69,4,6,1,0,0,0,0,31,29,82,117,40,412,4,3,13,4,12,131,4,12,79,11,4,119,7,4,8,1,1,3,1,238,23,516,134,154
3328301558,1504443634705,2264,9,1,1,2,1,1,1,1,119,4,7,157,14,4,113,4,11,12,14,4,150,4,12,10,3,2,4,1,31,41,40,16,84,8,4,12,26,4,14,18,4,7,11,4,11,101,4,21,4,0,0,0,0,105,39,31,40,117
3272806698,1500649868979,1610,9,1,1,1,1,0,1,0,498,4,7,62,4,12,412,4,3,203,4,11,4,4,3,8,1,0,3,0,57,64,31,154,7,40,4,3,131,4,12,141,11,4,67,4,7,429,4,7,2,0,0,0,0,31,154,238,28,201
3277232246,1500938537877,2075,9,2,2,1,2,2,2,0,25,14,4,92,12,4,119,7,4,62,11,4,112,4,6,4,0,0,0,0,122,154,238,64,141,202,7,4,36,11,4,89,3,4,157,14,4,10,4,12,11,3,2,4,0,141,61,238,122,498
3228952816,1497803742893,2199,9,2,2,2,2,1,1,1,39,4,12,111,4,3,9,4,14,72,11,4,222,4,7,3,0,1,2,1,122,157,154,67,8,18,7,4,121,4,11,58,12,4,99,4,3,4,4,14,10,1,0,2,0,16,84,61,122,64
3298805294,1502464399982,1760,9,1,1,1,1,0,2,0,107,11,4,6,12,4,45,12,4,37,4,3,86,4,7,9,1,0,2,0,53,23,131,141,40,245,4,12,238,4,14,18,4,7,412,4,3,9,11,4,1,0,0,1,0,15,75,40,38,8
3313797933,1503410246091,1573,9,2,1,1,2,0,2,2,86,4,14,35,11,14,22,4,7,43,4,3,131,12,4,2,0,0,0,0,134,11,114,25,99,89,3,4,498,7,4,141,4,11,61,21,4,122,12,4,7,1,0,2,1,18,119,236,31,79
3317890513,1503677101119,1247,9,1,1,1,0,0,1,0,17,4,14,67,4,7,141,11,4,61,21,4,44,14,4,5,0,0,2,0,64,117,103,238,119,110,7,4,412,4,14,41,12,4,516,12,4,29,11,4,0,0,0,0,0,53,238,18,105,40
3321530499,1503944340316,1672,9,2,2,2,2,0,2,0,53,3,4,141,4,11,83,12,4,15,7,4,45,14,4,0,0,0,0,0,90,238,122,497,18,86,12,4,29,4,11,222,4,7,245,21,4,412,4,3,11,3,0,2,0,67,516,31,25,122
3246797296,1498919098228,1982,9,1,1,2,1,1,1,2,61,6,4,202,4,7,68,12,4,120,6,11,432,14,4,8,1,2,2,0,119,114,154,8,117,497,4,14,41,4,3,122,4,12,427,11,4,429,4,7,3,0,0,1,1,20,157,38,114,119
3330212905,1504563397601,1558,9,2,1,2,2,0,2,1,25,3,4,80,4,11,240,4,14,245,4,14,18,7,4,3,0,0,0,1,99,119,53,157,238,81,7,4,3,3,4,141,4,11,131,4,12,420,12,4,11,3,0,2,0,119,238,122,157,75
3282072949,1501267654089,1913,9,2,1,1,2,2,1,0,40,4,3,18,4,7,157,12,4,76,4,11,69,14,4,3,0,0,1,0,119,121,38,31,24,79,11,4,29,4,7,75,12,4,43,4,3,412,4,14,10,2,1,2,0,57,141,51,31,105
3283764606,1501399756471,1011,9,2,1,2,0,0,0,0,143,4,14,24,12,6,15,4,7,106,4,11,163,14,4,0,0,0,0,0,31,67,11,121,122,51,4,7,39,12,4,43,3,4,64,4,11,1,4,14,1,0,0,0,0,121,69,238,114,53
3326189976,1504286258746,1773,9,1,1,1,1,0,1,0,37,3,4,3,14,4,41,12,4,498,7,4,121,11,4,10,2,0,3,0,53,157,79,11,122,2,12,4,99,4,14,119,4,7,497,4,3,131,11,4,2,0,0,0,0,23,122,103,11,24
3329922056,1504547092021,2103,9,2,2,2,2,0,2,0,81,4,7,25,3,4,45,4,7,23,12,4,78,11,4,5,0,0,0,0,238,18,16,21,40,119,7,4,103,14,4,497,4,12,164,4,12,141,4,11,11,3,0,2,0,157,105,75,31,117
3222976129,1497441712027,2005,9,1,2,2,1,1,1,2,51,7,4,54,11,4,24,4,12,497,4,3,91,4,3,10,3,1,3,0,498,134,236,17,114,37,3,4,238,14,4,18,7,4,23,12,4,3,4,11,2,0,0,0,1,11,157,68,236,114
3309721726,1503146556258,1956,9,2,1,2,2,1,2,1,117,4,3,18,4,7,4,11,4,67,4,12,43,14,4,4,0,1,1,1,31,122,53,40,412,136,4,6,432,4,14,202,7,4,113,11,4,240,12,4,10,2,1,2,0,31,157,90,16,40
3327552083,1504370456755,995,9,2,2,2,0,0,2,0,59,11,4,75,4,12,29,7,4,516,3,4,99,21,4,0,0,0,0,0,23,17,19,238,67,18,4,7,53,4,3,163,4,14,24,12,4,121,11,4,5,0,0,1,0,157,119,117,122,40
3306198599,1502898396724,1825,9,2,2,1,2,2,2,0,25,3,4,43,12,4,11,4,11,18,7,4,103,14,4,2,0,0,0,0,157,236,31,117,122,33,4,11,115,4,6,86,12,4,51,4,7,143,3,4,10,1,1,2,0,38,421,29,157,238
3304317786,1502794071286,1931,9,2,2,2,2,0,2,0,412,3,4,45,12,4,126,12,4,67,4,7,64,4,11,0,0,0,0,0,41,157,7,119,105,82,4,12,432,3,4,55,14,4,79,4,11,51,7,4,11,2,0,2,0,122,84,202,53,31
3268929896,1500394312663,2438,9,2,2,1,2,2,2,2,161,3,4,157,12,4,113,3,4,107,4,11,236,7,4,4,0,0,0,0,57,238,82,7,31,91,14,4,80,12,4,202,7,4,25,4,3,5,11,4,11,3,1,5,1,122,141,121,497,29
3330868415,1504616421620,2179,9,2,2,1,1,1,1,1,31,4,11,163,7,4,497,4,3,236,7,4,67,4,7,7,4,2,3,1,75,412,117,114,40,58,4,12,222,4,7,201,4,3,10,7,4,29,11,4,11,4,0,1,0,40,412,117,114,18
3329265598,1504475843946,2422,9,2,1,1,2,2,2,0,59,12,4,67,4,7,32,11,4,99,14,4,44,4,3,5,1,0,2,0,40,31,57,157,15,429,7,4,121,4,11,516,4,12,16,3,4,45,4,12,10,3,1,2,0,103,117,119,18,238
3315733328,1503517922862,1965,9,2,2,1,2,2,2,2,222,7,4,104,4,11,40,3,4,61,4,6,57,12,4,5,0,0,1,0,117,154,29,38,18,412,14,4,122,4,12,79,14,4,202,7,4,32,11,4,10,3,1,2,1,90,18,113,516,119
3331229316,1504637363501,1295,9,1,2,1,1,0,1,0,79,4,14,11,11,4,222,7,4,12,4,3,43,3,4,7,1,0,1,0,16,67,6,53,238,412,4,3,498,7,4,92,4,12,157,4,14,141,4,11,2,0,0,0,0,201,105,117,18,31
3329468670,1504520138884,1522,9,2,1,2,2,2,2,0,59,11,4,134,4,7,92,12,4,236,4,7,267,4,14,1,0,0,0,0,498,412,141,238,122,90,4,14,202,3,4,31,12,4,32,11,4,37,7,4,11,3,1,2,0,-1,40,238,245,122
3324925876,1504200811428,1520,9,2,2,2,2,0,2,0,64,11,4,4,4,14,24,3,4,516,4,12,202,7,4,1,0,0,1,0,75,412,25,157,122,57,11,4,67,4,7,117,4,3,99,4,7,14,4,12,10,2,0,2,0,40,238,121,122,25
3313352890,1503352987402,1907,9,1,1,2,1,1,2,1,67,4,7,59,11,4,57,4,12,412,4,3,236,14,4,8,1,1,1,1,61,31,40,238,134,64,14,4,14,12,4,60,11,4,53,3,4,18,7,4,4,0,0,1,0,157,103,141,16,40
3329494305,1504518705812,2424,9,1,1,1,2,1,1,1,86,14,4,43,4,3,7,14,4,18,4,7,29,4,11,9,1,2,3,1,57,117,119,113,19,37,4,3,161,4,21,107,12,4,141,11,4,96,4,7,9,2,1,1,0,53,79,40,55,119
3328001414,1504399245557,1065,9,2,2,2,0,0,2,0,7,12,4,429,4,7,143,14,4,72,11,4,80,14,4,0,0,0,0,0,29,40,119,31,105,122,14,4,44,12,4,57,4,11,90,12,4,18,7,4,5,0,0,2,0,238,11,134,29,12
3322659509,1504025069215,1685,9,2,2,2,2,0,1,0,32,4,11,134,7,4,16,7,4,420,12,4,67,7,4,1,0,0,1,0,157,55,98,51,516,164,4,12,141,4,11,127,4,14,99,4,14,222,4,7,10,2,0,0,0,91,122,53,11,238
3322831924,1504032013194,1850,9,2,2,2,2,2,1,2,131,4,14,11,6,11,150,4,12,18,7,4,497,3,4,2,0,0,2,0,-1,201,53,84,58,24,12,4,427,14,11,29,7,4,157,3,4,89,3,4,7,1,1,1,1,90,59,119,141,64
3317956472,1503682001263,1834,9,2,2,2,2,2,1,0,86,4,12,19,11,4,429,4,7,89,3,4,112,4,14,1,0,0,2,0,29,25,63,23,37,516,11,4,82,12,4,119,4,7,40,3,4,90,14,4,11,3,1,1,0,84,31,254,498,53
3322170553,1503969111077,1346,9,2,2,2,2,2,2,2,238,4,14,421,4,11,37,4,3,29,7,4,98,4,12,0,0,0,0,0,141,114,113,67,516,28,4,11,126,4,12,96,7,4,412,4,14,117,3,4,8,2,1,1,1,40,57,18,11,16
3327586846,1504374647511,1471,9,2,2,2,2,0,2,0,236,7,4,55,14,4,122,12,4,64,11,4,44,4,3,1,0,0,0,0,119,31,28,40,105,222,4,7,421,4,11,67,7,4,112,4,3,53,14,4,10,1,0,2,0,16,105,18,154,117
3321689169,1503954552737,2361,9,2,2,2,2,0,1,2,89,4,3,102,4,11,24,14,7,105,14,4,36,12,7,4,0,0,3,0,516,19,412,80,157,21,7,4,63,14,4,245,11,4,92,14,4,103,12,4,8,2,0,1,1,126,157,122,51,154
3325957489,1504271366513,2279,9,2,2,2,2,2,2,2,55,14,4,141,4,11,40,4,7,18,1,4,150,4,12,5,1,0,2,0,16,136,119,19,114,92,4,12,120,6,11,25,4,3,222,4,7,4,4,7,9,3,2,2,1,29,154,59,157,119
3308616993,1503063366417,1875,9,1,1,1,1,2,1,0,119,7,4,267,4,3,1,14,4,75,12,4,59,11,4,9,2,0,2,0,40,126,19,67,141,60,11,4,86,14,4,498,4,7,16,4,3,4,21,4,4,0,1,1,0,23,154,61,53,40
3315686489,1503515374823,1855,9,2,2,2,2,0,2,0,516,4,12,61,21,4,32,11,4,51,4,7,3,3,4,0,0,0,0,0,122,11,29,23,89,44,3,4,67,12,4,131,11,4,45,21,4,119,7,4,11,3,0,2,0,201,1,157,122,92
3227308960,1497717009755,210,9,1,0,0,0,0,0,0,119,4,7,99,14,4,5,11,4,201,4,3,92,4,12,0,0,0,0,0,64,412,113,157,154,84,14,4,86,12,4,24,11,4,22,7,3,21,7,4,0,0,0,0,0,154,238,17,11,105
3238415840,1498400478874,2262,9,1,2,2,1,1,2,1,21,7,4,412,3,4,45,4,12,78,4,11,3,12,4,7,1,1,1,1,238,11,19,157,114,122,12,4,91,14,4,28,11,4,222,4,7,1,4,14,5,0,0,2,0,238,53,64,498,11
3328078164,1504427389894,1970,9,2,2,2,2,2,2,0,115,4,14,25,3,4,81,4,11,21,4,7,122,4,12,1,0,0,0,0,131,31,119,105,113,17,4,12,18,4,7,267,3,4,78,4,11,103,14,4,10,2,1,3,0,53,157,11,5,238
3227227788,1497712087196,1446,9,1,1,1,1,1,1,1,89,4,14,84,14,4,254,4,11,24,12,4,51,7,4,10,2,1,3,1,25,114,11,122,61,64,4,11,103,4,14,67,4,7,40,4,3,92,4,12,0,0,0,0,0,154,497,157,119,113
3321424869,1503939912055,1634,9,1,1,1,1,0,2,0,21,4,7,58,4,12,267,4,3,238,4,14,254,4,11,11,3,0,1,0,245,157,1,51,516,92,4,12,45,3,4,113,4,11,4,21,4,133,7,4,1,0,0,1,0,29,141,105,131,103
3330970305,1504623127178,1777,9,1,2,1,1,0,2,0,516,11,4,412,3,4,29,7,4,27,6,14,4,14,4,8,2,0,1,0,117,141,-1,40,122,136,4,12,58,12,4,427,4,3,20,4,11,18,7,4,2,0,0,2,0,122,21,40,238,113
3328360850,1504446197754,1437,9,1,1,1,1,0,1,1,141,11,4,67,7,4,39,4,12,40,3,4,84,14,4,10,2,0,1,1,238,18,119,420,59,161,4,3,29,4,7,254,4,11,31,4,12,114,4,12,0,0,0,0,0,24,75,157,113,38
3322816036,1504032933175,1579,9,1,1,1,1,1,1,0,22,7,4,43,14,4,102,4,11,429,7,4,55,4,14,11,3,1,3,0,31,18,96,-1,238,24,12,4,141,11,4,12,4,3,161,4,21,51,7,4,3,0,0,0,0,64,122,40,31,103
3304028302,1502749922992,1803,9,2,1,2,2,2,2,2,51,7,4,7,14,4,16,3,4,33,4,11,31,12,4,1,0,0,0,0,25,53,63,11,6,127,4,14,80,4,14,21,4,7,111,4,14,48,11,4,9,2,1,3,1,99,157,75,412,63
3280352974,1501155121836,2367,9,1,1,1,1,1,2,0,83,12,4,89,4,3,69,4,1,77,6,11,67,7,4,10,3,1,2,0,103,51,141,157,236,121,4,11,1,4,14,22,7,4,267,4,3,31,4,12,3,0,0,2,0,122,91,53,157,75
3321513704,1503944977809,2864,9,2,2,2,2,1,1,0,59,12,4,61,4,7,17,12,4,412,3,4,498,7,4,6,0,1,1,0,92,114,21,157,31,63,14,4,141,11,4,164,4,12,432,4,3,202,4,7,8,2,0,2,0,238,122,31,75,103
3288789840,1501763044205,2215,9,2,2,2,2,1,2,2,68,4,12,64,4,11,67,7,4,111,3,4,45,4,12,4,0,1,3,0,3,119,131,23,157,105,4,14,141,4,11,51,7,4,412,14,4,101,7,4,9,1,0,1,1,122,157,31,54,55
3320509959,1503854649238,1897,9,2,1,2,2,2,2,2,99,7,4,57,11,4,25,3,4,67,7,4,24,4,12,1,0,0,0,0,107,3,117,31,53,40,3,4,202,4,12,64,11,4,41,12,4,163,4,21,9,1,1,4,1,498,122,154,31,238
3313520815,1503368426517,1880,9,1,2,1,1,0,1,0,202,7,4,53,4,14,92,12,4,134,4,21,412,11,4,8,1,0,2,0,105,222,11,18,40,72,4,11,24,12,4,119,7,4,16,3,4,68,12,4,2,0,0,0,0,75,157,497,245,117
3317955924,1503681887078,2280,9,2,2,2,1,2,2,0,90,4,14,222,7,4,114,4,12,17,4,12,141,11,4,6,1,0,2,0,53,64,29,63,24,67,4,7,497,3,4,420,4,12,5,4,11,157,4,12,8,1,1,2,0,516,122,31,18,19
3329583607,1504527702475,2045,9,1,1,1,1,1,1,0,64,4,11,31,4,12,29,4,7,91,4,14,41,3,4,11,4,1,2,0,42,18,201,141,516,54,4,12,4,4,12,40,4,3,202,4,7,59,4,11,3,0,0,0,0,157,25,117,238,122
3329301132,1504477667770,1973,9,1,1,1,1,1,1,2,72,4,11,106,3,4,96,4,6,122,4,12,21,4,7,11,4,2,3,0,420,154,53,51,24,222,4,7,131,12,4,75,4,12,59,11,4,267,3,4,4,0,0,0,1,157,17,134,498,11
3327109462,1504353140173,201,9,1,0,0,0,0,0,0,236,4,7,26,4,12,82,4,14,141,4,11,62,4,12,0,0,0,0,0,131,157,420,238,53,114,4,7,421,11,4,245,4,14,25,3,4,67,7,4,0,0,0,0,0,53,84,11,90,105
3328118565,1504433034720,1651,9,2,1,2,2,0,2,0,238,14,4,113,4,11,22,7,4,16,4,3,68,4,12,0,0,0,1,0,90,7,5,141,24,236,4,7,80,14,4,201,3,4,150,12,4,131,4,11,10,1,0,2,0,114,141,157,117,40
3324937530,1504201483678,927,9,1,2,1,0,0,0,0,61,4,7,113,11,4,420,4,12,412,4,14,96,4,7,2,0,0,0,0,40,105,114,119,79,18,7,4,103,14,4,33,11,4,89,14,4,92,4,12,0,0,0,0,0,29,38,238,154,59
3320723388,1503863711985,2720,9,2,1,1,2,2,2,1,61,12,4,119,4,7,11,4,12,497,3,4,113,11,4,5,0,0,1,1,64,154,6,40,31,150,12,4,99,3,4,15,7,4,9,11,4,117,3,4,10,4,2,4,0,105,53,80,59,55
3250493148,1499161685576,1827,9,1,2,2,1,1,2,2,201,14,4,121,11,4,498,4,7,58,4,12,34,4,14,9,1,2,2,0,421,20,114,7,8,81,4,7,41,4,12,98,12,4,19,11,4,40,3,4,4,0,0,1,1,51,114,427,91,7
3241931714,1498600725043,2819,9,2,1,2,2,2,1,0,99,14,4,33,11,4,412,3,4,22,7,4,240,4,12,8,1,1,3,0,5,114,154,157,25,39,4,12,51,7,4,89,3,4,64,11,4,26,4,12,10,5,1,2,0,103,498,157,11,429
3317079895,1503603462409,1665,9,2,2,2,2,2,1,2,25,4,3,18,4,7,106,11,4,157,4,12,516,12,4,2,0,0,2,0,122,61,40,24,119,36,4,12,21,7,4,117,4,3,42,4,12,19,6,11,7,1,1,1,1,238,1,119,412,141
3289143276,1501784441957,2118,9,2,2,2,2,2,1,0,17,12,4,26,4,21,203,4,11,223,4,3,45,4,14,3,0,0,1,0,122,238,25,103,64,22,7,4,141,11,4,163,4,14,48,4,12,89,3,4,11,3,1,1,0,157,29,25,103,31
3215315296,1496937774088,1516,9,1,1,1,1,1,2,1,64,4,12,38,12,4,96,4,7,89,3,4,20,4,11,11,3,1,2,1,122,497,19,421,51,412,4,3,67,7,4,236,7,4,11,11,4,157,4,12,2,0,0,1,0,134,7,3,114,80
3300511897,1502547564098,2898,9,1,1,2,1,2,2,0,81,7,4,6,12,4,1,4,14,33,4,11,37,3,4,10,3,0,2,0,238,40,134,157,11,99,4,7,9,4,11,21,4,7,24,4,12,111,3,4,5,1,2,2,0,23,238,31,40,141
3275411259,1500821958672,1462,9,1,1,1,1,0,1,0,31,4,11,89,4,14,21,4,7,115,4,12,92,4,12,8,1,0,1,0,45,23,122,134,238,11,12,4,254,4,11,222,7,4,7,4,14,412,4,3,1,0,0,0,0,141,420,157,51,238
3323495997,1504101690160,1744,9,2,2,2,2,0,2,2,10,12,4,103,14,4,412,3,4,18,4,7,77,4,12,1,0,0,0,0,6,157,29,238,25,102,4,11,115,4,12,89,14,4,4,14,4,51,12,4,8,2,0,4,1,24,157,11,240,516
3331485919,1504652650592,1680,9,2,2,2,2,0,2,0,10,4,7,24,4,11,51,4,7,40,4,3,245,14,4,0,0,0,0,0,119,117,114,31,33,432,3,4,11,4,11,67,7,4,17,14,4,238,4,14,8,1,0,3,0,119,117,141,53,126
3309825748,1503152818050,3007,9,1,1,1,1,1,1,1,86,4,12,429,4,7,80,4,11,14,4,3,61,4,3,10,3,2,3,1,141,51,122,53,63,157,4,12,48,4,12,202,7,4,37,4,3,79,11,4,7,1,0,3,0,122,40,75,31,105
3319420068,1503780274872,2380,9,1,2,2,1,2,1,2,412,4,3,51,7,4,141,4,11,36,4,12,99,21,4,7,1,0,5,0,122,3,238,80,119,245,4,14,75,4,12,53,4,14,21,7,4,19,4,11,6,0,1,0,1,18,114,126,157,91
3321575207,1503948367545,1266,9,2,2,2,2,0,0,0,141,11,4,33,12,4,497,3,4,236,7,4,92,12,4,0,0,0,0,0,412,57,6,7,81,157,4,7,5,3,4,19,4,11,119,12,4,127,14,4,11,3,0,0,0,-1,40,516,31,29
3321460297,1503944051928,1956,9,1,1,1,1,0,1,0,429,4,7,89,14,4,91,14,4,78,12,4,24,11,4,11,3,0,2,0,122,157,40,11,92,164,4,12,59,4,11,69,3,4,51,4,7,223,3,4,0,0,0,1,0,29,38,31,238,516
3326263121,1504289980937,2305,9,1,1,1,1,2,1,1,92,4,12,62,11,4,267,4,3,202,4,7,34,4,21,7,1,0,4,1,39,18,67,157,119,103,4,14,40,4,3,111,12,4,21,4,7,131,11,4,2,0,1,0,0,55,117,18,75,25
3324306947,1504131450630,2095,9,2,2,1,1,2,1,1,35,11,14,90,6,4,25,3,4,51,7,4,516,12,4,6,1,0,3,1,64,157,75,222,119,29,4,7,99,4,12,126,12,4,16,4,3,5,11,4,8,1,1,0,0,80,240,24,122,31
3326430394,1504299934782,2294,9,1,2,2,1,1,1,0,45,21,4,11,6,11,222,7,4,86,12,4,12,3,4,9,2,1,1,0,122,84,17,5,150,91,4,14,31,11,4,497,4,3,51,7,4,67,12,4,5,0,0,2,0,106,80,90,119,157
3331484361,1504651878312,1859,9,2,2,2,2,2,2,0,89,3,4,202,4,7,58,12,4,32,4,11,236,14,4,4,0,0,0,0,119,35,238,11,117,92,11,4,143,21,4,412,4,14,18,4,7,68,4,12,7,1,1,3,0,113,40,105,157,29
3252818271,1499308421901,1435,9,2,1,2,2,2,2,1,67,4,1,36,4,12,202,7,4,79,4,11,40,3,4,1,0,0,0,1,42,238,51,114,154,11,4,11,85,12,4,1,3,4,59,4,12,236,4,7,10,2,1,2,0,103,117,114,51,122
3265109504,1500127349507,2332,9,2,1,1,2,2,2,1,117,4,3,61,4,6,18,4,7,58,4,12,60,4,11,6,0,0,0,1,114,38,29,154,141,64,4,11,432,3,4,42,7,4,67,4,7,2,4,12,11,5,2,5,0,412,154,157,96,92
3324021274,1504114950887,1435,9,1,1,1,1,0,1,0,23,4,12,81,4,7,267,3,4,113,11,4,99,21,4,9,2,0,1,0,119,238,105,25,31,61,4,7,24,4,11,80,4,14,18,4,7,40,3,4,0,0,0,0,0,122,498,53,67,17
3267649440,1500311268146,1578,9,1,1,1,1,1,1,1,57,11,4,24,3,4,101,14,4,51,4,7,412,4,14,10,2,1,2,1,25,11,3,154,238,89,14,4,141,11,4,115,4,21,67,4,7,157,4,12,0,0,0,0,0,55,80,64,134,154
3324299425,1504132137629,1724,9,2,1,2,2,2,2,0,92,12,4,99,4,14,59,11,4,202,7,4,412,4,3,1,0,0,1,0,16,154,31,150,157,67,4,7,161,4,21,57,4,12,102,4,11,37,3,4,10,2,1,3,0,134,40,117,105,24
3317501129,1503631758741,1818,9,2,2,2,2,2,1,2,105,4,14,126,12,4,16,4,3,56,11,4,42,4,7,4,0,0,1,0,24,53,7,51,18,161,7,4,254,4,11,236,12,4,119,4,7,432,14,4,9,3,1,2,1,29,157,114,238,67
3240171146,1498501744090,1991,9,2,1,1,2,2,1,0,61,4,3,11,11,4,202,7,4,41,12,4,37,3,4,6,0,0,3,0,64,157,114,498,154,74,4,12,29,4,7,497,4,3,238,4,14,421,11,4,9,2,2,1,0,53,114,157,38,154
3324979094,1504204662273,2154,9,2,1,1,2,2,2,0,40,3,4,498,4,7,240,4,12,4,4,6,141,4,11,5,0,0,2,0,122,75,67,238,18,90,4,12,29,7,4,57,11,4,92,4,14,16,3,7,11,3,1,2,0,11,105,157,96,23
3306868450,1502951630033,1733,9,2,2,2,2,2,2,2,48,12,4,29,7,4,63,14,4,12,4,3,141,11,4,2,0,0,1,0,154,119,122,31,105,57,12,4,40,3,4,236,7,4,90,21,4,64,4,11,10,3,1,2,1,122,157,31,55,84
3321454441,1503942411520,1406,9,2,1,2,2,0,2,2,29,4,7,497,14,4,45,14,4,141,12,4,60,11,4,0,0,0,0,0,53,238,122,119,420,429,7,4,432,14,4,245,4,14,114,12,4,59,4,11,11,3,0,1,1,11,254,157,117,51
3329178415,1504470769013,2019,9,2,1,1,2,2,2,1,76,11,4,90,4,12,117,3,4,96,7,4,78,4,12,5,0,0,1,1,516,55,53,29,24,222,4,7,99,3,4,10,4,12,91,4,1,11,4,11,11,4,1,2,0,157,141,238,29,498
3328380498,1504448016268,194,9,1,2,0,0,0,0,0,245,1,4,67,4,7,117,3,4,516,4,12,141,4,11,0,0,0,0,0,105,21,119,31,27,121,4,11,122,14,4,112,12,4,497,4,14,498,4,7,0,0,0,0,0,143,157,40,420,35
3268503905,1500340415069,2164,9,2,2,2,2,0,1,0,63,14,4,64,11,4,29,4,7,98,12,4,99,14,4,2,0,0,1,0,105,119,-1,240,238,114,4,12,28,11,4,236,4,7,412,4,14,84,14,4,11,4,0,1,0,122,80,141,69,16
3291648057,1501955381935,1194,9,1,1,1,1,0,1,2,6,4,12,223,4,3,202,7,4,77,6,11,161,4,7,10,2,0,1,0,498,141,107,238,51,134,4,12,157,4,3,44,3,4,121,4,11,222,4,7,1,0,0,0,1,64,31,40,105,119
3331024067,1504624337835,1240,9,2,1,2,2,0,2,2,67,4,7,33,12,4,117,3,4,121,4,11,61,4,21,0,0,0,0,0,53,105,11,56,19,12,3,4,14,12,4,29,4,11,1,14,4,18,4,7,10,2,0,1,1,53,40,238,119,39
3306577427,1502915632793,1587,9,1,1,2,1,0,1,2,4,6,4,267,3,4,18,7,4,117,4,12,141,11,4,9,2,0,1,0,40,2,53,61,119,497,3,4,98,4,11,38,4,14,39,4,12,498,7,4,3,0,0,1,1,157,122,238,64,6
3269192771,1500407650576,1592,9,1,1,1,1,1,1,2,150,4,12,267,3,4,429,4,7,238,4,14,60,11,4,11,3,1,2,0,157,134,498,57,154,29,4,7,44,3,4,103,4,3,86,4,14,107,4,11,1,0,0,0,1,119,154,114,90,31
3324885253,1504197784600,1690,9,1,2,1,1,1,1,0,99,4,21,121,4,11,412,4,3,222,7,4,114,12,4,11,3,1,2,0,33,105,122,157,117,429,4,7,7,14,4,37,3,4,120,6,11,126,4,12,4,0,0,0,0,122,40,154,29,18
3322993347,1504040499658,1583,9,2,1,1,0,2,2,0,74,4,11,429,7,4,157,4,12,103,14,4,412,14,4,4,0,0,0,0,267,63,31,18,105,19,11,4,84,4,14,81,4,7,86,4,12,53,4,3,4,0,1,2,0,58,122,55,5,34
3326476780,1504301486098,1386,9,1,2,1,1,1,1,1,18,4,7,134,4,14,12,14,4,90,4,12,59,11,4,10,2,1,2,1,96,60,69,497,29,40,3,4,31,4,11,38,12,4,498,7,4,10,4,12,1,0,0,0,0,119,236,96,39,60
3324810571,1504193210296,2154,9,2,2,1,2,2,1,1,107,12,4,141,4,11,4,12,4,201,3,4,236,4,7,4,0,0,1,1,238,64,67,53,25,29,4,11,14,12,4,89,4,3,18,7,4,157,4,14,9,1,1,3,0,420,119,238,3,245
3324309938,1504132638609,2146,9,1,1,2,1,1,1,0,15,7,4,111,12,4,11,11,4,40,4,3,161,3,4,6,1,1,2,0,143,31,55,33,157,104,4,11,62,14,4,3,3,4,96,4,7,54,12,4,3,0,0,1,0,245,57,122,18,117
3251657155,1499209400710,2471,9,1,1,1,1,1,1,2,157,4,1,92,12,4,28,11,4,143,4,3,67,4,7,9,2,1,2,0,53,105,119,11,58,51,4,7,35,11,14,240,12,4,34,4,11,74,4,21,5,0,0,2,1,122,105,84,53,114
3324822902,1504194076936,1918,9,2,2,2,2,2,2,2,18,4,7,412,4,3,8,4,12,113,4,11,101,4,7,2,0,0,1,0,157,59,103,40,31,41,4,12,56,11,4,44,3,4,61,4,1,202,7,4,9,2,1,3,1,67,40,122,38,11
3301617978,1502628977447,201,9,1,2,0,0,0,0,0,114,4,12,121,11,4,412,4,14,67,7,4,141,14,4,0,0,0,0,0,29,19,31,105,420,429,7,4,53,3,4,43,4,12,157,4,12,59,11,4,0,0,0,0,0,8,39,119,154,11
3324999143,1504204899760,1301,9,1,2,1,0,0,1,1,92,4,12,11,4,11,267,4,7,96,4,3,79,12,4,6,0,0,1,1,119,40,31,29,28,238,14,4,113,4,11,236,7,4,37,4,3,67,4,12,0,0,0,0,0,157,23,117,31,154
3322454614,1504011343496,1745,9,1,1,1,1,1,1,1,412,4,3,11,4,11,59,14,4,222,7,4,83,4,14,11,3,1,3,1,79,154,122,141,16,238,14,4,64,11,4,50,4,12,267,4,3,18,4,7,1,0,0,0,0,81,498,245,92,7
3324583766,1504177730239,2077,9,2,1,2,2,1,2,1,267,4,14,31,11,4,29,4,7,105,4,14,157,4,12,3,0,1,0,1,117,57,103,40,154,96,4,7,80,4,14,42,4,3,113,11,4,432,4,14,7,1,0,4,0,16,61,40,202,18
3292498618,1502037379189,1460,9,2,2,2,2,2,2,2,16,3,4,51,7,4,30,4,3,141,11,4,24,12,4,1,0,0,0,0,238,40,31,157,75,99,21,4,202,7,4,106,4,11,266,4,14,44,14,4,10,2,1,2,1,11,154,18,31,157
3327542980,1504370676800,2228,9,1,2,2,1,1,2,2,17,7,4,12,4,3,92,12,4,106,11,4,45,12,4,8,2,1,1,0,81,51,157,154,31,150,12,4,24,11,4,245,4,14,497,4,3,67,4,7,3,0,0,2,1,39,29,18,40,53
3317432349,1503618660304,1633,9,1,1,1,0,0,1,0,23,14,11,105,14,4,75,12,4,119,4,7,516,3,4,4,0,0,3,0,17,29,85,67,35,117,3,4,78,4,12,21,4,7,32,11,4,245,14,4,0,0,0,0,0,141,238,11,114,53
3252527514,1499290469499,1832,9,1,1,1,1,0,1,1,114,12,4,67,4,7,99,4,3,17,11,4,55,14,4,11,3,0,2,1,238,63,8,157,80,497,4,3,102,4,11,31,12,4,81,14,4,498,4,7,0,0,0,0,0,15,420,75,157,122
3241855795,1498598731149,1234,9,1,1,1,1,0,1,1,163,4,1,23,4,14,121,4,11,412,3,4,21,4,7,10,2,0,2,1,122,11,497,119,420,498,4,7,64,4,3,40,4,3,75,4,12,134,14,4,0,0,0,0,0,157,51,80,105,164
3310637507,1503176410074,1642,9,1,1,1,1,1,1,1,236,4,7,201,14,4,99,21,4,5,4,11,82,4,12,8,1,1,4,1,57,53,420,157,120,223,4,3,51,7,4,3,12,4,59,11,4,45,4,21,2,0,0,0,0,498,122,141,57,131
3329102173,1504465931531,1075,9,2,2,2,0,0,2,0,254,11,4,75,4,12,15,4,7,111,4,3,99,4,21,0,0,0,0,0,103,498,51,164,34,4,4,1,18,4,7,120,11,6,122,4,12,267,3,4,4,0,0,1,0,40,157,113,114,238
3324628482,1504183519387,1407,9,1,1,1,1,0,1,1,86,4,12,53,4,3,67,7,4,69,21,4,64,4,11,11,3,0,2,1,143,117,157,31,84,5,4,11,18,7,4,75,12,4,42,3,4,497,14,4,0,0,0,0,0,40,2,119,117,24
3329690269,1504536062818,2380,9,2,1,2,2,2,2,2,90,4,12,41,4,12,64,4,11,29,4,7,117,4,14,4,0,0,1,0,122,105,61,40,201,22,4,7,37,3,4,19,4,11,75,4,12,245,4,14,10,3,2,3,1,11,113,122,119,57
3321279039,1503932098721,936,9,2,1,2,0,0,0,0,103,4,14,236,4,7,64,11,4,516,12,4,31,12,4,0,0,0,0,0,51,61,105,240,53,22,7,4,202,12,4,55,4,14,141,11,4,99,4,3,2,0,0,0,0,38,25,122,69,134
3326226486,1504288010425,1607,9,1,2,2,1,0,1,0,223,4,12,141,4,11,99,21,4,16,4,14,22,4,7,10,2,0,3,0,24,105,122,157,238,44,4,3,79,4,11,112,4,12,134,4,21,67,4,7,1,0,0,0,0,40,31,53,114,24
3270654951,1500482199843,1873,9,1,1,2,1,2,1,0,141,4,11,23,14,4,127,4,14,53,4,14,81,7,4,11,3,1,3,0,157,154,119,238,240,22,4,7,82,4,12,43,4,14,28,4,11,98,14,4,4,0,1,1,0,58,157,114,67,11
3311515354,1503248326924,1605,9,2,1,2,2,0,1,2,51,4,7,62,4,11,59,4,12,3,4,12,40,4,14,1,0,0,2,0,19,18,163,53,238,4,4,6,122,4,6,16,4,3,67,4,7,113,11,4,11,3,0,1,1,143,119,31,157,154
3327419612,1504364305333,2435,9,2,2,2,2,2,1,2,141,4,11,96,4,6,2,12,4,22,7,4,117,4,3,3,0,0,2,0,119,157,122,516,69,236,7,4,39,12,4,64,11,4,16,4,3,99,4,7,11,3,1,3,1,40,53,240,131,157
3321426696,1503940447305,1699,9,2,2,1,2,2,2,1,64,11,4,57,12,4,202,7,4,4,7,4,89,14,4,2,0,0,0,1,141,67,40,31,122,18,4,7,164,4,12,33,4,11,101,1,4,412,4,3,11,3,1,3,0,67,516,24,31,238
3316407906,1503586456554,1405,9,2,1,2,2,0,0,0,111,4,3,98,4,12,14,11,4,18,4,7,112,14,4,0,0,0,0,0,91,516,238,134,53,497,3,4,157,4,11,136,4,21,498,7,4,84,4,14,11,3,0,0,0,38,122,117,37,59
3331312089,1504640819191,2173,9,2,2,2,2,2,2,2,27,6,12,21,4,7,43,4,12,245,11,4,111,4,3,1,0,0,0,0,150,157,141,238,31,34,12,4,80,4,3,202,4,12,516,7,4,64,4,11,10,2,1,4,1,117,154,40,114,16
3280353095,1501155132327,902,9,1,1,1,1,0,1,0,19,4,11,92,12,4,18,7,4,201,3,4,69,6,4,9,2,0,1,0,8,117,154,126,57,412,14,4,429,7,4,163,6,4,11,11,4,98,4,12,0,0,0,0,0,119,31,157,61,57
3245467202,1498837601531,1344,9,1,2,2,0,0,1,0,29,4,7,89,4,3,17,4,12,60,11,4,7,4,14,5,0,0,1,0,64,51,203,80,157,498,7,4,412,4,3,163,4,12,114,4,12,14,4,11,1,0,0,0,0,117,157,51,19,154
3227809489,1497733644997,1915,9,1,1,2,1,1,1,0,92,4,12,1,12,4,111,3,4,35,14,11,81,4,7,9,1,1,2,0,143,58,154,201,117,64,11,4,101,7,4,412,4,3,236,4,7,86,4,14,4,0,0,2,0,11,157,19,122,51
3326697716,1504337073726,2062,9,2,2,1,2,2,2,1,36,4,12,59,11,4,223,4,3,238,14,4,42,7,4,2,0,0,1,1,141,105,23,412,427,84,14,4,15,7,4,13,12,4,11,4,11,99,3,4,11,3,1,3,0,18,240,122,154,157
3326562013,1504306121396,2216,9,2,2,2,2,2,2,2,101,4,21,222,4,7,427,4,11,40,3,4,75,4,12,2,0,0,0,0,516,58,53,11,31,245,12,4,55,14,4,51,4,7,267,3,4,72,11,6,10,2,2,4,1,29,141,238,16,122
3256735415,1499584888875,1847,9,1,1,1,1,0,1,0,67,4,7,59,4,11,9,4,3,50,12,4,157,4,14,11,2,0,2,0,117,103,119,154,114,90,14,4,85,4,12,222,4,7,40,3,4,421,4,11,0,0,0,0,0,17,61,154,412,11
3313109803,1503343543512,1493,9,1,1,1,1,1,1,0,64,4,11,4,4,3,40,4,3,6,4,12,429,4,7,9,1,1,2,0,154,141,122,51,68,23,12,4,48,4,3,29,4,7,13,4,6,35,11,14,4,0,0,0,0,238,51,122,254,141
3295063815,1502209920890,1664,9,1,1,1,1,0,1,1,60,11,4,38,4,12,18,7,4,25,4,14,75,4,12,11,2,0,3,1,119,29,19,40,412,72,4,11,8,4,12,117,4,14,67,4,7,91,4,14,0,0,0,0,0,31,157,40,154,61
3330365733,1504571833439,1467,9,1,2,1,1,0,1,0,75,12,6,1,4,21,35,11,14,37,4,3,67,4,7,6,1,0,2,0,40,157,29,-1,432,236,4,7,14,4,12,63,12,4,5,4,11,412,4,14,1,0,0,0,0,141,29,122,55,11
3329686249,1504534942343,1312,9,1,1,1,1,1,1,1,131,4,14,25,4,14,98,12,4,141,11,4,498,4,7,6,1,1,1,1,31,23,157,105,57,79,11,4,96,7,4,497,4,14,236,4,14,92,4,12,0,0,0,0,0,40,18,31,29,157
3297864052,1502396725043,2507,9,2,2,1,2,2,2,1,222,7,4,141,4,11,157,14,7,238,4,14,43,3,4,3,0,0,1,1,24,105,53,31,45,99,4,7,103,14,4,19,11,4,14,12,4,51,4,7,8,1,1,3,0,64,86,53,31,119
3327597694,1504375155454,1564,9,1,1,1,1,0,2,1,267,14,4,240,4,12,61,4,3,33,4,11,222,7,4,11,1,0,0,1,53,23,122,42,67,238,14,4,15,4,7,113,4,11,432,3,4,14,4,12,1,0,0,1,0,141,11,31,24,29
3306557494,1502915312894,2192,9,1,2,2,1,1,2,2,141,4,11,16,3,4,21,4,7,126,4,14,164,12,4,9,1,1,1,0,40,114,119,117,29,24,11,4,43,4,3,107,4,12,131,4,14,18,4,7,5,0,0,2,1,53,119,122,57,157
3287460560,1501669998530,2690,9,1,1,2,1,2,1,0,121,4,11,80,4,12,22,4,7,497,3,4,63,4,21,7,2,0,2,0,122,238,24,35,157,74,12,4,201,3,4,107,4,11,61,4,14,51,4,7,6,0,1,2,0,110,103,157,24,238
3282983335,1501349139340,1567,9,1,1,2,1,0,1,0,77,11,4,103,4,14,86,4,12,40,3,4,18,4,7,10,2,0,2,0,75,31,119,238,157,2,12,4,51,4,7,89,4,14,141,11,4,131,4,12,1,0,0,0,0,74,164,11,154,55
3310913950,1503194007031,2236,9,2,1,1,2,2,2,0,31,4,11,18,4,7,122,4,12,63,4,14,25,4,3,3,0,0,2,0,240,67,19,266,55,3,4,12,117,3,4,222,4,7,80,12,4,254,11,4,9,2,2,2,0,154,11,412,40,429
3323030407,1504046088876,1219,9,2,1,1,2,0,2,0,157,3,4,5,4,11,236,4,7,497,4,14,80,12,4,1,0,0,0,0,40,516,31,122,53,67,7,4,84,4,12,432,4,14,238,4,14,59,4,11,9,2,0,2,0,40,29,240,18,11
3320922460,1503876623828,2116,9,1,1,2,1,1,1,0,131,4,11,1,4,14,412,14,4,42,4,7,50,12,4,10,2,1,2,0,103,31,157,238,117,51,4,7,127,4,14,150,4,12,113,11,4,43,4,3,4,0,0,0,0,114,238,7,75,40
3324366782,1504135759344,2515,9,2,2,1,1,1,1,0,80,4,12,67,7,4,64,4,11,157,4,14,117,3,4,9,2,1,3,0,122,24,201,238,53,22,4,7,61,14,4,121,11,4,412,4,3,17,4,12,8,1,0,2,0,25,14,84,141,134
3329305396,1504479598859,1366,9,2,1,2,2,0,2,2,5,7,4,122,4,12,28,11,4,105,4,14,15,4,7,0,0,0,0,0,75,238,7,141,412,35,4,11,86,4,12,81,4,7,61,21,4,37,4,3,8,2,0,1,1,113,1,75,64,117
3285351149,1501507356317,1718,9,2,1,2,2,0,1,1,121,11,4,412,4,3,67,7,4,164,4,12,7,4,12,4,0,0,1,1,31,92,105,75,102,6,4,12,432,4,3,202,4,7,61,4,6,76,11,4,10,2,0,0,0,31,53,8,117,80
3236919475,1498314609583,2331,9,1,1,1,1,1,1,1,64,4,11,103,14,4,98,12,4,111,4,3,29,4,7,7,1,1,4,1,154,121,11,51,157,67,4,7,38,14,4,254,11,4,35,12,14,497,4,3,0,0,0,0,0,154,498,61,157,20
3330156567,1504561148514,212,9,1,1,0,0,0,0,0,98,12,4,21,4,7,61,4,14,56,4,11,89,4,14,0,0,0,0,0,40,114,11,141,238,236,14,4,58,12,4,25,4,14,29,7,4,33,4,11,0,0,0,0,0,122,412,40,238,18
3236317184,1498253385937,1924,9,2,1,2,2,2,2,0,19,11,6,245,14,4,92,4,12,119,4,7,117,4,3,0,0,0,0,0,157,105,11,23,80,89,4,14,110,7,4,45,4,21,58,4,14,57,11,4,8,2,1,2,0,51,3,105,64,29
3324319837,1504132711162,2324,9,1,1,1,1,0,1,0,91,14,4,5,4,14,107,11,4,29,4,7,223,4,3,11,3,0,3,0,75,41,25,90,498,157,4,3,55,4,14,141,11,4,143,14,4,236,4,7,3,0,0,0,0,31,53,164,113,18
3298006852,1502403885610,2745,9,2,1,1,2,2,1,0,412,4,3,222,7,4,80,12,4,161,12,4,78,11,4,7,1,0,2,0,238,51,53,122,11,141,4,11,267,4,7,245,12,4,1,12,4,67,7,4,11,4,2,3,0,119,157,53,122,154
3279074998,1501065720899,1320,9,1,1,1,1,0,1,1,203,4,11,114,4,12,53,3,4,222,7,4,268,14,4,10,1,0,1,1,51,80,119,105,6,90,4,6,67,7,4,89,3,4,23,12,4,11,11,4,0,0,0,0,0,122,31,50,119,157
3329839280,1504543919123,1744,9,2,2,2,2,0,2,0,222,7,4,121,4,14,78,3,4,11,11,4,39,4,12,0,0,0,0,0,157,119,114,141,122,80,12,4,134,4,14,91,4,11,42,7,4,37,14,4,8,1,0,3,0,238,122,67,86,29
3324200617,1504123460051,1673,9,2,2,2,2,2,2,2,113,4,11,4,4,6,40,4,3,75,6,12,236,4,7,1,0,0,0,0,412,98,105,157,238,80,4,12,61,4,1,222,4,7,57,11,4,44,4,3,10,2,1,3,1,141,267,11,51,39
3310714852,1503179626771,1296,9,1,1,1,1,0,2,0,163,21,4,236,4,7,157,4,14,11,4,11,117,4,3,8,1,0,1,0,120,64,53,55,24,85,4,21,121,11,4,202,4,7,238,4,14,201,4,3,0,0,0,1,0,119,53,84,-1,17
3215159464,1496929661861,1127,9,1,1,1,0,0,1,1,126,4,14,154,11,4,412,14,4,22,7,4,68,4,12,6,0,0,1,1,238,3,157,110,117,64,11,4,8,12,4,41,3,4,40,4,3,67,7,4,0,0,0,0,0,114,29,134,51,3
3322192327,1503972176521,2656,9,1,2,1,2,2,2,0,18,7,4,497,7,4,6,12,4,427,11,4,157,4,14,8,1,0,1,0,238,53,122,150,51,11,4,11,412,3,4,92,4,12,13,3,4,236,4,7,9,1,2,4,0,201,516,29,89,75
3308341235,1503020400512,1294,9,1,1,1,1,0,1,1,11,6,11,3,12,4,18,4,7,75,4,12,412,3,4,9,3,0,2,1,105,55,31,119,157,67,4,7,117,3,4,136,4,21,59,4,11,164,12,4,0,0,0,0,0,119,103,157,238,12
3304513274,1502802868632,2383,9,1,1,1,1,0,2,0,54,4,3,90,14,4,150,4,12,107,4,11,67,4,7,10,1,0,2,0,55,133,119,122,37,29,4,7,31,4,12,99,14,4,89,4,3,64,11,4,4,0,0,2,0,24,420,157,74,119
3321559762,1503949309278,1779,9,2,2,2,2,2,2,0,31,12,4,44,14,4,76,11,4,3,4,12,222,7,4,2,0,0,0,0,29,114,18,516,55,112,4,12,412,4,14,51,7,4,20,4,11,24,4,12,9,1,1,2,0,40,117,80,29,103
3316165237,1503569808675,1817,9,1,2,2,1,1,2,0,238,4,14,107,14,4,236,7,4,11,11,4,40,4,3,10,2,1,2,0,105,412,114,16,12,41,12,4,79,4,11,117,4,3,163,14,4,498,7,4,4,0,0,1,0,516,38,29,119,18
3330361866,1504568872203,2424,9,2,1,2,1,2,2,0,238,4,14,21,4,7,37,4,3,150,4,12,60,11,4,5,1,1,2,0,29,55,105,134,420,92,4,12,157,14,4,79,4,11,267,4,3,96,4,7,11,3,1,3,0,1,105,268,516,18
3252208650,1499273764626,1871,9,2,2,1,2,2,1,1,157,4,12,92,12,4,67,4,7,89,4,3,24,11,4,1,0,0,1,1,51,105,29,154,201,23,4,12,254,4,11,53,14,4,222,4,7,99,4,7,10,2,2,2,0,69,29,4,122,17
3300654861,1502554469984,1462,9,1,1,1,1,0,1,0,5,4,11,67,7,4,202,4,7,61,4,6,16,4,3,9,1,0,2,0,23,11,17,29,44,222,4,7,115,4,14,99,3,4,141,4,11,58,4,12,1,0,0,0,0,63,21,238,31,6
3268621647,1500370584038,932,9,2,2,2,2,0,2,0,99,21,4,41,12,4,202,4,7,11,11,4,201,3,4,0,0,0,0,0,154,117,38,63,412,64,4,11,222,4,7,89,3,4,39,4,12,34,14,4,5,1,0,1,0,498,80,157,238,53
3318194289,1503695576209,1980,9,1,2,1,1,1,2,0,12,3,4,115,4,21,141,4,12,29,4,7,254,4,11,11,4,1,3,0,53,122,67,105,17,64,11,4,42,7,4,38,12,4,37,4,3,85,12,4,2,0,0,1,0,86,91,412,114,53
3328393970,1504448970111,1966,9,1,2,2,1,1,2,0,141,4,11,103,4,14,412,14,4,15,7,4,150,4,12,10,2,1,1,0,57,11,29,80,119,89,3,4,51,7,4,92,4,14,19,11,4,163,4,21,3,0,0,1,0,18,238,40,117,31
3328763844,1504456140212,2305,9,1,2,2,1,2,2,2,432,4,11,98,4,12,81,7,4,117,3,4,45,21,4,8,1,0,1,0,29,61,63,67,84,103,14,4,498,4,7,86,4,12,497,3,4,427,4,11,5,0,1,3,1,30,114,40,141,64
3284262948,1501435365545,2356,9,1,2,1,1,2,2,0,50,12,4,40,3,4,157,4,14,79,4,11,18,7,4,8,2,0,2,0,154,31,38,114,141,35,11,14,53,4,14,202,7,4,27,6,12,90,21,4,5,0,1,3,0,31,24,58,134,51
3292557737,1502040455786,1680,9,1,2,2,1,1,2,1,67,4,11,61,6,4,41,4,3,110,4,7,141,4,12,5,1,1,1,1,126,31,238,40,119,19,6,11,103,4,14,267,4,3,6,4,7,27,6,12,3,0,0,2,0,84,119,420,3,136
3318812476,1503735622148,1990,9,1,2,2,1,1,1,0,8,4,12,67,7,4,254,11,4,238,14,4,201,4,3,11,3,1,3,0,516,141,89,154,18,40,4,3,103,4,14,202,7,4,102,12,4,120,11,6,3,0,0,1,0,53,157,29,119,90
3331453355,1504647760808,2043,9,2,2,1,1,2,2,1,23,12,4,64,11,4,99,4,3,105,4,14,81,4,7,8,2,0,1,1,11,53,141,103,114,67,4,7,35,14,11,412,3,4,236,4,3,79,12,4,8,2,2,2,0,84,18,75,119,31
3296511442,1502307078597,2061,9,1,1,1,1,1,1,0,31,4,12,141,11,4,40,4,3,101,14,4,96,4,7,8,1,1,3,0,114,6,11,238,412,33,11,4,38,1,4,432,14,4,67,7,4,14,4,21,2,0,0,0,0,157,240,90,119,121
3329118594,1504467779813,1528,9,2,1,1,0,0,1,0,161,4,14,516,11,4,222,7,4,40,4,3,69,4,3,3,0,0,2,0,3,119,238,122,37,39,12,4,67,4,12,25,4,3,45,4,14,11,4,11,2,0,0,1,0,122,105,19,17,238
3326844109,1504347072651,2280,9,1,1,2,1,1,1,0,57,4,12,69,4,6,79,11,4,498,7,4,44,3,4,7,1,2,2,0,113,81,38,157,40,238,14,4,117,3,4,54,4,11,29,7,4,8,12,4,4,0,0,2,0,31,75,141,19,16
3266604873,1500220561026,2140,9,2,2,2,2,2,2,2,57,12,4,30,4,3,412,4,3,104,4,11,236,7,4,3,0,0,0,0,61,29,51,103,157,429,7,4,38,4,12,79,11,4,40,4,3,58,12,4,11,5,2,4,1,202,51,19,29,238
3330052664,1504554459239,1955,9,2,1,2,2,2,2,1,429,7,4,57,11,4,53,4,14,41,4,12,86,14,4,5,0,1,2,1,29,117,55,40,16,48,12,4,126,4,3,76,4,11,498,4,7,267,3,4,9,2,1,1,0,119,-1,18,7,412
3326562341,1504306197639,2074,9,1,1,1,1,1,2,1,6,4,12,90,14,4,37,4,3,21,7,4,141,4,11,11,4,1,1,1,114,40,29,31,53,126,4,12,89,4,3,54,4,12,154,11,4,67,7,4,5,0,0,2,0,18,150,117,119,31
3312595386,1503324949533,2126,9,1,1,1,2,1,1,0,201,4,3,23,11,4,18,7,4,131,4,12,3,4,14,10,2,1,1,0,238,67,122,53,157,112,7,4,141,4,11,86,12,4,25,3,4,429,7,4,8,1,0,2,0,31,81,157,53,412
3329209091,1504473325020,1655,9,2,2,2,2,2,2,2,38,4,12,78,4,3,22,7,4,150,12,4,12,11,4,0,0,0,0,0,122,90,53,18,113,105,4,14,51,4,7,5,4,11,59,4,12,63,3,4,11,3,1,2,1,157,114,57,238,40
3330241364,1504563555305,2390,9,1,1,2,2,2,2,2,60,4,11,4,4,14,222,4,7,412,14,4,24,12,4,7,1,0,2,0,154,55,29,16,18,35,14,12,69,12,4,96,7,4,25,4,3,64,4,11,7,1,2,3,1,117,141,497,53,498
3313780849,1503406670517,1272,9,1,1,1,1,0,1,1,24,12,4,19,6,11,18,7,4,38,4,12,37,3,4,10,1,0,3,1,141,31,57,117,29,412,3,4,67,4,7,103,4,14,60,11,4,240,4,14,0,0,0,0,0,238,154,119,113,40
3321477942,1503943613155,1813,9,2,2,1,2,0,1,0,15,4,7,141,11,4,150,12,4,115,12,14,238,14,4,1,0,0,1,0,11,420,75,19,45,157,4,14,53,3,4,36,12,6,5,4,11,498,7,4,9,2,0,1,0,89,92,134,18,122
3325973017,1504272755029,1994,9,2,2,2,2,2,2,1,89,3,4,150,12,4,67,7,4,11,11,4,238,14,4,4,0,0,1,1,63,31,90,157,122,80,11,4,18,4,7,38,4,14,223,3,4,75,12,4,11,3,1,2,0,103,141,121,31,17
3328107337,1504432323942,2367,9,1,1,1,1,2,1,0,64,4,11,18,4,7,90,4,14,12,3,4,58,12,4,9,2,0,5,0,79,117,127,157,1,141,4,11,55,4,14,39,4,12,22,4,7,25,4,3,3,0,1,0,0,117,11,31,154,157
3235854070,1498227463439,1744,9,2,2,2,0,0,2,0,99,3,4,11,11,4,238,14,4,21,4,7,114,12,4,3,0,0,1,0,432,498,84,157,119,497,4,3,31,11,4,67,7,4,36,12,4,74,4,14,5,0,0,1,0,80,5,92,29,412
3329865558,1504545369558,2323,9,1,1,1,1,1,2,1,115,4,21,121,4,11,92,4,12,67,4,7,40,4,3,7,2,1,1,1,38,429,57,126,7,24,4,12,18,4,7,113,4,11,44,14,4,245,4,12,7,1,1,3,0,498,16,19,31,201
3326347583,1504294290452,2043,9,1,1,1,1,1,1,0,420,12,4,141,4,11,143,4,3,202,4,7,55,14,4,11,4,1,3,0,84,31,157,53,18,122,4,12,497,4,3,236,4,7,105,4,14,79,4,11,3,0,0,0,0,238,31,18,75,157
3328399836,1504450373391,2206,9,1,2,2,1,0,2,0,117,4,3,268,4,21,35,4,14,254,11,4,96,4,7,8,2,0,2,0,64,103,236,31,122,25,3,4,67,4,7,104,4,11,238,4,14,516,4,12,5,0,0,1,0,420,55,412,31,105
3327635957,1504377375379,1944,9,2,1,2,2,2,2,0,58,4,12,429,7,4,412,4,3,35,11,14,103,4,14,5,0,0,1,0,18,516,238,141,25,8,4,14,20,11,4,432,4,14,29,7,4,59,4,12,11,3,1,2,0,117,154,1,40,157
3327398395,1504363763794,1924,9,2,1,2,2,0,2,2,61,4,3,150,4,12,236,7,4,201,4,3,113,11,4,1,0,0,0,0,238,96,122,29,154,516,11,4,157,14,4,3,4,12,40,3,4,119,4,7,7,2,0,3,1,114,18,238,89,7
3282156090,1501272142805,2595,9,2,1,1,2,2,1,0,163,14,4,51,4,7,77,11,4,122,4,12,16,4,3,5,0,0,2,0,420,238,31,90,105,74,4,12,33,11,4,117,3,4,15,7,4,136,14,4,10,3,2,3,0,85,90,141,75,105
3246429485,1498885611492,2490,9,1,2,1,1,1,1,0,245,14,4,203,11,4,29,7,4,111,4,3,92,12,4,11,5,1,3,0,105,3,64,23,114,103,14,12,44,12,14,9,12,14,40,12,11,1,12,14,3,0,0,0,0,20,81,114,157,74
3317416475,1503622114305,2619,9,2,2,2,2,2,2,0,134,7,4,98,4,12,154,4,11,117,3,4,67,4,7,7,1,1,1,0,119,114,61,33,18,24,4,11,429,4,7,412,4,14,240,12,4,17,4,21,10,4,2,3,0,57,113,40,29,64
3316314810,1503580611903,1821,9,1,1,1,0,0,1,0,432,4,14,22,7,4,114,4,12,13,12,4,254,11,4,5,0,0,2,0,238,201,17,53,55,103,4,14,51,4,7,111,11,4,26,3,4,126,12,4,2,0,0,1,0,105,107,-1,122,53
3311250960,1503234954799,1950,9,1,1,2,2,1,2,0,8,14,4,164,12,4,412,4,14,202,7,4,31,4,11,9,2,1,0,0,154,29,117,113,40,92,4,12,61,21,4,43,3,4,59,11,4,498,4,7,7,2,0,2,0,-1,18,29,60,40
3319790564,1503831337940,1510,9,2,2,2,2,2,2,2,112,7,4,54,4,11,67,4,7,420,4,12,267,3,4,0,0,0,0,0,40,31,157,57,18,12,4,14,24,11,4,23,4,14,63,4,14,222,4,7,10,2,1,2,1,236,31,119,7,64
3329318620,1504481994908,1819,9,2,2,2,2,2,2,0,61,14,4,54,4,11,53,4,3,18,4,7,75,6,12,1,0,0,0,0,105,51,122,45,40,202,4,7,25,3,4,164,12,4,141,11,4,55,4,14,10,3,1,2,0,40,114,34,67,29
3330367981,1504574352765,2134,9,2,2,1,2,1,1,0,99,4,21,11,4,11,43,4,3,84,14,4,21,4,7,4,0,1,1,0,157,80,69,16,40,63,3,4,29,7,4,79,11,4,31,4,12,42,4,7,10,2,1,2,0,157,498,53,114,38
3264336631,1500074652187,1513,9,1,2,1,1,0,1,0,143,4,14,141,11,4,222,4,7,99,4,21,86,14,4,9,2,0,1,0,17,61,154,498,51,64,4,11,150,12,7,412,4,3,119,4,7,34,4,21,1,0,0,0,0,51,420,238,498,154
3285785195,1501533950390,2118,9,2,2,2,2,2,1,2,497,14,4,238,14,4,39,4,12,254,4,11,498,4,7,1,0,0,1,0,6,31,3,154,157,62,4,12,134,4,14,80,11,4,110,4,7,53,4,3,10,2,1,3,1,55,122,114,121,9
3317349649,1503616542671,1415,9,2,1,2,2,0,2,2,497,3,4,516,12,4,141,11,4,82,12,4,22,7,4,2,0,0,0,0,55,5,122,105,67,21,7,4,31,14,4,238,4,14,131,11,4,37,3,4,11,2,0,3,1,50,24,51,8,412
3265868164,1500199279687,1725,9,2,2,2,2,2,1,0,18,4,7,11,11,12,2,12,4,53,4,14,99,21,4,2,0,0,1,0,23,1,51,105,114,16,4,3,26,4,12,141,12,4,238,4,7,31,4,11,9,2,1,2,0,157,143,51,113,105
3327937436,1504396069666,2472,9,2,1,2,2,1,1,0,29,4,7,114,4,12,427,11,4,21,4,3,245,14,4,4,0,1,2,0,19,497,105,11,119,58,12,4,412,4,14,157,4,12,516,4,11,222,4,7,10,1,1,2,0,19,18,238,105,80
3317864266,1503675428812,2653,9,1,2,2,2,2,2,2,56,11,4,67,7,4,59,12,4,40,3,4,90,6,4,11,2,0,2,0,29,53,122,119,105,62,4,7,55,14,4,102,11,4,143,14,4,516,12,4,7,1,1,3,1,64,141,126,119,157
3326384000,1504295880136,1696,9,2,2,2,2,0,2,0,163,3,4,41,12,4,53,14,4,18,4,7,24,4,11,0,0,0,0,0,-1,-1,-1,412,117,102,4,11,44,3,4,27,12,6,202,7,4,157,3,4,8,1,0,3,0,238,29,19,31,121
3254208809,1499427636617,1959,9,1,1,2,1,1,1,2,45,4,12,412,4,14,22,4,7,77,4,11,23,4,12,10,3,1,3,0,114,55,39,7,238,89,4,3,51,7,4,85,4,14,20,11,4,31,12,4,4,0,0,1,1,67,61,119,154,55
3330844042,1504614177857,2184,9,2,2,2,2,2,2,2,141,11,4,21,7,4,103,4,14,240,12,4,223,4,3,3,0,0,2,0,18,23,55,53,17,412,4,3,11,4,11,222,4,7,157,12,4,122,4,12,8,1,1,2,1,75,24,53,89,64
3229306576,1497818975222,1232,9,1,1,1,0,0,2,0,498,4,7,74,4,14,39,4,12,28,4,11,99,14,4,3,0,0,0,0,157,114,117,154,11,64,11,4,110,7,4,497,14,4,412,12,4,43,12,4,0,0,0,1,0,53,105,164,122,11
3330058303,1504555887253,2815,9,1,1,1,1,2,2,0,33,4,11,22,7,4,14,4,14,131,4,14,84,12,4,10,3,1,1,0,91,238,154,40,266,240,4,12,143,14,4,18,4,7,32,4,11,17,4,12,6,2,2,2,0,31,157,154,134,114
3325844044,1504262227428,2456,9,2,1,1,2,1,1,1,498,4,7,497,4,3,59,11,4,55,14,4,58,12,4,4,0,1,2,1,29,38,17,53,119,78,4,3,157,4,12,238,4,14,18,4,7,131,11,4,10,2,1,2,0,99,67,427,64,53
3255246075,1499465664714,1860,9,1,1,1,1,0,2,0,115,7,4,432,14,4,99,4,14,23,12,4,24,11,4,10,2,0,1,0,498,157,154,53,103,19,11,6,51,7,4,86,4,12,55,14,4,40,4,3,4,0,0,2,0,154,3,67,238,17
3311879675,1503267031798,1947,9,1,1,2,2,1,2,0,117,4,3,18,7,4,238,4,14,245,12,4,9,4,11,8,1,1,2,0,57,122,141,31,163,111,4,11,236,12,4,161,3,4,412,4,14,110,7,4,5,1,0,1,0,6,157,92,11,40
3318878988,1503744766031,2029,9,1,1,1,1,1,1,1,18,4,7,161,21,4,267,4,3,14,12,4,19,4,11,10,1,1,2,1,40,516,119,157,238,80,4,14,141,11,4,99,21,4,44,3,4,67,4,7,4,0,0,1,0,238,105,31,154,40
3268816802,1500386634401,1488,9,2,2,2,0,0,1,0,202,4,7,69,6,4,164,4,3,84,4,12,56,11,4,1,0,0,1,0,119,-1,103,77,23,90,6,4,254,4,11,22,4,7,40,3,4,50,12,4,4,0,0,1,0,99,114,141,67,28
3326118772,1504282736783,2475,9,1,1,1,2,2,2,1,15,4,7,114,12,4,40,3,4,19,11,4,61,14,4,10,2,1,0,1,1,420,412,31,157,29,7,4,223,3,4,141,11,4,75,12,4,99,4,14,8,5,1,4,0,90,267,24,59,51
3326649818,1504317935661,2012,9,1,1,1,1,1,1,0,498,7,4,64,11,4,27,6,12,81,12,4,16,3,4,9,3,1,3,0,119,31,57,41,13,51,4,7,75,4,12,141,4,11,497,14,4,143,4,12,0,0,0,0,0,429,114,238,119,157
3329051393,1504463245993,1995,9,2,1,1,1,2,1,0,22,4,7,104,4,11,75,4,12,42,1,4,497,4,3,9,3,0,2,0,103,238,164,18,40,432,4,14,498,7,4,92,12,4,4,6,4,57,11,4,7,1,2,1,0,29,157,141,114,61
3331058657,1504628643173,1753,9,2,2,2,2,0,2,0,32,4,11,497,14,4,61,4,12,58,12,4,81,7,4,2,0,0,0,0,67,157,131,141,64,51,7,4,63,14,4,77,11,4,267,4,3,86,12,4,11,3,0,2,0,40,23,53,55,157
3260049160,1499802373285,1638,9,1,2,2,1,0,1,0,412,4,3,202,4,7,122,4,12,104,4,11,115,4,21,7,1,0,2,0,119,114,29,154,117,161,21,4,64,11,4,112,14,4,429,4,7,267,14,4,1,0,0,0,0,51,105,119,76,114
3326539690,1504305655749,1837,9,2,2,2,2,0,2,0,4,4,14,98,4,11,516,4,14,18,7,4,24,4,12,3,0,0,0,0,75,29,420,122,28,238,4,14,110,4,7,37,3,4,5,4,14,59,4,11,11,4,0,3,0,114,67,157,35,105
3234615148,1498153407781,1238,9,1,1,1,1,0,1,0,81,4,14,5,4,11,114,12,4,117,4,14,17,4,7,7,1,0,1,0,15,122,51,24,19,154,4,3,157,12,4,119,4,7,37,4,3,11,11,4,0,0,0,0,0,53,498,105,85,38
3330984203,1504621637417,1907,9,2,2,2,2,2,2,0,43,14,4,103,4,14,119,4,7,117,4,14,203,4,11,2,0,0,0,0,497,141,57,121,31,33,11,4,126,12,4,16,3,4,67,4,7,61,3,4,9,2,1,2,0,18,37,498,245,40
3327876677,1504391706238,1401,9,1,1,1,0,0,1,0,412,7,4,14,12,4,133,12,4,61,4,6,107,11,4,7,0,0,1,0,68,134,516,63,122,498,7,4,77,6,11,2,12,4,497,3,4,74,14,4,1,0,0,0,0,238,157,141,202,245
3325972150,1504272472607,1421,9,1,1,1,1,0,1,1,45,7,21,82,4,12,141,4,11,67,4,7,37,3,4,10,2,0,3,1,53,238,64,266,23,122,4,12,76,4,11,29,4,7,267,4,3,126,14,4,2,0,0,0,0,53,421,113,157,61
3324987381,1504204376245,1511,9,1,1,1,1,0,2,0,81,4,7,40,3,4,59,12,4,103,4,21,60,11,4,9,2,0,0,0,6,157,90,55,238,432,3,4,64,4,11,67,4,7,99,21,4,75,4,12,1,0,0,2,0,105,31,122,117,238
3326637765,1504315252110,1394,9,2,2,2,2,0,2,2,79,4,14,81,4,11,498,4,7,201,3,4,122,12,4,0,0,0,0,0,105,31,114,157,141,83,4,12,106,11,4,45,14,4,67,4,7,16,7,4,11,3,0,1,1,31,238,92,157,53
3314595757,1503453329039,2492,9,2,2,2,2,2,2,0,498,4,7,11,11,4,150,4,12,17,14,4,53,3,4,4,0,0,1,0,25,6,412,18,90,15,4,7,432,14,4,163,4,14,121,4,11,23,4,12,10,4,1,3,0,24,55,67,238,40
3319001095,1503752709935,1601,9,2,2,2,2,0,2,2,267,3,4,6,4,12,29,7,4,79,4,11,42,4,3,2,0,0,0,0,157,122,154,412,117,18,4,7,27,6,12,63,14,4,64,11,4,16,4,3,10,1,0,3,1,163,96,40,117,41
3325552577,1504214011931,3148,9,2,1,1,1,2,2,0,54,4,12,53,4,3,102,4,11,41,4,12,67,7,4,9,4,1,2,0,114,75,497,103,84,25,4,12,141,11,4,222,4,7,16,3,4,61,14,4,9,3,3,3,0,18,516,40,31,157
3320872538,1503872493920,1937,9,1,2,1,1,0,2,1,238,4,14,18,4,7,516,11,4,40,4,3,266,4,14,7,1,0,1,1,31,92,51,119,154,67,4,7,55,14,4,57,4,11,412,4,14,15,7,4,5,0,0,3,0,1,80,29,432,8
3257309112,1499625420457,1260,9,2,1,2,0,0,2,0,98,3,4,35,4,14,81,4,7,421,4,11,103,14,4,1,0,0,0,0,7,157,122,33,3,59,4,12,61,4,14,77,4,11,202,4,7,267,3,4,4,0,0,2,0,114,29,19,157,25
3308046962,1503003542114,2498,9,2,2,2,2,1,2,0,102,4,11,18,7,4,43,4,3,157,3,4,48,12,4,2,0,1,0,0,238,114,31,29,119,98,4,12,427,11,4,89,4,14,22,7,4,163,4,3,10,2,0,5,0,40,238,59,141,51
3248274660,1499006597246,2376,9,1,2,2,1,1,1,0,245,14,4,51,7,4,223,12,4,64,4,11,45,3,4,10,2,1,2,0,19,202,119,5,105,24,11,4,67,4,7,98,4,12,43,3,4,131,4,14,7,1,0,2,0,119,53,29,238,16
3322407972,1504008773566,1964,9,2,2,1,2,2,2,1,15,4,7,99,21,4,16,3,4,86,4,12,11,4,11,3,0,0,0,1,141,516,57,202,6,8,4,6,36,12,4,429,7,4,53,4,14,68,11,4,8,1,1,4,0,238,31,18,64,22
3246428583,1498882652924,2239,9,2,1,2,2,0,2,0,23,4,12,53,4,3,238,4,14,11,11,1,51,4,7,4,0,0,0,0,157,24,37,84,17,56,11,4,92,7,4,412,4,3,67,7,4,134,4,14,11,5,0,3,0,133,-1,122,114,107
3329839741,1504544013197,1905,9,1,1,1,1,0,2,0,103,14,4,32,4,11,40,3,4,29,7,4,75,4,12,10,2,0,1,0,64,5,23,53,157,72,11,4,26,3,4,67,4,7,3,4,14,83,12,4,1,0,0,1,0,64,122,238,50,157
3324716759,1504189183577,2076,9,2,1,2,2,2,1,0,31,4,12,3,4,11,22,4,7,89,4,3,157,4,14,6,0,0,1,0,117,238,57,40,75,236,4,14,29,7,4,35,14,11,497,4,3,78,12,4,8,1,1,3,0,53,6,141,119,19
3301953859,1502640953130,1550,9,1,1,1,1,0,1,1,41,4,12,64,11,4,40,3,4,238,14,4,202,7,4,11,3,0,2,1,122,119,84,31,90,103,4,14,201,3,4,114,12,4,133,4,11,18,4,7,1,0,0,0,0,24,51,31,154,29
3320851894,1503872113227,954,9,1,1,1,0,0,1,0,44,3,4,75,4,12,15,4,7,238,14,4,60,4,11,6,0,0,1,0,96,154,29,126,40,164,4,12,24,4,11,61,1,4,201,4,3,18,7,4,0,0,0,0,0,114,7,40,497,117
3329862514,1504544567006,1613,9,1,1,1,1,1,1,1,37,4,3,90,14,4,58,12,4,18,7,4,102,11,4,8,1,1,2,1,113,11,54,31,238,80,11,4,267,4,3,29,4,7,134,4,14,68,4,12,1,0,0,1,0,92,240,31,117,96
3322920390,1504039411014,1674,9,1,1,1,0,0,1,0,31,11,4,516,4,12,55,4,14,143,14,4,202,4,7,6,0,0,3,0,141,89,119,24,238,74,14,4,157,4,12,267,4,3,22,7,4,59,11,4,1,0,0,0,0,141,51,238,53,45
3312123321,1503303840737,2828,9,1,1,2,1,1,2,1,31,12,4,18,4,7,245,4,12,412,4,3,154,4,11,9,3,2,0,1,117,121,59,8,40,16,3,4,33,11,4,84,12,4,222,7,4,34,4,12,7,0,1,4,0,63,40,117,53,79
3222328463,1497394939371,1726,9,1,1,1,1,1,1,1,99,4,14,20,4,11,51,4,7,59,4,12,11,4,11,8,1,1,4,1,240,53,157,412,67,48,4,11,90,4,6,29,4,7,37,4,3,86,4,12,0,0,0,0,0,17,89,24,122,157
3222172709,1497383973351,2736,9,2,1,2,2,1,2,0,38,12,4,92,4,12,143,3,4,154,11,4,29,4,7,4,0,2,0,0,157,498,3,114,113,119,7,4,267,3,4,39,12,4,104,11,4,61,4,14,11,5,1,5,0,51,114,55,50,105
3325087400,1504207006465,2446,9,1,1,2,2,1,1,0,45,4,21,74,4,12,56,4,11,53,3,4,222,4,7,10,2,1,3,0,25,157,105,141,223,79,4,12,236,4,7,17,4,14,76,11,4,238,4,14,9,1,0,1,0,89,201,105,157,110
3328360734,1504446098026,1315,9,1,1,1,1,0,1,0,28,4,11,18,4,7,157,4,12,117,4,3,91,14,4,10,1,0,1,0,67,103,31,236,53,24,11,4,78,12,4,134,21,4,110,4,14,99,3,4,0,0,0,0,0,133,3,122,141,12
3217708505,1497108744632,1223,9,1,1,1,1,0,1,1,412,4,14,157,12,4,99,4,21,121,11,4,21,4,7,7,1,0,2,1,117,25,498,240,61,85,4,12,222,7,4,72,4,11,134,3,4,223,3,4,0,0,0,0,0,154,51,55,105,122
3321285257,1503931101247,1704,9,1,1,1,1,1,1,0,238,4,14,9,4,11,37,4,7,67,21,4,39,4,12,10,1,1,1,0,157,75,40,8,31,61,4,21,16,4,3,22,7,4,6,4,12,59,4,11,1,0,0,1,0,18,141,29,134,117
3331550177,1504671375678,2141,9,1,1,1,1,1,2,0,126,4,12,236,7,4,25,14,4,18,4,7,59,11,4,11,3,2,1,0,4,117,119,40,29,497,4,3,60,11,4,498,4,7,41,12,4,13,6,4,4,0,0,3,0,40,35,29,38,157
3217253458,1497060575088,1536,9,2,1,2,2,0,2,0,33,4,11,62,4,12,497,14,4,38,4,12,133,7,4,0,0,0,0,0,157,238,202,154,51,222,4,7,53,3,4,23,14,4,4,4,14,56,11,4,7,2,0,1,0,122,37,119,117,498
3313164898,1503345229506,2310,9,1,2,2,1,0,2,0,103,4,14,43,4,12,57,4,11,21,7,4,14,4,14,5,2,0,0,0,114,29,31,3,238,141,4,11,432,4,14,61,12,4,81,7,4,42,3,4,3,0,0,2,0,29,134,40,18,38
3285198816,1501498568100,1387,9,2,2,2,2,2,2,2,4,4,14,41,4,12,35,11,14,43,4,14,15,4,7,3,0,0,0,0,412,64,75,119,110,117,4,14,18,7,4,23,12,4,24,11,4,99,4,14,9,2,1,2,1,122,51,141,154,105
3282955131,1501349612004,2318,9,2,2,1,2,2,1,2,32,4,11,122,4,12,34,4,12,202,4,7,432,14,4,3,0,0,1,0,6,201,38,12,31,67,7,4,40,4,14,2,6,11,103,4,14,24,12,4,11,3,1,4,1,29,119,64,157,114
3328291426,1504443295614,1890,9,1,1,2,1,1,2,0,67,7,4,516,12,4,53,4,14,64,4,11,7,4,12,7,1,1,2,0,122,90,119,40,96,236,14,4,412,4,3,51,4,7,48,12,4,131,4,11,4,0,0,1,0,122,157,498,-1,6
3330112455,1504556942960,1353,9,1,1,2,1,0,1,1,80,14,4,90,4,14,59,4,11,497,4,14,18,4,7,7,1,0,2,1,40,33,96,117,16,9,11,4,106,12,4,141,4,14,236,7,4,412,4,3,2,0,0,0,0,19,24,117,-1,29
3329144783,1504469179567,1210,9,2,2,2,0,0,2,0,268,4,21,21,4,7,267,4,3,154,11,4,141,4,12,0,0,0,0,0,119,19,157,24,114,245,12,4,6,4,12,12,4,3,64,4,11,15,4,7,5,0,0,1,0,29,157,5,238,18
3325959885,1504272081056,1749,9,1,1,1,1,0,1,0,516,4,12,53,14,4,67,7,4,64,4,11,157,4,14,9,2,0,2,0,238,80,127,32,40,29,4,11,111,3,4,75,4,12,103,4,12,202,7,4,2,0,0,0,0,18,420,245,19,122
3294275325,1502163027200,2554,9,2,1,2,2,2,2,0,7,4,14,84,14,4,91,11,4,412,12,4,119,4,7,4,0,0,2,0,238,105,122,114,31,432,4,3,18,7,4,141,4,11,6,14,4,14,4,12,10,3,2,2,0,266,67,90,51,114
3274073194,1500732363424,1703,9,1,2,1,1,0,1,0,141,11,4,51,7,4,74,7,4,40,4,14,157,14,4,7,1,0,1,0,39,90,121,11,53,412,4,3,18,4,7,122,4,12,9,4,11,161,4,14,1,0,0,0,0,154,11,103,420,105
3327907002,1504392337674,2006,9,1,1,1,1,2,1,2,18,7,4,99,3,4,4,4,6,64,11,4,107,4,12,9,1,0,3,0,141,119,157,238,114,63,3,4,67,7,4,39,12,4,35,14,11,43,4,3,3,0,1,0,1,31,61,29,516,84
3330926789,1504619327226,1771,9,1,2,1,1,1,1,1,5,4,12,115,4,12,120,11,4,90,3,4,110,7,4,10,3,1,3,1,6,64,40,38,103,69,3,4,104,11,4,412,14,4,429,7,4,24,12,4,0,0,0,0,0,141,18,33,114,31
3271048352,1500506188503,1419,9,1,1,1,1,0,2,0,1,4,14,238,4,14,51,4,7,17,12,4,24,4,11,10,2,0,1,0,55,154,420,222,105,77,4,11,37,4,3,81,7,4,157,14,4,58,4,12,0,0,0,1,0,53,105,420,75,154
3327591174,1504373102718,1746,9,2,1,2,2,2,2,0,16,4,3,119,4,7,68,14,4,516,4,14,64,4,11,0,0,0,0,0,202,84,34,25,105,412,14,4,67,7,4,141,4,11,6,12,4,80,14,4,11,3,1,2,0,19,63,11,69,122
3265996753,1500207079950,199,9,1,1,0,0,0,0,0,21,7,4,44,4,3,58,12,4,113,11,4,91,4,14,0,0,0,0,0,-1,1,157,53,122,90,12,4,150,12,4,29,11,4,412,3,4,51,7,4,0,0,0,0,0,245,222,141,154,134
3317870286,1503677146356,2616,9,2,1,2,2,2,2,0,17,4,12,202,7,4,157,4,14,412,7,4,223,4,11,6,0,0,1,0,67,55,429,31,63,40,3,4,18,4,7,24,4,11,516,4,12,7,14,4,8,1,1,3,0,-1,53,103,122,-1
3258223507,1499691764570,1696,9,2,2,2,2,2,2,1,157,4,12,412,14,4,64,11,4,268,4,21,67,4,7,5,0,0,0,1,114,42,38,119,29,24,12,4,267,4,3,79,4,11,61,4,21,202,4,7,11,3,1,3,0,29,154,38,51,114
3326869083,1504349442986,1838,9,1,2,1,1,1,1,1,113,4,11,51,4,7,245,4,12,12,14,4,14,4,12,11,3,1,3,1,412,23,40,38,18,59,4,12,69,4,3,497,4,14,64,11,4,67,4,7,0,0,0,0,0,141,157,114,18,40
3330169107,1504562362787,1868,9,1,2,2,1,1,1,0,33,11,4,115,4,21,150,12,4,21,4,7,26,3,4,11,2,1,2,0,24,238,37,117,40,103,14,4,114,4,12,51,4,7,141,4,11,89,14,4,2,0,0,0,0,75,16,79,238,25
3319755490,1503829141803,2532,9,1,1,2,1,1,1,0,63,14,4,81,4,7,121,11,4,1,14,4,85,12,4,11,3,1,4,0,119,84,154,18,40,60,11,4,45,14,4,432,4,3,498,4,7,6,12,4,6,0,0,1,0,113,238,29,157,114
3320782778,1503866212688,1465,9,2,2,1,2,2,1,2,136,4,3,59,4,11,201,4,14,84,4,12,81,4,7,2,0,0,2,0,79,16,238,31,114,164,4,12,497,4,14,429,7,4,141,4,11,105,4,14,8,2,1,1,1,119,8,31,18,40
3285925105,1501540713309,1575,9,2,2,2,2,2,2,0,18,7,4,412,4,3,126,4,7,91,14,4,223,11,4,3,0,0,0,0,67,154,122,57,15,40,4,7,29,4,21,45,4,12,5,4,11,150,12,4,9,2,1,1,0,31,57,6,32,121
3217103287,1497047496251,2070,9,1,2,1,1,1,2,0,92,12,4,20,4,11,63,4,3,53,3,4,222,7,4,10,2,1,1,0,105,39,25,498,154,238,4,14,122,4,12,55,11,4,51,7,4,43,4,3,3,0,0,2,0,117,157,28,105,154
3329430724,1504502155609,1847,9,2,2,2,2,0,2,2,90,14,4,59,4,12,64,4,11,497,4,3,18,7,4,2,0,0,0,0,245,40,55,202,80,498,4,6,53,3,4,5,12,4,131,4,12,24,4,11,9,3,0,3,1,114,29,25,238,19
3244307791,1498749225397,2091,9,2,2,1,1,2,2,0,63,6,4,23,11,6,58,12,4,18,3,4,25,14,4,9,2,0,0,0,119,122,114,84,238,19,4,11,4,6,4,51,4,7,10,12,4,53,3,4,9,1,1,3,0,157,80,29,122,64
3254285383,1499430479537,1784,9,2,1,1,2,2,2,1,58,14,4,91,14,4,222,7,4,19,11,4,412,14,4,2,0,0,1,1,5,245,80,53,119,36,12,4,103,14,4,84,4,11,25,3,4,21,4,7,10,1,1,1,0,114,11,119,245,53
3265702063,1500159904709,2284,9,2,2,2,2,2,2,0,25,3,4,51,7,4,14,4,12,161,14,4,203,4,11,0,0,0,0,0,105,29,157,114,64,35,14,11,141,12,4,44,3,4,222,4,7,90,6,4,11,2,1,3,0,113,122,134,21,3
3328965682,1504459686432,2000,9,1,2,1,1,1,1,0,266,4,12,141,4,11,103,4,14,267,3,4,429,4,7,10,3,2,3,0,11,117,40,105,122,8,12,4,412,4,3,29,11,4,18,4,7,99,4,21,1,0,0,1,0,114,57,24,61,154
3330242125,1504563819810,1610,9,1,1,1,1,0,1,0,516,4,3,104,11,4,126,4,12,55,4,12,15,7,4,10,2,0,1,0,4,53,57,105,75,76,12,4,157,4,14,154,4,11,25,4,3,268,21,4,0,0,0,0,0,53,64,141,90,122
3326193355,1504284343027,1901,9,1,1,2,1,1,2,0,80,4,14,42,4,12,57,11,4,236,4,7,497,4,3,9,2,1,2,0,28,141,-1,157,29,202,4,7,121,4,11,45,4,12,90,12,4,48,3,4,3,0,0,1,0,113,40,51,25,31
3272898214,1500657290571,2280,9,2,1,1,2,0,1,0,240,12,4,99,3,4,40,4,3,19,4,11,67,4,7,4,0,0,1,0,51,498,119,157,202,44,12,4,236,4,7,59,11,4,112,12,4,37,3,4,10,2,0,3,0,420,154,141,31,222
3325558199,1504215843987,2621,9,2,2,2,2,1,2,2,498,4,7,35,12,14,161,6,4,245,4,14,5,4,11,6,1,1,2,0,90,40,516,75,38,60,11,4,103,4,21,3,12,4,21,7,4,412,4,3,11,4,1,3,1,157,141,117,18,40
3269159561,1500407208746,2472,9,2,1,1,1,2,1,0,25,4,14,103,4,14,110,4,7,9,4,11,2,14,4,9,2,0,3,0,69,141,157,105,53,67,7,4,50,4,3,39,12,4,33,11,4,99,4,21,8,1,2,1,0,238,114,154,122,119
3313083103,1503340763417,1734,9,1,2,1,1,1,1,1,38,12,4,29,4,7,113,4,11,53,3,4,83,4,12,11,4,1,2,1,80,19,51,105,31,59,4,11,25,4,3,103,4,14,18,7,4,122,12,4,2,0,0,0,0,134,157,31,114,141
3224985805,1497563745436,1811,9,1,1,2,1,2,2,1,103,4,12,412,4,3,154,4,11,15,7,4,84,14,4,9,1,0,2,1,238,117,80,157,105,110,4,7,163,4,6,90,3,4,68,4,12,77,4,11,3,0,1,1,0,29,38,122,134,157
3329961731,1504549286994,1923,9,1,2,1,1,1,2,0,412,4,3,222,4,7,90,4,14,5,11,4,72,12,4,11,3,1,2,0,134,516,40,18,117,236,7,4,267,14,4,31,4,11,112,4,21,126,4,3,2,0,0,1,0,141,157,40,516,238
3230479572,1497892378717,2223,9,2,1,2,2,2,2,0,55,4,14,236,4,7,161,4,11,24,11,4,41,4,12,3,0,0,1,0,67,38,84,122,114,44,4,14,60,4,11,10,12,4,157,4,12,119,7,4,11,3,1,3,0,53,3,154,38,105
3319020161,1503755485950,1761,9,1,1,1,1,0,2,0,37,14,4,76,4,14,203,11,4,202,4,7,238,4,14,10,2,0,1,0,516,40,84,-1,119,3,4,12,141,4,11,89,3,4,21,4,7,69,3,4,3,0,0,1,0,12,122,516,18,412
3261473436,1499891772710,1320,9,2,2,2,2,0,2,2,412,4,3,236,7,4,83,12,4,38,14,4,35,14,11,1,0,0,0,0,19,119,157,141,53,133,7,4,59,12,4,203,11,4,131,4,14,12,4,3,9,2,0,1,1,134,92,154,223,84
3277890535,1501008376192,2237,9,1,1,2,1,1,1,0,412,4,3,106,4,12,110,4,7,69,4,14,107,4,11,9,2,2,2,0,134,24,11,64,31,113,4,11,432,4,14,67,4,7,58,4,12,45,4,14,5,0,0,2,0,103,154,51,31,62
3324867310,1504198137710,2331,9,1,1,2,1,1,2,2,67,4,7,24,12,4,40,3,4,30,3,4,76,4,11,9,3,1,2,0,157,38,16,19,57,25,3,4,17,12,4,20,4,11,101,4,21,15,4,7,4,0,1,3,1,2,157,29,19,18
3289336523,1501794380152,1803,9,2,1,2,2,2,2,0,50,4,12,60,11,4,81,4,7,497,4,3,498,7,4,1,0,0,0,0,113,105,119,6,420,67,12,4,44,3,4,29,4,7,238,14,4,79,11,4,11,4,1,2,0,18,31,157,420,122
3301986787,1502642619946,1744,9,1,1,1,1,2,2,1,131,4,11,18,7,4,90,4,12,163,4,21,16,4,3,11,3,0,2,1,51,113,57,29,238,58,4,12,30,4,3,37,14,4,15,7,4,121,4,11,1,0,1,1,0,31,10,39,122,40
3314567075,1503455365223,2224,9,1,2,2,2,2,1,2,92,4,12,31,11,4,53,4,14,134,6,4,18,4,7,9,2,1,3,0,266,38,122,119,40,16,4,3,222,4,7,62,11,4,163,21,4,58,12,4,8,4,1,2,1,79,412,119,238,117
3321610673,1503949556094,1318,9,1,1,2,0,0,1,0,51,4,7,25,3,4,113,11,4,55,14,4,122,4,12,5,0,0,2,0,516,238,99,11,75,143,4,14,83,4,12,141,11,4,222,4,7,103,4,14,1,0,0,0,0,40,33,18,8,75
3288935326,1501771728525,1824,9,2,2,2,2,1,2,0,11,4,11,42,4,3,21,4,7,10,12,4,25,4,3,5,0,1,0,0,122,238,8,412,105,24,4,12,157,14,4,64,4,11,67,4,7,40,3,4,10,2,0,3,0,29,57,61,141,6
3329204986,1504472053848,2157,9,1,2,1,1,0,1,0,62,14,4,5,11,4,236,7,4,223,4,3,84,4,14,9,3,0,2,0,238,157,122,498,37,412,4,7,119,7,4,35,14,11,79,4,14,86,4,12,5,0,0,2,0,17,67,32,21,105
3268026556,1500316737038,2517,9,2,1,1,2,1,1,0,76,4,11,34,4,12,90,3,4,91,12,4,222,4,7,3,0,1,1,0,58,83,15,53,105,24,4,12,78,11,4,202,7,4,63,21,4,99,4,3,9,2,1,3,0,154,117,55,236,141
3327402504,1504362331315,200,9,2,2,0,0,0,0,0,39,12,4,102,11,4,63,14,4,202,7,4,103,14,4,0,0,0,0,0,238,18,122,53,119,141,11,4,45,12,4,21,4,7,497,3,4,27,14,6,0,0,0,0,0,90,119,53,11,105
3329267175,1504476471760,1953,9,2,1,1,2,2,1,0,83,12,4,25,3,4,222,7,4,33,4,11,3,4,12,3,0,0,2,0,157,201,48,412,29,245,14,4,267,4,14,18,4,7,122,4,6,121,4,11,8,1,1,1,0,69,67,516,55,114
3314038775,1503423409127,1141,9,1,1,1,0,0,1,0,238,4,14,43,4,14,29,11,4,22,7,4,80,4,14,5,0,0,1,0,40,53,31,105,498,245,4,12,20,4,11,18,3,4,150,4,12,16,4,3,0,0,0,0,0,157,31,114,69,51
3322027188,1503966610342,1436,9,1,1,1,0,0,2,1,58,12,4,59,4,11,44,3,4,67,7,4,268,4,14,7,0,0,0,1,122,516,238,114,51,61,21,4,102,11,4,96,7,4,12,4,3,141,4,12,1,0,0,2,0,53,29,157,63,122
3329738721,1504538332009,1525,9,1,2,1,1,0,1,1,141,11,4,40,3,4,18,4,7,90,14,4,133,4,14,11,2,0,1,1,238,420,21,63,31,29,4,7,61,21,4,11,11,4,8,12,4,12,3,4,0,0,0,0,0,23,103,114,412,54
3290982455,1501934582159,2812,9,2,2,2,1,2,1,0,29,7,4,55,21,4,48,12,4,11,4,11,412,4,3,9,5,0,3,0,154,31,122,143,157,56,4,11,111,4,3,96,4,21,119,4,7,92,4,12,10,4,2,1,0,-1,238,141,122,53
3329629423,1504532786343,1381,9,2,1,2,2,0,1,2,245,4,12,89,14,4,427,4,11,15,4,7,39,4,12,0,0,0,1,0,40,117,6,29,75,141,4,11,103,6,4,92,12,4,51,4,7,432,4,14,10,1,0,1,1,16,117,40,18,157
3311958077,1503271769014,914,9,2,2,2,0,0,0,0,117,4,3,6,4,12,115,12,4,427,4,11,202,7,4,0,0,0,0,0,8,23,57,31,157,28,11,4,498,4,7,497,14,4,126,4,12,84,14,4,5,0,0,0,0,31,141,157,122,40
3329122106,1504466404322,2503,9,1,2,1,1,1,2,0,412,4,3,11,11,4,105,4,14,51,7,4,41,4,12,10,5,2,3,0,75,29,40,18,122,57,12,4,19,4,11,16,4,3,22,7,4,236,4,7,2,0,0,2,0,84,67,122,254,157
3318186236,1503695947633,1383,9,2,2,1,2,0,2,0,10,4,14,104,12,4,96,7,4,64,11,4,412,4,3,1,0,0,0,0,53,157,238,45,202,516,11,4,12,4,14,84,14,4,15,7,4,134,4,14,6,1,0,2,0,31,45,63,6,119
3328390078,1504450302982,2272,9,1,1,2,1,1,2,0,22,4,7,28,4,11,53,4,3,99,4,14,85,4,12,9,2,1,1,0,105,245,238,157,24,202,4,7,14,4,11,1,4,21,10,4,12,412,4,3,3,0,0,3,0,18,150,516,40,105
3331170768,1504632258491,1895,9,2,2,2,2,2,2,0,20,4,11,43,4,3,96,21,4,44,4,14,16,4,14,0,0,0,0,0,89,55,11,222,238,412,4,3,141,4,11,114,4,12,202,4,7,79,4,14,11,4,2,3,0,-1,122,64,157,117
3329962936,1504549602217,1123,9,1,1,1,1,0,1,1,59,11,4,51,7,4,31,12,4,37,4,3,91,14,4,10,2,0,1,1,40,67,117,113,18,119,7,4,58,4,12,238,4,14,57,4,11,432,4,14,0,0,0,0,0,18,53,141,245,92
3273558727,1500673291897,2283,9,2,1,1,2,1,2,1,412,4,14,80,4,12,55,4,14,72,4,11,236,7,4,5,0,1,1,1,90,157,498,154,122,24,12,4,64,4,11,99,4,14,89,4,3,22,7,4,10,2,1,3,0,51,17,157,105,141
3230189203,1497879562606,2191,9,2,1,2,0,2,1,2,154,4,11,498,7,4,245,4,12,41,4,12,223,4,3,3,0,0,2,0,8,157,51,7,17,267,4,3,62,4,12,38,4,12,29,4,7,23,4,11,5,0,1,1,1,134,11,119,122,157
3326140426,1504283439669,1876,9,2,1,2,2,0,2,1,497,4,3,21,7,4,90,4,21,86,12,4,107,11,4,2,0,0,0,1,238,34,154,31,61,201,3,4,236,7,4,421,11,4,18,4,7,150,12,4,8,2,0,3,0,131,141,119,157,31
3323998788,1504114584588,2483,9,2,2,1,2,2,2,2,26,4,3,21,4,7,268,14,4,35,11,14,86,12,4,5,0,0,1,0,55,29,12,122,157,51,4,7,37,3,4,45,4,12,150,12,4,111,4,11,11,2,1,2,1,64,11,18,53,24
3317667682,1503664919328,200,9,1,1,0,0,0,0,0,7,14,4,111,4,3,119,7,4,31,4,12,516,4,11,0,0,0,0,0,157,122,96,114,238,53,4,14,202,4,7,19,6,11,99,4,21,86,12,4,0,0,0,0,0,238,122,69,18,40
3327652364,1504376585207,1877,9,2,2,2,2,0,2,2,498,4,7,157,12,4,103,21,4,412,4,3,121,11,4,0,0,0,0,0,134,33,53,79,141,11,4,11,40,3,4,18,4,7,122,12,6,84,12,4,11,5,0,3,1,29,33,55,497,75
3331318957,1504642805816,1593,9,1,2,1,0,1,1,0,43,3,4,90,12,4,10,7,4,29,4,11,498,7,4,5,0,1,2,0,40,157,266,31,24,67,4,7,427,11,4,497,14,4,8,12,4,236,4,7,3,0,0,1,0,18,40,16,113,117
3257294535,1499623917511,1843,9,1,2,1,1,1,1,0,75,4,12,67,4,7,412,4,14,103,4,14,11,4,11,10,2,1,2,0,23,63,53,420,105,432,4,3,51,4,7,36,4,12,161,14,4,24,11,4,1,0,0,0,0,114,134,122,498,99
3319805310,1503833237241,1962,9,2,1,2,2,2,1,1,48,14,4,51,7,4,24,11,4,143,21,4,516,4,12,4,0,0,1,1,157,122,11,89,67,78,4,12,69,4,21,106,11,4,16,7,4,222,7,4,9,2,2,2,0,53,245,57,18,238
3318007582,1503685532226,1903,9,1,2,1,1,1,2,1,58,4,14,141,14,4,498,7,4,497,4,14,48,4,11,9,2,1,2,1,268,119,29,31,92,4,14,4,111,11,4,99,4,3,516,12,4,18,4,7,1,0,0,1,0,40,57,122,157,63
3327408358,1504363915084,2010,9,1,2,2,2,1,1,0,6,4,12,429,4,7,29,4,11,238,14,4,44,3,4,7,1,1,2,0,113,157,40,117,21,80,4,14,57,4,11,18,4,7,516,4,12,245,12,4,5,1,0,1,0,498,105,24,157,114
3328306130,1504444812117,1908,9,2,1,2,2,2,2,1,498,4,7,497,14,4,59,4,11,157,12,4,30,4,3,2,0,0,0,1,18,90,40,38,105,15,4,7,267,4,3,126,12,4,35,14,11,114,4,12,10,2,1,3,0,31,43,141,18,516
3302325605,1502655952034,1694,9,1,2,1,1,1,1,1,57,4,11,91,14,4,58,12,4,67,7,4,117,3,4,10,1,1,1,1,16,238,119,102,31,154,11,4,75,4,12,4,4,14,201,3,4,236,4,7,1,0,0,1,0,40,119,-1,19,28
3291916791,1501972186799,1361,9,2,1,2,2,0,0,0,16,4,3,92,4,7,238,4,14,98,4,12,29,4,11,0,0,0,0,0,61,122,-1,10,114,131,4,14,497,14,4,11,4,11,54,12,4,81,4,7,10,2,0,0,0,57,63,157,119,141
3278410223,1501019573446,1827,9,1,2,1,1,1,1,0,201,14,4,61,14,4,92,12,4,81,4,7,24,4,11,10,2,1,4,0,154,114,19,28,31,2,12,4,51,4,7,5,4,11,497,4,3,134,4,14,2,0,0,0,0,141,238,31,91,154
3324440574,1504150043498,1705,9,1,1,2,1,1,1,2,92,14,4,59,4,11,1,4,14,29,7,4,14,4,14,11,3,1,3,0,33,117,31,245,40,110,4,7,37,4,3,154,11,4,90,3,4,157,12,4,3,0,0,0,1,134,31,40,18,57
3317435277,1503621446808,1648,9,1,1,2,1,1,1,2,81,7,4,80,12,4,84,14,4,113,4,11,267,4,14,9,2,1,2,0,119,86,516,-1,157,29,4,7,117,3,4,266,4,12,136,6,4,254,4,11,5,0,0,1,1,53,18,58,103,24
3280268260,1501147142926,1873,9,1,2,2,1,1,2,2,427,4,11,114,4,12,222,4,7,69,6,4,238,4,14,8,1,1,1,0,6,113,19,134,57,16,3,4,8,4,14,44,12,4,51,7,4,20,11,4,3,0,0,3,1,-1,31,53,412,157
3250308349,1499126864311,2224,9,2,2,1,2,2,2,2,20,4,14,34,7,4,23,12,4,74,4,21,86,4,11,2,0,0,1,0,420,238,119,25,3,51,4,7,432,4,14,56,4,11,126,4,14,103,4,14,9,2,2,3,1,-1,53,157,122,119
3326769378,1504345370575,1425,9,1,1,1,1,0,1,1,6,4,12,121,4,11,110,4,7,119,4,3,134,14,4,10,2,0,1,1,31,99,51,114,11,202,7,4,238,4,14,117,4,3,59,4,12,427,11,4,0,0,0,0,0,141,80,516,53,55
3329676359,1504534809415,1725,9,2,2,2,2,2,1,1,516,12,4,412,14,4,91,14,4,429,7,4,72,4,11,3,0,0,2,1,53,498,117,31,38,497,3,4,103,14,4,67,4,7,59,4,11,92,4,12,10,2,1,1,0,58,-1,40,64,31
3322518373,1504015783978,2008,9,2,2,2,2,2,1,2,157,4,12,2,12,6,16,3,4,11,4,11,498,4,21,4,0,0,1,0,154,29,31,8,119,412,3,4,222,4,7,6,12,4,113,4,11,103,14,4,11,5,1,2,1,18,57,40,117,29
3327950541,1504393759620,1202,9,2,2,2,2,0,2,2,99,4,21,24,11,4,54,12,4,67,7,4,20,4,3,0,0,0,0,0,497,412,113,134,31,150,12,4,203,11,4,18,4,7,37,4,3,61,21,4,10,2,0,1,1,53,29,238,117,40
3328485327,1504451527414,1069,9,1,1,1,1,0,1,0,105,4,12,120,11,6,18,4,7,63,14,4,36,4,12,8,1,0,1,0,121,119,40,114,51,9,4,11,498,7,4,89,3,4,58,4,14,103,14,4,0,0,0,0,0,29,31,141,157,40
3252681075,1499295054898,1524,9,2,2,2,2,0,2,1,64,11,4,74,21,4,41,12,4,51,7,4,201,3,4,3,0,0,0,1,114,119,412,28,154,84,4,14,498,4,7,16,3,4,104,4,11,157,4,14,11,2,0,2,0,38,53,36,114,154
3311765204,1503260198229,1651,9,2,1,2,0,2,2,0,15,4,7,45,4,14,98,4,12,141,11,4,236,7,4,3,0,0,0,0,114,40,157,64,53,420,4,12,7,21,4,79,4,11,119,4,7,412,14,4,4,0,1,2,0,40,84,114,53,157
3255016327,1499453782654,2041,9,2,1,1,2,1,1,1,53,14,4,38,4,12,22,4,7,421,4,11,84,12,4,7,0,1,3,1,29,96,154,3,119,429,4,7,126,4,12,101,4,3,76,11,4,412,14,4,7,1,0,1,0,51,114,64,154,60
3331127788,1504631385328,1609,9,1,2,1,1,0,2,2,96,4,7,117,4,3,17,4,14,141,4,11,41,4,12,9,2,0,2,0,24,92,18,91,238,63,4,14,59,12,4,29,7,4,412,4,14,102,4,11,1,0,0,1,1,18,4,157,238,75
3329271221,1504474604792,1583,9,2,2,2,2,0,2,0,40,4,3,7,12,4,154,11,4,58,4,12,222,4,7,0,0,0,0,0,157,38,19,238,119,15,4,7,113,11,4,91,4,14,201,3,4,41,4,12,10,1,0,2,0,16,29,53,99,18
3237828307,1498341816239,1363,9,1,1,1,1,0,1,0,427,4,11,63,7,4,114,12,4,119,4,7,40,4,3,10,2,0,1,0,34,7,51,23,157,267,3,4,64,11,4,113,4,12,236,7,4,69,6,4,0,0,0,0,0,154,157,19,117,6
3281134998,1501211281237,1952,9,1,1,1,1,1,2,0,18,4,7,44,3,4,134,4,3,92,4,12,79,4,11,10,3,1,0,0,57,238,19,202,154,29,4,11,105,4,12,412,4,14,429,7,4,126,4,12,2,0,0,3,0,40,60,119,57,6
3317717167,1503667810312,1761,9,2,1,2,2,2,2,2,157,4,3,113,4,11,24,4,12,18,4,7,516,4,3,3,0,0,0,0,238,54,53,420,31,91,4,14,67,4,7,89,14,4,20,4,11,98,12,4,9,2,1,3,1,19,238,141,117,32
3329202024,1504471230463,1719,9,1,1,1,1,0,2,1,30,4,12,51,7,4,154,4,11,45,4,14,54,4,12,10,3,0,1,1,117,44,122,40,11,36,6,12,15,7,4,16,4,3,59,11,4,4,4,21,0,0,0,1,0,498,114,31,238,29
3326035274,1504276372308,2022,9,2,1,2,2,2,1,2,20,4,11,74,4,14,432,4,14,99,4,21,110,4,7,3,0,0,3,0,40,57,18,29,157,222,7,4,238,4,14,201,3,4,113,11,4,126,4,12,10,3,1,1,1,67,63,119,90,40
3257696620,1499663333340,2308,9,2,2,2,2,2,1,1,39,12,4,201,3,4,45,4,12,24,11,4,18,7,4,6,1,0,2,1,245,38,105,19,42,90,14,4,17,4,14,103,4,14,427,4,11,498,7,4,11,4,2,2,0,119,85,11,154,92
3277637766,1500995104673,1485,9,1,1,1,1,0,2,1,31,11,4,103,4,14,81,4,7,16,3,4,17,4,6,11,3,0,1,1,154,80,53,223,119,63,4,14,412,4,3,58,4,12,19,4,11,429,4,7,0,0,0,1,0,141,157,64,238,114
3324087552,1504119621181,1691,9,2,1,2,2,0,1,0,43,7,4,427,11,4,268,14,4,202,4,7,75,4,12,2,0,0,1,0,67,114,105,238,24,157,4,12,3,4,12,76,4,11,96,4,7,12,4,7,11,3,0,2,0,18,238,16,24,53
3327633866,1504376730896,2267,9,1,2,1,1,1,1,2,54,12,4,85,4,12,57,4,11,157,4,7,117,4,3,8,1,1,2,0,238,40,51,412,131,18,7,4,55,14,4,37,14,4,98,4,12,81,4,11,2,0,0,3,1,238,40,29,141,131
3317349867,1503616680703,2366,9,2,2,2,2,2,2,2,164,12,4,11,4,11,21,4,3,63,1,4,202,7,4,3,0,0,2,0,8,39,122,51,119,516,4,12,22,7,4,141,11,4,16,4,14,1,12,4,11,5,1,2,1,29,90,40,157,18
3216075930,1497013669846,1360,9,1,1,1,0,0,1,1,61,14,4,59,11,4,16,4,3,157,4,12,22,4,7,7,0,0,2,1,8,154,103,122,90,51,7,4,412,4,3,2,12,4,121,4,11,112,4,12,1,0,0,0,0,114,64,154,498,84
3331593738,1504683273443,1922,9,2,1,2,2,2,1,0,412,14,4,31,4,12,43,12,4,141,11,4,67,4,7,2,0,0,2,0,157,19,117,3,18,104,4,11,498,7,4,16,3,4,34,12,4,150,4,12,9,1,1,1,0,40,157,-1,238,92
3330335526,1504570096120,1521,9,2,2,2,2,2,2,2,412,4,14,119,7,4,113,4,11,69,4,7,48,4,12,5,0,0,0,0,117,90,53,59,80,75,4,12,222,7,4,16,4,3,72,11,4,79,14,4,11,1,1,2,1,141,18,45,90,154
3309931814,1503155411536,1807,9,1,1,1,1,0,1,1,157,4,12,64,11,4,51,4,7,99,4,14,4,1,4,11,2,0,3,1,161,122,114,238,11,50,3,4,222,4,7,90,4,12,16,4,3,107,4,11,1,0,0,0,0,103,25,57,122,154
3270999266,1500502383407,2544,9,2,2,2,2,2,1,0,16,4,3,21,7,4,245,12,4,55,14,4,120,6,11,8,2,1,3,0,157,63,91,238,1,84,14,4,51,4,7,50,12,4,5,4,11,412,4,14,9,3,1,1,0,23,119,157,141,117
3326586844,1504308474940,2037,9,1,2,1,1,1,2,0,122,12,4,103,4,14,113,4,11,412,4,3,81,7,4,10,2,1,2,0,141,154,64,19,31,18,7,4,427,4,11,40,4,3,126,4,1,57,12,4,3,0,0,1,0,114,119,29,33,238
3330054099,1504554805788,2162,9,2,1,1,1,2,2,0,141,4,11,161,4,14,236,4,14,80,12,4,222,4,7,6,1,0,2,0,238,119,31,157,412,67,7,4,11,4,11,99,3,4,72,12,4,85,4,3,6,1,2,1,0,40,18,412,516,498
3215365016,1496940471597,2266,9,1,2,2,2,2,2,0,12,14,4,86,4,12,5,4,11,51,7,4,25,4,14,9,1,0,2,0,114,157,11,105,53,99,7,4,236,7,4,19,11,4,92,4,12,223,4,7,7,1,2,2,0,131,245,80,53,67
3317787491,1503670838609,1634,9,1,2,1,1,0,1,0,62,11,4,21,7,4,16,3,4,61,4,3,157,4,12,11,3,0,1,0,122,40,18,64,31,23,12,6,84,14,4,22,4,7,60,11,4,98,4,3,0,0,0,0,0,29,122,516,31,497
3318825017,1503737780127,1381,9,1,1,2,1,0,1,1,117,3,4,58,12,4,238,14,4,498,4,7,79,4,11,10,3,0,1,1,31,412,29,24,113,96,12,4,48,12,4,120,11,6,267,14,4,236,4,7,1,0,0,0,0,18,40,141,16,516
3324347092,1504135346839,1367,9,2,2,2,2,0,2,0,120,6,11,31,4,12,134,6,4,432,14,4,498,4,7,0,0,0,0,0,114,516,105,15,29,35,14,11,40,3,4,55,3,4,91,4,14,67,4,7,9,2,0,1,0,117,19,90,119,92
3277452829,1500982603888,2752,9,1,2,1,2,2,2,1,19,4,11,161,12,4,68,12,4,40,3,4,222,7,4,9,1,0,2,1,141,92,7,117,150,64,11,4,236,4,12,89,4,3,29,4,7,69,4,6,9,3,2,3,0,157,154,53,119,202
3328035990,1504423474506,1659,9,1,1,1,1,1,1,0,85,4,12,67,7,4,64,11,4,117,3,4,86,4,12,7,1,1,3,0,40,57,113,18,11,91,4,14,89,3,4,119,4,7,7,4,12,141,4,11,2,0,0,0,0,18,23,498,40,90
3324945575,1504200893521,1486,9,1,2,1,1,0,1,1,16,3,4,141,11,4,6,4,12,105,14,4,67,4,7,10,2,0,2,1,102,238,99,53,122,497,3,4,14,12,4,43,4,11,68,14,4,4,7,4,1,0,0,0,0,29,-1,9,91,114
3312049065,1503292627332,1378,9,2,1,2,2,0,2,2,2,12,4,497,4,3,22,7,4,61,3,4,64,11,4,1,0,0,0,0,141,40,31,117,412,43,4,14,102,4,11,90,12,4,18,4,7,245,4,12,8,2,0,2,1,31,40,16,57,59
3327960009,1504398401099,1733,9,1,1,1,0,0,1,0,157,4,14,22,7,4,53,3,4,24,11,4,58,4,12,7,0,0,3,0,18,122,23,11,81,238,14,4,92,11,4,14,12,4,25,4,3,21,4,7,1,0,0,0,0,497,103,412,134,114
3329675561,1504534602601,2009,9,2,2,1,2,0,2,2,81,4,7,161,3,4,78,4,12,516,11,4,42,7,4,4,0,0,0,0,119,8,9,18,157,69,4,14,21,4,7,14,4,14,432,14,4,11,11,4,10,2,0,4,1,497,40,31,41,238
3319301422,1503771572874,935,9,2,2,2,0,0,0,0,22,4,7,497,3,4,11,11,4,2,4,12,45,14,4,0,0,0,0,0,122,53,51,17,238,25,14,4,420,4,12,32,4,11,115,1,4,21,7,4,3,0,0,0,0,4,157,131,36,18
3316237597,1503577370420,2962,9,1,2,1,1,1,2,1,122,4,12,16,4,3,34,4,14,110,4,7,33,11,4,11,6,2,4,1,18,29,157,238,105,67,7,4,61,4,14,40,4,3,19,11,4,57,4,12,6,1,2,2,0,141,154,119,60,113
3329522569,1504522683312,1789,9,1,1,1,1,0,1,0,60,4,11,37,3,4,29,4,7,58,12,4,157,3,4,11,2,0,2,0,51,75,117,40,516,498,7,4,84,4,12,90,4,3,141,4,11,17,4,14,1,0,0,0,0,119,134,23,238,420
3329571957,1504526727963,1447,9,2,1,2,2,2,1,2,96,4,7,99,3,4,68,4,12,163,4,6,59,4,11,0,0,0,1,0,6,53,141,75,31,2,6,12,245,14,4,57,4,11,150,4,12,498,4,7,11,2,1,1,1,157,238,114,51,122
3295140867,1502212439686,2268,9,2,2,2,1,1,2,0,18,4,7,6,4,14,35,11,14,1,3,4,38,12,4,7,1,1,1,0,122,74,84,114,57,157,12,4,105,4,14,202,7,4,11,4,11,412,4,3,8,1,0,1,0,61,119,63,122,141
3328156889,1504436075585,2011,9,1,1,1,1,2,1,0,63,4,14,81,4,7,89,3,4,75,4,12,11,4,11,11,1,0,3,0,60,84,103,157,238,412,3,4,21,7,4,31,4,12,121,11,4,61,4,14,3,0,1,1,0,157,51,122,64,53
3330527806,1504598821995,1823,9,1,2,1,1,1,2,1,82,6,11,81,7,4,268,4,21,23,4,14,63,4,14,11,5,1,2,1,114,31,117,40,16,222,4,7,62,12,4,134,4,6,412,4,12,254,4,11,0,0,0,1,0,29,21,157,119,31
3324426606,1504143741694,2041,9,2,2,2,2,2,2,0,2,6,11,90,12,4,223,4,3,96,7,4,38,12,4,2,0,0,0,0,31,157,53,16,57,22,7,4,36,11,4,136,4,3,41,4,12,432,14,4,11,4,2,2,0,117,31,40,29,18
3317106777,1503602487096,2051,9,2,2,2,2,2,2,0,112,4,6,516,12,4,412,3,4,104,4,11,222,4,7,2,0,0,1,0,84,157,57,90,53,55,14,4,31,11,4,117,4,3,17,4,14,96,4,7,9,2,1,2,0,141,40,16,18,38
3318770655,1503712168761,1806,9,2,1,2,2,0,2,0,120,6,11,61,4,21,98,4,3,69,12,4,51,4,7,0,0,0,0,0,516,141,40,238,67,17,14,4,119,7,4,30,4,3,254,4,11,412,3,4,11,2,0,3,0,18,8,114,117,154
3324580834,1504176271434,2455,9,2,1,1,2,0,1,0,17,4,14,18,7,4,143,3,4,90,4,14,254,4,11,4,0,0,3,0,122,11,91,23,236,37,12,4,63,4,14,29,4,7,57,4,11,31,12,4,10,3,0,2,0,245,122,238,75,80
3317693755,1503663770791,2436,9,1,2,2,1,1,1,0,117,3,4,5,11,4,119,4,7,150,4,12,105,14,4,11,4,2,1,0,1,29,122,17,38,67,7,4,53,4,3,60,4,11,157,14,4,86,12,4,4,0,1,3,0,27,11,122,51,141
3325101763,1504205632147,2495,9,1,2,2,1,2,2,0,497,4,3,202,7,4,141,4,11,122,12,4,99,4,14,9,1,0,3,0,104,51,79,420,245,37,4,3,61,4,21,18,4,7,64,11,4,23,12,6,7,0,1,2,0,90,157,29,17,45
3323121555,1504051754331,1424,9,1,1,1,0,0,1,0,412,3,4,202,4,7,42,4,21,164,4,12,516,11,4,7,0,0,1,0,29,141,7,83,11,68,12,4,498,7,4,121,4,11,53,4,3,163,14,4,2,0,0,0,0,67,157,432,25,119
3313194764,1503345578390,1426,9,1,1,1,1,0,1,1,154,4,11,40,4,3,238,14,4,48,12,4,22,4,7,10,2,0,2,1,31,29,18,80,57,16,4,3,21,4,7,141,4,12,36,11,4,157,4,14,0,0,0,0,0,105,122,18,103,11
3329274610,1504475769806,1930,9,1,1,1,1,1,1,1,420,4,12,254,4,11,40,4,3,18,4,7,101,4,21,10,2,1,4,1,57,29,91,19,31,113,11,4,112,4,21,222,7,4,37,14,4,516,12,4,0,0,0,0,0,429,38,57,117,31
3325897622,1504268058223,1630,9,2,2,1,0,2,2,0,105,4,14,245,4,11,23,4,12,412,4,3,222,4,7,5,0,0,1,0,119,18,127,240,11,22,4,7,106,14,4,44,4,3,238,14,4,121,11,4,4,0,1,2,0,31,117,90,122,6
3323071726,1504046531119,1687,9,2,2,1,2,2,1,0,81,4,7,68,12,4,25,4,14,141,4,11,67,7,4,3,0,0,1,0,75,119,238,157,18,498,7,4,23,4,14,103,14,4,37,3,4,79,11,4,10,2,1,2,0,150,117,62,238,18
3325291409,1504208259900,1922,9,2,2,1,2,2,1,0,31,11,4,201,3,4,29,7,4,63,4,14,133,4,12,3,0,0,1,0,119,18,240,40,117,4,12,4,222,7,4,157,12,4,99,4,3,141,11,4,8,3,1,1,0,238,67,18,61,90
3331119378,1504631784369,1629,9,2,2,1,2,2,1,2,202,7,4,117,3,4,114,12,4,59,11,4,115,4,21,4,0,0,1,0,24,154,157,119,236,11,4,14,37,3,4,429,7,4,79,4,11,134,4,21,11,3,1,1,1,29,80,8,40,105
3329421354,1504501545413,1711,9,1,1,1,1,1,1,0,41,12,4,157,4,14,141,4,11,40,3,4,81,7,4,9,1,1,3,0,126,23,11,53,51,117,3,4,31,4,12,14,4,11,119,4,21,55,4,14,2,0,0,0,0,10,238,53,51,1
3242098443,1498639281186,1830,9,1,1,1,1,1,1,1,51,7,4,157,4,12,68,11,4,412,14,4,103,4,14,11,3,1,3,1,84,117,67,154,119,81,7,4,64,4,11,89,3,4,268,4,3,114,12,4,0,0,0,0,0,29,122,154,11,105
3323480423,1504102950570,1505,9,2,1,2,2,0,2,0,1,4,14,516,4,12,64,4,11,81,4,7,498,4,7,1,0,0,0,0,75,238,103,134,31,141,4,11,55,4,14,150,4,12,222,4,7,412,4,14,9,1,0,1,0,154,157,31,18,40
3323084550,1504047913487,2419,9,1,2,2,1,1,2,2,22,4,7,117,4,3,48,12,4,99,4,21,131,4,11,8,1,1,0,0,122,238,31,16,18,67,4,7,40,3,4,39,4,12,42,1,4,121,11,4,5,0,0,5,1,157,245,50,19,238
3323077198,1504049103946,1485,9,2,2,2,2,0,2,0,15,4,7,117,14,4,150,4,12,33,4,11,99,4,21,0,0,0,0,0,157,154,58,64,29,136,4,1,16,4,3,86,4,12,120,11,6,119,4,7,7,2,0,2,0,19,40,238,157,98
3320975081,1503889738118,3607,9,1,1,2,1,2,1,0,104,11,4,22,7,4,44,4,3,134,4,21,6,4,12,10,5,0,3,0,119,63,238,18,157,17,4,12,141,4,11,26,3,4,105,4,14,236,4,7,9,2,2,3,0,92,51,122,157,516
3223824722,1497522149067,2400,9,2,2,2,2,2,1,2,24,12,4,38,14,4,107,4,11,12,14,4,236,7,4,5,0,0,2,0,114,55,121,498,51,110,7,4,63,4,3,2,11,6,98,4,12,50,4,7,8,1,1,2,1,5,114,157,1,7
3329005530,1504462001466,2283,9,1,1,2,2,0,2,2,22,4,7,427,4,11,40,4,12,31,12,4,157,14,4,7,1,0,2,0,29,84,7,53,17,81,21,4,121,4,11,143,3,4,516,4,12,238,4,14,8,1,0,2,1,16,84,89,55,75
3273721205,1500683080816,2438,9,2,1,1,2,2,2,0,38,12,4,497,4,3,202,4,7,141,11,4,122,12,4,4,0,0,0,0,104,157,62,238,67,119,7,4,25,3,4,19,4,12,64,4,11,268,4,12,6,1,1,3,0,31,21,20,412,11
3323372850,1504097539030,1833,9,1,1,1,1,1,1,0,121,4,11,498,4,7,497,4,14,61,7,4,157,12,4,10,1,1,2,0,429,53,40,60,113,79,11,4,15,7,4,126,4,12,38,12,4,12,14,4,3,0,0,1,0,59,31,-1,154,69
3304832243,1502816564096,2699,9,1,1,2,2,2,2,0,21,4,7,45,4,12,92,12,4,412,4,3,141,11,14,11,3,2,2,0,497,119,40,114,6,59,4,11,35,14,12,91,4,14,18,4,7,53,4,14,8,3,1,3,0,57,64,31,114,238
3329217180,1504472984882,2011,9,2,2,2,2,0,2,0,21,7,4,32,4,11,23,4,14,238,4,14,53,4,3,2,0,0,1,0,157,6,11,5,33,143,3,4,41,4,3,19,11,4,22,4,7,74,12,4,10,3,0,2,0,63,89,11,157,25
3325563363,1504214486902,1666,9,2,2,2,2,2,1,0,18,14,4,58,4,12,57,4,3,29,4,7,32,4,11,3,0,0,1,0,105,103,31,23,24,41,4,12,37,3,4,59,11,4,90,4,12,498,7,4,9,2,1,2,0,19,117,40,91,119
3250489148,1499164606143,1769,9,2,2,2,2,0,1,0,57,4,12,54,11,4,89,4,3,222,4,7,1,4,14,3,0,0,1,0,154,157,117,64,23,84,11,4,111,3,4,236,4,7,76,4,12,143,21,4,7,1,0,2,0,238,154,55,114,117
3320715428,1503864039321,1751,9,2,2,2,2,0,2,2,34,4,21,117,3,4,236,4,7,13,4,12,64,11,4,2,0,0,0,0,25,40,105,58,11,12,4,3,429,7,4,19,11,4,99,21,4,141,12,4,8,1,0,3,1,103,31,11,119,5
3302435270,1502660822535,2813,9,1,1,1,1,2,1,0,412,4,3,11,4,11,31,4,12,236,7,4,103,4,12,9,2,0,4,0,157,67,141,154,78,56,11,4,69,4,3,2,6,12,99,4,3,21,4,7,6,1,1,0,0,238,32,24,53,57
3318871587,1503741412335,1949,9,1,2,1,1,1,2,0,53,4,3,127,14,4,29,4,11,51,7,4,41,12,4,8,1,1,2,0,64,133,238,119,134,105,4,14,11,4,11,18,4,7,37,4,3,67,4,12,6,0,0,2,0,238,114,157,141,45
3330249139,1504567198336,1787,9,2,2,1,2,0,2,0,141,4,12,33,11,4,202,4,7,37,4,3,38,4,12,2,0,0,1,0,157,53,498,238,23,21,4,7,19,11,4,412,4,3,91,4,14,75,6,12,9,3,0,2,0,420,67,86,24,40
3237639180,1498333899792,1877,9,2,1,2,2,1,2,1,99,4,21,23,12,4,21,4,7,412,4,3,77,11,4,1,0,1,0,1,11,74,105,51,157,72,4,11,266,4,12,84,4,14,64,4,14,15,4,7,11,2,0,2,0,25,19,114,51,24
3327592541,1504373550945,1467,9,1,2,1,1,0,1,1,121,11,4,23,12,4,44,4,3,15,4,7,38,4,12,10,2,0,3,1,141,16,31,10,157,42,4,3,11,11,4,497,4,14,222,4,7,8,12,4,0,0,0,0,0,40,31,29,16,18
3327542566,1504370538714,1870,9,1,1,1,1,0,1,1,41,3,4,31,12,4,22,4,7,44,4,3,11,11,4,11,3,0,2,1,99,119,29,420,141,16,4,7,76,4,11,45,14,4,18,4,7,75,4,12,2,0,0,0,0,53,157,105,67,34
3275482115,1500825409838,2922,9,1,1,2,2,2,2,0,23,4,11,89,4,3,37,21,4,31,12,4,202,7,4,11,4,1,2,0,28,122,121,119,29,67,4,7,64,11,4,21,7,4,101,4,21,412,14,4,8,1,2,2,0,16,154,238,498,141
3313532634,1503377731740,1584,9,1,1,1,1,1,2,1,245,4,14,236,4,7,92,4,12,48,14,4,113,4,11,8,1,1,2,1,16,29,38,40,90,202,4,7,497,3,4,8,4,14,33,4,11,24,4,12,2,0,0,1,0,18,154,40,55,141
3318941261,1503749380559,1154,9,1,1,1,1,0,1,1,2,6,12,238,4,14,498,4,7,53,3,4,19,11,4,9,1,0,2,1,16,18,40,516,122,24,11,4,45,4,14,92,12,4,222,4,7,117,14,4,0,0,0,0,0,18,10,16,40,516
3329855822,1504545241621,1273,9,2,1,2,2,0,1,2,412,4,3,245,4,12,222,4,7,24,4,11,54,4,12,2,0,0,1,0,21,55,16,61,40,498,4,7,79,11,4,157,4,12,4,4,6,117,3,4,9,1,0,0,1,90,29,31,119,18
3260217287,1499810573913,1580,9,2,2,2,2,0,2,2,18,7,4,105,14,4,19,11,6,58,4,12,412,4,14,1,0,0,0,0,114,122,60,53,38,55,14,4,67,4,7,201,3,4,59,11,4,61,4,14,7,1,0,3,1,51,154,29,92,84
3328487556,1504452071376,1784,9,1,1,2,1,0,1,0,89,3,4,17,7,4,103,4,7,96,4,7,31,4,11,8,2,0,1,0,157,6,11,245,40,19,11,4,119,7,4,42,7,4,104,12,4,99,3,4,3,0,0,0,0,11,222,21,51,238
3258974972,1499731474992,1365,9,1,2,1,1,0,1,1,157,4,1,154,4,11,37,4,3,202,4,7,92,4,12,10,2,0,2,1,164,53,117,23,238,41,4,12,90,4,3,69,4,3,64,11,4,203,7,4,0,0,0,0,0,17,55,498,34,223
3331438763,1504649394635,1600,9,1,1,1,0,0,2,0,103,4,14,98,12,4,15,4,7,412,4,14,79,4,11,6,0,0,2,0,113,429,16,29,40,59,4,11,57,4,12,223,3,4,18,7,4,7,12,4,1,0,0,1,0,40,429,-1,22,105
3324617219,1504182908505,203,9,1,1,0,0,0,0,0,62,4,12,99,21,4,16,3,4,22,7,4,141,4,11,0,0,0,0,0,40,38,37,39,33,59,4,11,18,4,7,201,4,3,75,12,4,55,14,4,0,0,0,0,0,40,238,154,157,31
3324047862,1504117264358,1842,9,2,2,1,2,0,2,2,245,12,4,33,11,4,67,4,7,90,14,4,143,14,4,2,0,0,0,0,154,157,113,53,222,40,3,4,99,1,4,126,4,12,119,4,7,64,4,11,11,3,0,3,1,236,141,53,29,164
3327737900,1504383551435,1846,9,1,1,2,1,0,2,0,45,12,4,62,11,4,37,3,4,91,4,14,15,7,4,7,1,0,2,0,122,157,119,40,19,61,4,12,17,4,14,498,4,7,115,7,4,5,4,11,2,0,0,1,0,25,157,11,245,33
3281955979,1501261400444,1603,9,2,1,2,2,0,2,0,38,4,12,102,4,11,67,4,7,53,3,4,17,12,4,1,0,0,0,0,23,29,6,31,238,18,4,7,59,12,4,107,4,11,126,4,14,54,3,4,9,2,0,2,0,31,7,11,122,141
3311427599,1503245187315,1633,9,2,2,2,2,2,2,2,74,11,4,236,4,7,105,14,4,157,4,12,497,3,4,0,0,0,0,0,114,40,64,121,21,141,4,12,61,4,21,254,11,4,16,3,4,18,7,4,10,3,1,3,1,29,154,119,57,31
3267595254,1500307030744,933,9,2,1,2,0,0,2,0,9,11,4,81,4,7,240,4,12,268,4,3,78,4,12,0,0,0,0,0,103,51,141,80,11,117,4,3,498,4,7,32,4,11,74,12,4,245,14,4,3,0,0,1,0,134,122,17,105,119
3241680317,1498592175964,1702,9,2,1,1,2,2,2,0,20,11,4,89,14,4,22,7,4,103,14,4,39,4,12,1,0,0,0,0,134,157,154,85,122,90,4,1,223,12,4,51,4,7,64,11,4,412,4,3,8,1,1,3,0,8,114,238,117,2
3326563854,1504306819658,1941,9,2,1,2,2,0,2,0,48,11,4,38,4,12,6,12,4,202,7,4,21,4,14,4,0,0,0,0,7,25,238,18,31,143,3,4,157,4,12,5,4,11,99,4,21,81,7,4,9,1,0,3,0,154,134,141,55,51
3329141896,1504468407465,1529,9,1,1,1,1,0,1,1,86,12,4,133,14,4,24,4,11,22,4,7,69,4,3,7,1,0,2,1,420,18,91,11,53,37,4,7,15,6,7,23,4,14,82,11,4,41,12,4,2,0,0,0,0,84,74,420,105,238
3267537036,1500304520269,1932,9,1,2,1,1,0,2,0,54,4,11,115,21,4,122,4,12,67,4,7,16,4,7,7,1,0,1,0,105,141,51,157,240,22,7,4,92,12,4,29,4,11,238,4,14,412,4,3,4,0,0,1,0,61,53,157,154,58
3329118555,1504467791591,1846,9,2,1,1,2,2,1,0,61,14,4,412,3,4,29,11,4,8,12,4,202,7,4,3,0,0,1,0,157,34,238,6,103,10,12,4,143,4,14,141,4,11,16,3,4,236,4,7,9,2,1,1,0,122,18,92,40,157
3329103945,1504466357249,1613,9,1,1,1,1,0,1,1,11,4,11,516,4,3,22,7,4,39,4,12,7,4,12,11,3,0,3,1,122,53,105,238,157,6,12,4,236,7,4,134,6,4,120,6,11,267,3,4,2,0,0,0,0,238,1,29,141,31
3219185780,1497196226752,1678,9,1,2,1,1,0,1,0,21,4,7,85,4,12,99,21,4,161,4,3,33,6,11,11,3,0,2,0,117,55,238,498,105,3,4,11,74,4,14,23,12,4,51,4,7,432,3,4,0,0,0,0,0,157,59,498,53,497
3326380002,1504297173647,2201,9,2,1,2,2,2,2,0,29,11,4,81,4,14,45,4,14,245,14,4,84,4,12,4,0,0,1,0,31,141,53,157,28,37,3,4,82,4,11,101,6,4,86,4,12,67,4,7,11,3,1,3,0,18,69,17,238,89
3293493166,1502102256928,2042,9,1,2,1,1,1,1,0,113,11,4,53,4,14,222,4,7,11,4,7,131,4,14,11,3,1,3,0,122,238,64,23,76,110,7,4,120,6,12,267,4,3,74,4,14,141,11,4,3,0,0,0,0,5,-1,79,122,412
3282888673,1501347290107,1360,9,2,1,2,2,2,2,2,67,4,7,412,4,14,45,12,4,75,4,12,141,11,4,0,0,0,0,0,117,105,64,53,157,254,11,4,42,4,7,51,4,7,40,3,4,74,12,4,9,1,1,2,1,150,119,105,23,6
3329929350,1504548931090,1806,9,2,1,1,2,0,2,0,75,12,4,11,4,11,30,4,12,117,14,4,110,4,7,2,0,0,0,0,157,122,51,53,420,89,4,14,99,4,14,50,12,4,67,7,4,141,11,4,9,2,0,2,0,40,114,157,238,31
3319453006,1503781150925,2179,9,2,2,2,2,0,2,0,25,4,3,202,4,7,236,4,12,3,11,4,164,4,12,3,0,0,2,0,84,201,516,157,31,41,3,4,60,11,4,40,4,7,21,7,4,150,12,4,9,2,0,1,0,67,114,8,12,516
3319441268,1503780391317,1624,9,1,1,2,1,0,1,0,67,7,4,1,14,4,27,12,6,254,4,11,53,3,4,10,1,0,3,0,40,516,51,57,157,33,11,4,150,4,12,103,4,12,16,3,4,202,4,7,1,0,0,0,0,80,119,92,222,238
3233099199,1498066729182,1785,9,2,1,2,2,0,2,0,201,4,3,39,4,14,7,4,14,64,11,4,222,4,7,0,0,0,0,0,114,38,157,498,122,134,14,4,74,7,4,53,4,3,68,4,12,23,11,4,9,2,0,3,0,84,92,154,90,48
3252990604,1499315300830,2443,9,2,2,2,2,2,2,0,69,3,4,67,7,4,53,3,4,240,12,4,111,4,11,4,0,1,1,0,157,35,51,55,103,25,4,3,119,4,7,33,11,4,105,14,4,57,12,4,9,1,1,3,0,89,157,23,103,11
3325800796,1504253049697,1818,9,1,2,2,1,1,1,2,238,4,14,245,4,12,120,6,11,37,3,4,202,7,4,9,2,1,2,0,420,8,51,53,157,12,4,3,5,4,11,23,4,12,18,4,7,101,4,21,6,0,0,0,1,254,122,79,75,157
3316384018,1503584632244,1036,9,2,2,2,2,0,2,2,429,4,7,412,14,4,4,4,6,63,12,4,141,4,11,2,0,0,0,0,113,105,40,157,29,78,11,4,25,4,14,18,4,7,240,4,12,117,3,4,9,2,0,1,1,119,82,31,53,498
3238855162,1498419164662,1859,9,2,1,2,2,0,2,0,36,4,3,29,4,7,240,4,12,99,4,14,164,11,4,3,0,0,0,0,45,75,157,51,50,64,4,11,18,7,4,7,14,4,16,3,4,54,4,12,5,1,0,2,0,84,238,51,63,80
3247021893,1498929295967,1471,9,1,1,1,1,1,1,1,64,11,4,24,4,12,119,4,7,267,14,4,30,21,4,9,2,1,2,1,51,53,41,117,29,54,12,4,202,4,7,412,4,14,254,11,4,82,12,4,0,0,0,0,0,154,497,29,114,51
3315749616,1503520268394,1562,9,2,2,1,2,2,1,0,99,3,4,412,4,14,141,11,4,17,12,4,236,4,7,2,0,0,1,0,516,40,29,57,31,202,7,4,136,4,6,79,4,11,39,4,12,53,14,4,9,2,1,2,0,18,31,29,238,157
3326044406,1504276134610,2268,9,2,2,2,2,0,2,0,223,4,3,74,4,14,11,4,11,114,12,4,54,4,14,1,0,0,1,0,201,150,31,122,157,427,4,11,3,4,12,79,4,14,202,7,4,412,3,4,10,2,0,2,0,157,53,96,238,103
3233362635,1498074968017,2145,9,2,2,1,2,0,2,2,134,4,21,157,12,4,106,11,4,16,4,3,67,7,4,4,0,0,1,0,122,86,7,53,238,105,4,14,19,11,4,222,4,7,80,4,12,90,4,7,10,2,0,3,1,1,498,8,114,53
3328765905,1504456716915,2754,9,2,2,1,2,2,1,0,432,4,3,59,11,4,498,7,4,238,14,4,127,4,14,8,2,1,2,0,31,114,134,29,90,202,4,7,16,3,4,516,12,4,131,11,4,45,4,14,10,3,1,2,0,141,157,119,40,75
3277188819,1500936979565,2264,9,1,2,2,2,1,2,0,4,3,4,98,4,12,5,11,4,236,4,7,412,4,14,7,1,1,2,0,29,141,119,61,121,67,7,4,35,14,11,58,4,12,53,4,3,238,4,14,8,1,1,2,0,-1,114,11,119,134
3326636755,1504314408008,2012,9,2,2,2,1,2,2,1,126,4,12,43,12,4,48,11,4,110,7,4,412,14,4,7,1,0,1,1,60,18,154,7,497,163,4,21,498,7,4,201,3,4,98,4,12,57,4,11,10,2,1,1,0,429,117,29,31,119
3329116798,1504467341799,2077,9,2,1,2,2,2,2,0,202,7,4,4,4,14,59,11,4,412,4,14,23,4,12,4,0,0,0,0,85,40,516,113,90,78,4,12,12,14,4,141,4,11,8,4,6,498,4,7,8,1,2,4,0,57,164,114,40,117
3331347627,1504642792597,2318,9,1,1,1,1,1,1,0,67,7,4,17,12,4,19,4,11,238,14,4,48,14,4,10,1,1,3,0,40,64,33,150,157,236,7,4,37,4,3,112,7,4,516,12,4,203,4,11,2,0,0,1,0,29,141,92,105,75
3324296044,1504130869731,2238,9,1,1,1,1,1,1,0,19,11,4,110,4,7,117,3,4,98,4,14,111,12,4,10,2,1,3,0,266,31,245,154,141,55,4,14,58,4,12,79,11,4,90,14,4,67,7,4,4,0,0,0,0,245,114,31,63,150
3329251908,1504474162893,2147,9,1,1,2,1,2,2,1,33,4,11,63,4,14,96,4,7,53,4,3,420,12,4,8,2,0,3,1,18,55,119,29,40,4,4,6,498,7,4,43,3,4,31,12,4,59,11,4,6,0,1,1,0,157,18,113,64,412
3258872943,1499721945188,2386,9,1,2,2,2,2,2,1,58,12,4,26,3,4,11,4,11,51,4,7,30,4,3,8,1,1,2,1,154,64,240,119,498,150,12,4,89,4,14,21,4,7,29,4,11,99,4,21,7,1,1,2,0,154,64,122,12,119
3326008328,1504274447095,1822,9,2,1,1,2,2,1,2,222,4,7,19,4,11,122,12,4,412,4,3,112,4,21,7,0,0,2,0,90,40,92,113,84,54,4,12,67,4,21,16,4,7,134,4,14,31,11,4,9,1,1,1,1,64,40,238,113,117
3326032016,1504275489352,3099,9,2,2,2,1,2,2,1,18,7,4,114,4,12,89,3,4,32,11,4,161,7,4,8,2,1,0,1,498,157,238,141,84,19,4,11,111,4,3,101,6,4,75,4,12,119,4,7,10,2,2,5,0,31,29,16,92,238
3327589258,1504375346867,2722,9,2,2,2,2,2,2,0,18,4,7,157,14,4,37,3,4,90,4,12,54,4,11,4,0,0,0,0,119,53,31,63,113,16,4,3,236,4,7,76,4,11,516,4,12,30,4,21,11,4,2,3,0,119,86,45,40,154
3329925934,1504548066681,1758,9,1,1,1,1,1,2,0,202,4,7,266,12,4,267,4,3,203,11,4,238,4,14,11,3,1,1,0,103,18,92,55,164,429,4,7,89,4,3,7,4,14,516,12,4,19,11,4,0,0,0,1,0,157,67,18,53,38
3326492331,1504300495176,1638,9,2,2,2,2,0,2,0,75,12,6,141,4,11,245,4,12,14,3,4,18,7,4,0,0,0,0,0,40,16,122,64,157,103,14,4,54,4,11,45,4,12,99,4,3,86,12,4,10,2,0,1,0,157,105,31,53,122
3323479813,1504102762186,2151,9,2,2,2,2,0,1,0,90,3,4,222,7,4,102,4,11,420,12,4,17,4,12,2,0,0,2,0,31,53,18,245,141,39,12,4,25,14,4,40,4,3,133,11,4,67,7,4,8,1,0,1,0,53,57,238,86,117
3323376343,1504098680607,196,9,2,1,0,0,0,0,0,245,4,14,29,11,4,21,4,7,54,12,4,53,3,4,0,0,0,0,0,119,55,238,69,67,91,14,4,78,12,4,202,4,7,113,4,11,3,4,3,0,0,0,0,0,30,119,122,74,154
3330840441,1504616568951,1575,9,1,1,1,1,0,1,1,51,7,4,114,4,12,412,4,14,35,14,11,112,21,4,8,1,0,2,1,84,92,157,38,119,69,4,21,56,4,11,57,4,12,16,3,4,236,4,7,1,0,0,0,0,122,18,23,67,64
3323938448,1504111162861,3163,9,1,1,1,1,1,1,0,41,4,3,40,3,4,55,14,4,141,4,11,236,4,7,11,9,3,6,0,75,238,157,16,240,79,4,11,34,4,12,53,14,4,222,4,7,126,12,4,6,1,0,0,0,150,84,119,105,154
3250798850,1499184651437,196,9,1,1,0,0,0,0,0,76,4,11,10,12,4,53,3,4,222,7,4,42,14,4,0,0,0,0,0,122,63,80,24,11,29,7,4,43,4,14,64,4,11,68,4,12,126,4,3,0,0,0,0,0,24,164,119,51,111
3321700801,1503954870797,1405,9,2,2,2,2,0,2,1,67,7,4,19,11,4,20,4,3,41,4,12,163,4,3,2,0,0,0,1,31,55,122,40,157,164,4,12,37,3,4,38,4,12,222,4,7,11,11,6,7,1,0,2,0,157,51,516,497,53
3286689555,1501600786508,2130,9,2,1,2,2,2,1,0,7,4,12,89,14,4,22,7,4,107,11,4,163,4,7,7,0,0,2,0,57,31,240,113,121,58,4,12,236,7,4,40,3,4,60,11,4,61,4,21,8,2,1,2,0,119,90,117,57,51
3319561894,1503787214444,1877,9,2,2,2,2,2,1,2,222,4,7,40,3,4,141,11,4,115,4,14,62,12,4,0,0,0,1,0,516,19,412,117,105,5,11,4,99,4,14,245,4,12,18,4,7,201,4,3,10,2,1,2,1,117,84,29,114,11
3309435501,1503115504949,1243,9,1,2,1,1,0,2,0,67,4,7,25,4,3,33,11,4,111,4,12,103,4,14,6,1,0,0,0,86,18,157,161,412,105,14,4,69,4,6,236,4,12,19,4,12,40,4,3,0,0,0,1,0,86,84,143,238,31
3324294532,1504130299079,1601,9,2,1,2,2,2,2,2,79,4,11,412,4,3,21,4,7,516,4,12,61,4,12,0,0,0,0,0,31,41,40,141,238,429,4,7,150,12,4,201,3,4,223,11,4,69,7,4,11,3,1,3,1,84,245,119,29,53
3321990154,1503968393886,1354,9,2,2,2,2,0,1,2,18,4,7,4,4,14,412,4,14,5,4,11,24,4,12,2,0,0,1,0,113,157,40,38,51,141,11,4,79,3,4,98,12,4,202,4,7,69,4,1,9,1,0,1,1,57,42,119,31,75
3236980198,1498317371818,1657,9,2,1,2,2,0,2,0,74,12,4,157,14,4,76,11,4,16,3,4,67,4,7,0,0,0,0,0,238,53,122,119,84,48,12,4,27,4,11,498,4,7,432,14,4,92,4,14,10,2,0,2,0,1,28,119,114,3
3257250185,1499622767019,2579,9,1,2,2,2,1,2,2,223,3,4,202,7,4,39,4,14,76,4,11,42,4,7,7,0,2,3,0,154,157,105,38,85,498,4,7,412,14,4,58,12,4,26,12,4,19,11,4,7,3,0,3,1,7,64,114,51,119
3313948220,1503418914813,1356,9,1,1,1,1,0,1,1,16,4,3,96,7,4,59,4,11,61,1,4,157,4,12,9,1,0,2,1,18,60,40,119,412,117,3,4,498,4,7,236,3,4,31,4,12,113,4,11,0,0,0,0,0,429,143,421,40,29
3275630285,1500836370672,196,9,2,0,0,0,0,0,0,61,4,21,143,4,14,202,4,7,74,12,4,20,1,6,0,0,0,0,0,141,134,38,29,121,59,12,4,236,4,7,60,4,11,126,3,4,25,3,4,0,0,0,0,0,31,57,154,113,51
3327310087,1504359193161,1778,9,1,1,1,1,1,1,0,63,4,14,112,4,7,18,7,4,254,4,11,84,12,4,11,1,1,1,0,113,55,157,497,34,498,4,7,44,4,3,7,14,4,60,4,11,83,4,12,2,0,0,1,0,117,154,40,57,134
3327733373,1504382350184,1819,9,1,1,1,1,0,1,1,54,4,12,238,4,14,17,4,14,64,4,11,67,7,4,10,3,0,2,1,154,136,43,103,141,92,4,12,38,4,3,120,11,6,14,4,3,29,7,4,0,0,0,0,0,40,77,57,222,131
3248260604,1499005550530,1635,9,2,2,1,2,2,1,2,25,14,4,202,7,4,16,4,3,427,11,4,10,12,4,5,0,0,2,0,53,7,154,157,28,67,4,3,40,4,3,127,4,14,24,4,11,222,4,7,9,2,1,1,1,61,51,114,157,64
3314134139,1503425612605,1973,9,1,2,2,1,1,1,0,57,4,7,157,12,4,45,4,14,81,4,7,80,4,11,8,1,1,3,0,238,23,245,25,84,18,4,7,64,11,4,53,4,3,103,14,4,6,4,12,3,0,0,0,0,420,25,60,201,105
3324725949,1504189111626,1941,9,1,1,1,1,0,1,0,29,4,11,78,12,4,99,21,4,12,4,14,119,4,7,9,1,0,2,0,114,240,18,31,238,41,12,4,101,21,4,516,3,4,67,7,4,35,14,11,2,0,0,0,0,157,245,53,238,39
3273657247,1500680518282,2077,9,2,2,1,2,2,2,0,53,4,3,141,4,12,498,7,4,103,4,14,68,11,4,3,0,0,1,0,117,238,92,104,427,67,7,4,43,4,12,79,14,4,64,11,4,267,4,3,8,1,1,3,0,119,117,91,154,122
3290816117,1501915797075,1172,9,2,1,2,2,0,2,0,122,4,12,67,4,7,121,4,11,61,14,4,40,3,4,0,0,0,0,0,24,31,157,141,238,18,7,4,59,11,4,44,14,4,90,6,4,75,4,12,5,1,0,1,0,29,238,119,64,31
3328926021,1504459506747,1758,9,1,2,2,1,0,1,0,61,4,14,64,4,11,16,7,4,86,12,4,202,21,4,8,2,0,3,0,105,266,57,53,150,114,14,4,134,4,6,79,4,11,267,3,4,110,7,4,2,0,0,0,0,55,63,105,53,150
3325570652,1504213772532,1594,9,1,2,1,1,0,2,0,254,4,11,122,4,12,43,4,3,202,7,4,99,4,21,7,1,0,2,0,238,-1,23,16,39,157,4,12,113,4,11,96,4,1,412,14,4,236,4,7,1,0,0,1,0,119,90,40,18,55
3329977347,1504550969727,1997,9,1,1,1,1,1,1,2,67,12,4,31,4,12,141,4,11,18,4,7,111,4,3,10,1,1,2,0,64,40,1,75,117,69,4,14,421,11,4,3,4,12,15,4,7,16,3,4,5,0,0,1,1,122,154,33,8,157
3330779506,1504612072708,1896,9,2,1,1,2,2,2,0,81,11,4,53,4,14,58,4,12,245,4,12,18,7,4,7,1,0,0,0,84,117,412,19,40,29,7,4,157,4,12,111,4,11,497,14,4,90,4,6,6,1,1,1,0,38,141,119,57,40
3326546339,1504304550079,1989,9,2,1,1,2,1,1,0,236,4,7,497,14,4,420,4,12,101,21,4,59,11,4,4,0,1,1,0,24,119,18,157,29,54,4,12,62,11,4,63,4,21,51,7,4,37,3,4,8,1,0,2,0,31,105,67,103,39
3325688942,1504226805407,1589,9,2,2,1,2,0,2,1,59,4,14,64,11,4,429,4,7,14,4,12,12,4,14,4,0,0,0,1,57,497,31,69,16,102,4,11,29,7,4,82,4,12,112,4,6,43,3,4,7,1,0,3,0,157,40,150,141,117
3225195154,1497591859987,1416,9,1,2,1,1,0,1,1,266,11,6,157,4,14,29,4,7,53,4,3,35,14,12,10,1,0,2,1,74,81,64,38,51,54,4,14,2,11,6,4,4,14,25,4,14,119,4,7,1,0,0,0,0,105,12,11,114,122
3316409782,1503587241216,2224,9,2,1,1,2,2,2,1,5,4,11,222,4,7,516,4,12,99,4,14,497,3,4,4,0,0,2,1,238,24,161,157,143,105,14,4,81,7,4,267,4,3,36,12,4,54,11,4,8,1,1,2,0,75,53,122,119,238
3298019658,1502406025448,1876,9,2,1,2,2,0,2,0,245,4,14,92,11,4,37,3,4,429,7,4,117,14,4,3,0,0,0,0,17,50,5,122,53,16,4,3,81,7,4,120,6,11,10,4,14,238,4,14,7,1,0,3,0,45,98,53,11,141
3291967936,1501977382357,1599,9,1,2,2,1,0,1,1,92,4,12,76,4,11,63,14,4,22,4,7,25,4,3,11,2,0,2,1,117,134,11,238,17,90,4,14,122,4,12,110,7,4,37,3,4,254,11,4,2,0,0,1,0,51,238,157,32,53
3289054792,1501778526854,1514,9,1,1,1,1,1,1,0,40,4,3,51,7,4,35,11,14,41,4,12,90,6,4,11,3,1,2,0,117,105,114,122,141,238,12,4,110,4,7,6,4,11,16,4,3,63,14,4,0,0,0,0,0,75,429,119,122,120
3262924346,1499980191516,1580,9,1,1,1,1,0,1,1,17,4,12,59,4,11,161,3,4,236,7,4,68,4,12,11,3,0,3,1,412,154,141,238,31,33,4,11,18,4,7,117,3,4,61,14,4,80,4,14,0,0,0,0,0,141,86,131,114,238
3327539836,1504372468585,1919,9,1,2,1,1,2,1,0,202,4,7,432,4,3,33,4,11,81,14,4,8,12,4,7,2,0,2,0,119,114,238,44,157,67,4,7,76,4,12,150,12,4,5,4,11,40,3,4,2,0,1,0,0,141,89,18,113,122
3306192547,1502895614530,1295,9,1,2,1,1,0,2,1,154,11,4,114,4,12,40,4,7,498,4,21,96,12,4,7,1,0,0,1,18,16,31,57,29,157,12,4,19,4,11,117,3,4,164,4,12,15,4,7,1,0,0,1,0,119,113,57,236,31
3324361630,1504133345248,2055,9,1,1,1,1,1,1,1,105,4,14,222,4,7,89,4,14,32,4,11,157,4,12,10,3,1,2,1,11,8,16,141,114,38,4,14,41,4,3,498,7,4,12,4,3,106,11,4,2,0,1,1,0,29,223,40,117,18
3222151934,1497383457787,204,9,2,2,0,0,0,0,0,58,12,4,202,4,7,91,14,4,154,4,12,99,3,4,0,0,0,0,0,51,53,3,122,17,24,4,12,498,4,7,78,4,11,38,12,4,63,14,4,0,0,0,0,0,105,240,122,114,80
3326688100,1504337505399,1666,9,2,1,2,2,2,2,2,80,4,14,141,4,11,34,4,14,117,4,3,81,4,7,2,0,0,1,0,29,157,96,38,33,498,7,4,497,4,14,64,11,4,105,14,4,122,12,4,10,2,1,2,1,18,40,92,31,119
3236621073,1498288772446,1464,9,1,2,1,1,0,1,0,154,4,11,63,4,14,38,12,4,17,12,4,51,7,4,10,2,0,2,0,29,498,7,113,238,54,14,4,119,4,7,101,4,14,412,14,4,28,4,11,0,0,0,0,0,238,157,89,23,245
3270595820,1500479115711,1898,9,2,1,2,2,0,1,0,202,4,7,25,14,4,102,11,4,63,14,4,50,12,4,1,0,0,2,0,238,141,104,157,236,86,12,4,106,11,6,112,4,14,51,7,4,16,4,3,11,2,0,2,0,114,39,23,105,55
3322936011,1504038494215,2033,9,1,1,1,1,2,2,2,267,4,3,150,12,4,18,4,7,43,14,4,421,11,4,8,1,0,1,0,31,29,117,40,38,37,4,14,110,4,7,105,4,14,106,4,11,80,14,4,6,0,1,3,1,40,91,238,122,412
3326283081,1504290267707,1509,9,2,2,2,2,2,2,1,99,4,12,266,12,4,53,4,3,119,4,7,59,4,11,0,0,0,0,1,238,268,134,19,51,112,12,4,1,14,4,36,6,12,81,7,4,64,4,11,10,1,1,3,0,154,57,31,75,40
3290259792,1501861485735,1482,9,1,1,1,1,1,1,0,113,11,4,24,4,12,18,4,7,163,4,6,201,3,4,8,1,1,2,0,122,31,134,114,91,89,4,3,202,4,7,268,4,21,141,4,11,86,12,4,0,0,0,0,0,238,51,157,25,105
3300528510,1502550851803,1936,9,1,2,1,1,1,2,1,21,4,7,497,4,14,11,11,4,150,12,4,115,7,4,11,4,1,2,1,157,31,238,412,141,61,4,21,240,12,4,18,4,7,32,4,11,40,4,3,2,0,0,1,0,67,429,141,29,117
3323147890,1504076894253,1863,9,1,2,1,1,1,2,0,8,12,4,412,3,4,21,4,7,103,14,4,35,11,14,10,2,1,2,0,76,92,117,38,16,14,4,11,101,4,21,80,14,4,51,7,4,53,4,14,1,0,0,1,0,40,29,57,516,119
3310435739,1503166746405,2836,9,1,1,2,1,1,2,0,6,14,4,91,4,12,89,4,3,11,11,4,119,7,4,11,5,2,2,0,498,75,105,412,103,92,12,4,29,4,7,40,4,3,76,11,4,63,6,4,4,0,0,3,0,31,157,38,64,117
3330166288,1504561335260,1650,9,2,2,1,0,2,2,1,19,6,11,498,7,4,54,4,12,40,4,3,126,4,14,4,0,0,1,1,55,141,16,79,53,90,4,12,117,4,3,121,4,11,24,4,12,67,7,4,6,0,1,2,0,80,29,18,8,33
3265052447,1500121963595,2107,9,2,2,1,2,1,1,2,134,4,21,67,4,7,43,4,3,102,11,14,420,4,12,6,0,1,1,0,498,245,53,126,19,141,12,4,203,11,4,51,4,7,16,4,14,99,4,3,9,3,0,3,1,55,86,11,23,119
3301988784,1502643612885,1225,9,1,1,1,1,0,2,0,67,4,7,17,4,14,111,14,4,2,6,11,134,14,4,5,1,0,1,0,64,238,31,79,29,240,4,12,84,4,14,201,4,3,19,11,4,22,7,4,1,0,0,1,0,40,117,57,238,31
3290818516,1501919983145,1852,9,1,2,2,1,1,1,1,81,7,4,12,3,4,83,12,4,131,12,4,421,4,11,10,1,1,1,1,11,23,31,141,154,92,4,12,121,4,11,17,4,14,51,4,7,267,3,4,4,0,0,1,0,154,-1,238,157,6
3322709907,1504028285602,1669,9,2,2,2,2,2,1,2,18,4,7,39,4,12,267,4,3,79,11,4,4,6,4,1,0,0,1,0,29,420,117,55,157,96,4,7,25,4,14,114,4,12,163,4,1,33,4,11,11,4,1,1,1,119,126,157,412,40
3315840850,1503520846539,1535,9,1,1,1,1,1,2,1,117,4,3,29,4,7,54,4,12,11,4,11,103,4,21,10,2,1,2,1,126,53,40,57,18,134,14,4,412,14,4,21,7,4,141,4,11,122,4,12,1,0,0,1,0,91,92,75,119,157
3240552341,1498520621490,1500,9,2,1,2,2,2,1,2,99,4,12,117,3,4,74,4,12,236,14,4,35,11,14,0,0,0,1,0,38,64,238,41,119,429,7,4,412,14,4,78,4,12,163,4,6,19,11,4,11,3,1,1,1,154,114,157,51,103
3303880541,1502740980945,2075,9,1,1,1,1,2,2,0,43,3,4,41,4,12,8,4,14,18,4,7,11,11,4,9,2,1,1,0,31,29,53,141,92,80,4,14,236,7,4,113,11,4,82,4,14,432,4,14,5,0,1,2,0,31,57,117,157,40
3325798159,1504258847159,1812,9,1,1,1,1,1,1,1,119,7,4,99,4,21,64,4,11,267,4,3,24,12,4,9,3,1,3,1,18,53,164,117,157,110,4,7,432,3,4,48,4,12,62,4,11,103,4,14,0,0,0,0,0,141,40,16,55,18
3298794048,1502463465962,3091,9,2,1,1,2,2,1,0,5,11,6,236,7,4,150,4,12,12,4,3,69,4,7,6,0,1,5,0,51,75,122,119,31,90,12,4,115,4,12,11,4,11,412,3,4,29,4,7,11,3,2,1,0,40,31,19,117,157
3328632392,1504453674504,2333,9,1,1,2,1,1,1,0,92,12,4,23,4,11,432,4,14,18,4,7,115,4,7,10,1,1,5,0,40,113,119,157,58,238,4,14,79,4,12,141,11,4,45,4,14,21,4,7,4,0,0,0,0,53,80,68,29,113
3295183441,1502216424250,1546,9,2,2,1,2,2,2,2,42,4,7,141,12,4,202,4,7,37,14,4,164,11,4,2,0,0,1,0,40,51,55,150,31,57,11,4,67,4,7,23,12,4,4,4,6,16,3,4,9,1,1,1,1,18,31,150,412,157
3314564779,1503450911090,1931,9,2,2,2,2,0,2,0,14,4,14,16,4,3,29,4,11,110,7,4,103,14,4,3,0,0,0,0,55,61,11,51,117,37,3,4,238,4,14,18,4,7,19,4,11,57,4,12,9,1,0,4,0,114,117,202,67,40
3287117850,1501621531779,196,9,1,0,0,0,0,0,0,58,12,4,104,4,11,432,4,3,45,4,14,18,7,4,0,0,0,0,0,157,35,121,17,29,101,21,4,141,4,11,80,4,3,92,4,14,202,7,4,0,0,0,0,0,55,23,53,75,37
3310617486,1503175846733,1318,9,1,1,2,1,0,0,0,236,4,14,25,7,4,18,21,4,92,4,12,2,4,11,9,2,0,0,0,57,16,78,40,157,267,4,14,51,4,7,240,4,12,79,11,4,202,7,4,2,0,0,0,0,40,238,38,119,117
3326037779,1504277132103,2564,9,2,1,1,1,1,2,1,240,4,12,18,4,7,61,4,12,497,3,4,76,4,11,8,2,1,2,1,90,154,157,29,40,31,14,4,122,4,12,15,4,7,117,3,4,107,4,11,9,2,1,3,0,11,16,58,40,84
3321559779,1503949266966,1802,9,1,2,1,1,0,1,2,59,4,12,103,4,14,19,11,4,25,4,14,81,7,4,8,1,0,3,0,113,79,55,40,29,64,11,4,202,4,7,122,4,6,61,4,12,412,14,4,2,0,0,0,1,18,238,157,117,29
3307424155,1502989339267,1920,9,1,2,2,1,0,1,0,202,7,4,105,14,4,80,4,14,57,4,11,497,4,3,7,1,0,2,0,113,18,266,114,31,22,4,7,412,4,3,75,12,4,120,6,11,99,4,12,1,0,0,0,0,238,40,117,157,31
3244929537,1498778230987,1791,9,1,2,1,1,1,1,1,60,4,11,23,12,4,117,14,4,21,3,4,222,4,7,11,3,1,3,1,427,76,154,498,1,131,4,12,63,4,14,107,4,11,29,4,7,22,3,4,0,0,0,0,0,24,51,122,498,64
3328562807,1504453317512,1241,9,1,2,1,0,0,1,0,63,3,4,35,12,14,222,4,7,5,4,11,99,21,4,5,0,0,1,0,53,157,64,31,119,498,7,4,497,3,4,24,4,11,126,4,12,4,4,14,0,0,0,0,0,254,40,516,420,59
3316244224,1503575628058,2241,9,1,2,1,1,0,1,0,107,4,11,15,4,7,516,12,4,37,3,4,63,4,14,9,1,0,4,0,126,31,119,29,89,25,4,3,498,4,7,150,12,4,157,4,14,203,4,11,2,0,0,0,0,92,105,154,117,40
3246283875,1498859126594,1972,9,1,1,2,1,1,1,0,267,4,14,29,4,7,154,4,11,98,12,4,112,4,14,8,1,1,3,0,114,59,61,427,51,163,4,14,92,12,4,79,11,4,67,4,7,16,3,4,3,0,0,0,0,51,114,119,58,105
3307046050,1502970541455,2578,9,1,2,1,1,2,2,0,141,4,11,236,4,7,26,4,3,23,4,12,115,4,21,11,4,1,3,0,238,105,75,157,114,98,12,4,113,4,11,18,4,7,432,4,3,25,4,14,4,0,1,2,0,74,245,89,21,6
3326583781,1504307144241,2091,9,1,2,1,1,1,2,2,25,14,4,267,4,3,222,4,7,157,12,4,131,4,11,9,2,1,2,0,141,103,98,238,164,61,14,4,37,3,4,41,4,3,6,7,4,31,4,11,2,0,0,2,1,21,40,53,75,268
3327415716,1504363206903,1682,9,2,2,2,2,1,2,1,245,4,11,99,21,4,40,4,3,59,4,12,222,4,7,2,0,1,0,1,18,75,121,105,29,122,12,4,21,7,4,412,4,3,79,4,11,157,14,4,11,4,0,3,0,55,31,90,119,133
3317632921,1503659809339,1481,9,1,1,1,1,0,1,0,74,4,21,134,4,7,421,11,4,236,7,4,53,4,14,10,1,0,2,0,6,92,157,40,516,8,6,4,51,7,4,267,3,4,57,4,12,121,4,11,0,0,0,0,0,40,117,119,122,157
3235558488,1498223334664,1869,9,1,1,1,1,1,2,1,236,4,7,79,12,4,201,4,3,11,11,4,105,4,14,7,2,1,1,1,157,154,55,29,114,104,4,11,41,4,12,412,4,3,67,4,7,1,4,14,2,0,0,2,0,84,28,64,99,8
3320530144,1503854799439,1781,9,1,2,1,1,1,1,1,61,4,21,64,4,11,67,4,7,40,4,3,75,4,12,8,1,1,4,1,238,31,154,29,141,91,14,4,92,4,12,60,4,11,18,7,4,117,4,3,2,0,0,0,0,154,23,157,16,122
3331483165,1504651283056,1498,9,2,1,1,2,0,2,0,222,7,4,29,4,11,105,4,14,141,12,4,267,14,4,2,0,0,0,0,114,40,157,18,64,50,4,12,16,3,4,51,4,7,107,11,4,25,4,14,10,2,0,2,0,117,57,31,412,67
3311767275,1503261059929,2433,9,2,1,1,1,2,1,0,10,4,14,412,3,4,119,7,4,33,11,6,8,12,4,10,2,0,3,0,236,67,55,154,90,40,3,4,103,14,4,150,12,4,18,7,4,11,4,11,9,2,2,1,0,29,67,92,24,238
3312575810,1503324971395,2388,9,1,2,2,1,1,2,1,497,4,3,119,4,7,113,4,11,131,4,14,23,12,4,8,2,1,1,1,55,40,31,38,150,238,14,4,102,14,11,126,4,12,63,4,3,29,4,7,7,1,0,4,0,157,80,92,57,31
3298369585,1502446239257,1115,9,2,1,2,2,0,2,0,157,4,14,22,7,4,62,11,4,117,3,4,80,14,4,0,0,0,0,0,119,51,154,64,114,31,4,12,18,4,7,90,4,12,16,4,3,141,11,4,7,1,0,2,0,67,6,40,105,122
3331012707,1504623854191,2286,9,2,2,2,2,1,1,2,79,4,11,67,4,7,127,4,12,131,4,14,412,14,4,5,1,1,1,0,53,141,75,40,18,105,4,14,11,4,11,43,3,4,31,12,4,29,4,7,9,3,1,3,1,240,75,157,119,113
3325796256,1504257523408,1313,9,2,1,2,2,0,2,0,64,11,4,516,4,12,69,4,14,157,14,4,17,7,4,0,0,0,0,0,497,25,238,141,126,21,4,7,43,3,4,34,6,4,75,12,4,102,4,11,10,2,0,2,0,103,122,18,24,53
3277185222,1500935512604,1553,9,1,2,1,1,0,1,0,39,4,12,126,4,21,111,14,4,18,7,4,121,11,4,11,2,0,2,0,154,59,161,51,31,114,4,12,42,4,12,432,4,3,236,4,7,11,4,11,0,0,0,0,0,29,19,157,245,53
3327072292,1504350314986,1891,9,2,2,2,2,1,1,2,64,4,11,119,4,7,157,4,14,79,4,12,1,3,4,2,0,1,2,0,53,222,238,40,8,117,3,4,141,4,11,114,4,12,134,4,6,67,7,4,10,2,0,1,1,126,40,102,29,18
3317497823,1503649600035,1572,9,1,1,1,0,0,1,0,41,4,12,131,11,4,18,4,7,238,14,4,89,4,3,5,0,0,2,0,157,6,119,29,63,516,4,3,61,4,6,67,4,7,122,12,4,120,6,11,1,0,0,0,0,498,53,24,-1,90
3324451341,1504155505032,1479,9,2,1,2,0,0,2,0,76,4,11,25,4,14,55,14,4,67,7,4,78,4,12,1,0,0,0,0,266,5,69,157,236,117,4,7,420,12,4,498,4,7,3,14,4,19,6,11,7,0,0,2,0,157,122,90,84,51
3329629672,1504532862181,2103,9,2,2,2,2,0,2,0,45,14,4,86,12,4,31,11,4,26,4,3,202,7,4,3,0,0,1,0,53,19,111,122,105,238,4,21,5,4,11,20,14,4,18,7,4,89,4,3,10,2,0,2,0,53,25,498,157,7
3326086548,1504279438868,1642,9,1,1,1,1,0,2,0,497,4,14,136,4,3,114,4,12,29,4,7,33,4,11,7,1,0,1,0,6,25,105,19,53,121,11,4,16,4,14,90,4,14,498,7,4,58,4,12,2,0,0,1,0,154,238,53,117,57
3241374772,1498576582356,2087,9,2,2,1,2,2,2,1,117,3,4,112,12,4,122,12,4,64,11,4,236,7,4,4,0,0,0,1,51,114,2,157,7,201,4,3,18,4,7,74,4,12,20,11,4,38,4,14,9,2,1,4,0,119,154,157,53,105
3308263575,1503012248678,1594,9,1,2,1,1,1,1,0,79,11,4,15,7,4,236,4,14,245,12,4,412,4,14,7,1,1,3,0,41,31,60,57,40,74,14,4,67,7,4,113,11,4,16,3,4,8,4,12,0,0,0,0,0,141,6,238,53,119
3321802088,1503958469612,1554,9,2,2,2,2,0,2,2,30,4,6,497,4,3,67,7,4,102,4,11,92,12,4,0,0,0,0,0,29,238,119,420,50,11,4,11,89,4,3,21,7,4,86,4,12,69,4,12,10,2,0,2,1,119,134,420,24,19
3330163981,1504560625215,1787,9,2,2,2,2,2,2,2,267,4,3,15,7,4,58,12,4,163,12,4,59,4,11,1,0,0,1,0,238,53,121,64,498,119,4,7,516,4,3,7,4,12,48,4,12,60,4,11,11,3,2,2,1,117,29,498,40,266
3319896754,1503840185822,1899,9,1,2,2,1,1,2,2,18,7,4,12,4,3,75,12,6,103,4,14,9,11,4,9,1,1,1,0,11,29,16,40,238,163,4,1,222,7,4,63,4,14,102,11,4,79,12,4,2,0,0,3,1,31,6,16,19,105
3279669710,1501105865630,1457,9,1,1,1,1,0,2,1,98,12,4,29,11,4,105,4,14,21,7,4,40,4,12,9,1,0,0,1,31,141,154,19,122,57,4,3,157,12,4,67,7,4,6,11,4,131,4,14,0,0,0,1,0,80,51,31,59,19
3260262820,1499812701345,1882,9,1,2,2,1,1,2,2,201,3,4,18,4,7,20,4,11,17,14,4,103,4,14,9,2,1,1,0,154,114,29,498,157,37,4,14,121,4,11,67,4,7,84,4,14,122,12,4,3,0,0,3,1,114,119,51,154,1
3317641856,1503659424771,1855,9,2,1,2,2,2,2,2,103,14,4,64,4,11,14,12,4,25,4,3,22,7,4,0,0,0,1,0,154,12,40,516,141,29,7,4,53,14,4,19,4,11,98,12,4,90,4,12,11,4,1,2,1,31,117,40,107,67
3331343663,1504641624829,2216,9,2,1,2,2,2,2,0,18,7,4,497,4,3,141,4,11,112,4,3,41,4,12,5,0,0,2,0,11,122,23,412,238,62,4,14,60,4,11,83,12,4,12,4,3,15,4,7,8,2,1,1,0,23,117,31,157,122
3262033514,1499902642739,2083,9,2,2,2,2,2,2,0,36,4,12,202,7,4,412,3,4,61,4,1,141,11,4,0,0,0,0,0,154,122,51,157,19,63,4,14,121,4,11,18,7,4,58,12,4,4,4,14,11,4,2,3,0,119,154,117,157,29
3328966418,1504459920407,1022,9,1,1,1,0,0,0,0,8,14,4,236,4,7,150,4,12,412,4,3,32,4,11,2,0,0,0,0,18,119,238,498,105,21,7,4,267,4,3,121,11,4,17,14,4,55,14,4,0,0,0,0,0,84,63,29,51,141
3319865287,1503836683465,1732,9,1,1,2,1,1,1,0,19,4,11,223,3,4,240,4,12,105,14,4,21,7,4,8,1,1,2,0,420,53,122,157,92,268,12,4,254,11,4,114,4,12,4,4,7,101,4,1,2,0,0,1,0,238,40,92,58,119
3331274326,1504638738468,2314,9,1,2,1,1,1,2,1,432,4,3,18,7,4,92,12,4,115,14,4,32,4,11,8,1,1,1,1,122,119,75,53,157,51,4,7,103,14,4,60,11,4,13,12,4,117,3,4,4,0,0,2,0,238,122,119,91,157
3326563921,1504306807509,1237,9,1,1,1,0,0,1,1,429,7,4,141,11,4,57,14,4,53,14,4,238,14,4,5,0,0,1,1,75,18,11,119,113,157,4,14,59,4,11,40,4,3,202,7,4,58,14,4,1,0,0,0,0,16,51,122,117,119
3319247919,1503770205738,1778,9,2,2,2,2,0,1,2,25,3,4,238,4,14,29,4,7,19,11,4,122,12,4,1,0,0,2,0,16,40,516,117,23,51,4,7,44,4,12,98,4,3,254,11,4,17,4,14,9,1,0,2,1,105,18,55,69,113
3326174745,1504284515723,1832,9,1,1,2,1,0,2,1,24,12,4,19,11,4,267,3,4,25,4,14,29,4,7,7,2,0,1,1,164,91,113,238,119,16,4,3,85,11,4,18,7,4,516,4,12,245,14,4,4,0,0,2,0,141,157,64,40,117
3331175522,1504633679872,2422,9,1,2,2,1,1,1,0,96,4,7,267,3,4,57,11,4,78,4,12,115,3,4,11,3,2,4,0,37,31,40,69,29,59,4,12,8,4,14,127,4,3,51,7,4,32,4,11,6,0,0,0,0,154,141,31,157,117
3313616057,1503397771039,1248,9,1,1,1,1,0,1,1,96,7,4,27,12,6,12,3,4,113,4,11,238,14,4,10,2,0,2,1,31,122,40,154,38,201,14,4,134,4,3,79,11,4,18,7,4,114,12,4,0,0,0,0,0,497,29,57,16,53
3328783843,1504456357194,1711,9,1,1,1,1,1,1,0,36,11,4,51,4,7,26,14,4,420,12,4,157,14,4,11,3,1,2,0,55,29,53,11,40,6,4,12,497,4,3,202,7,4,10,14,4,9,4,11,1,0,0,0,0,75,31,11,57,42
3271172638,1500521407388,1971,9,1,2,1,1,1,2,0,53,4,3,51,7,4,114,12,4,157,14,4,141,4,11,10,2,1,2,0,201,-1,67,25,119,55,4,14,9,4,11,18,12,4,236,4,7,12,4,3,4,0,0,1,0,25,28,29,121,23
3287582265,1501679829011,1445,9,2,2,2,2,0,2,0,37,4,3,17,12,4,79,14,4,64,4,11,18,7,4,0,0,0,0,0,57,31,134,141,89,157,4,14,33,4,11,36,4,12,111,4,3,202,7,4,9,1,0,2,0,67,105,61,119,114
3287743573,1501690340210,198,9,1,0,0,0,0,0,0,105,4,14,15,3,4,99,3,4,64,14,4,121,11,4,0,0,0,0,0,53,103,119,1,122,498,4,7,497,4,3,11,11,4,38,14,4,104,12,4,0,0,0,0,0,157,75,51,84,-1
3297737795,1502393573459,1770,9,1,1,1,1,1,1,1,62,4,12,432,4,14,163,4,21,222,4,7,5,11,4,9,1,1,2,1,238,31,141,67,57,412,4,3,133,4,7,34,4,12,60,4,11,69,12,4,3,0,0,0,0,31,64,121,7,119
3228118778,1497738113653,2092,9,2,1,2,2,2,2,0,105,4,14,67,4,7,412,4,3,35,4,11,126,4,12,1,0,0,1,0,238,119,34,53,157,16,3,4,76,4,11,202,7,4,99,4,14,85,4,12,9,2,1,1,0,17,114,119,53,91
3241339154,1498575540700,1695,9,1,2,1,1,1,1,1,99,4,12,51,4,7,420,4,12,40,4,3,20,4,11,11,2,1,3,1,122,19,498,38,154,117,4,3,104,4,11,67,4,7,150,4,12,61,4,1,1,0,0,0,0,120,114,92,11,157
3321406133,1503939978673,2050,9,2,1,1,2,2,1,1,432,14,4,99,4,14,254,11,4,80,4,14,22,4,7,2,0,0,1,1,117,105,115,64,85,16,4,3,35,14,11,41,4,12,157,4,14,119,4,3,10,3,1,3,0,122,40,60,53,90
3286680655,1501597853532,1717,9,1,1,1,1,1,2,2,4,3,4,12,14,4,15,7,4,117,4,12,11,4,11,11,3,1,2,0,44,141,29,55,57,85,12,4,412,4,14,202,7,4,126,12,4,64,11,4,3,0,0,1,1,18,31,57,6,154
3299088106,1502477636313,3140,9,1,1,1,1,2,2,0,238,4,14,21,4,7,11,4,11,89,4,3,122,12,4,9,2,0,2,0,10,5,53,105,51,25,4,3,114,12,4,19,4,11,498,7,4,8,4,14,5,0,1,2,0,-1,6,141,119,35
3315913966,1503526362343,1725,9,1,2,2,1,1,1,1,4,4,21,80,4,12,67,7,4,19,11,4,40,3,4,7,2,1,1,1,157,238,141,122,31,35,12,14,53,4,14,134,14,4,51,4,7,64,11,4,4,0,0,1,0,240,122,44,29,157
3329204200,1504471838931,1384,9,1,2,1,1,0,1,1,19,11,4,498,4,7,37,3,4,420,4,12,76,4,14,6,1,0,1,1,240,122,53,238,99,134,12,4,412,3,4,106,4,11,51,7,4,114,4,12,1,0,0,0,0,119,63,53,64,69
3327097020,1504352302106,2252,9,1,1,1,1,1,1,1,14,4,11,238,4,14,164,12,4,81,4,7,432,4,14,9,3,1,2,1,117,67,40,114,119,516,12,4,412,4,11,98,14,4,498,4,7,157,3,4,6,0,0,0,0,56,141,16,40,122
3320507563,1503853986222,1479,9,1,2,1,1,1,2,1,4,3,4,516,12,4,40,3,4,57,4,11,18,7,4,9,2,1,0,1,6,154,31,29,8,59,11,4,245,12,4,69,1,4,15,7,4,117,4,14,1,0,0,2,0,421,238,31,19,157
3314139258,1503427693345,1757,9,1,1,1,1,1,1,0,4,4,14,113,4,11,150,4,12,117,4,3,222,4,7,9,1,1,2,0,154,29,40,18,31,267,4,3,121,4,11,41,3,4,429,4,7,99,7,4,1,0,0,0,0,31,19,119,53,29
3327683392,1504379561992,2192,9,1,2,1,1,0,2,0,86,4,7,78,12,4,113,14,4,104,4,11,4,4,7,9,1,0,1,0,11,105,136,17,122,99,4,21,35,11,14,83,12,4,21,7,4,497,14,4,4,0,0,3,0,24,64,238,59,157
3312928298,1503334788809,1865,9,1,1,1,1,0,1,0,21,4,7,64,11,4,86,12,4,89,4,3,99,21,4,9,2,0,3,0,34,31,63,122,91,53,4,3,18,7,4,131,4,11,6,12,4,157,4,14,0,0,0,0,0,75,154,67,238,141
3329568223,1504528716487,1519,9,1,1,1,1,0,2,0,92,4,12,99,21,4,40,4,3,222,4,7,33,4,11,8,1,0,0,0,25,24,57,105,53,23,4,12,64,4,14,161,21,4,35,11,14,67,7,4,2,0,0,2,0,3,105,238,157,62
3326640464,1504310240301,2210,9,1,1,1,2,1,1,1,238,4,14,412,4,3,85,12,4,19,11,4,236,7,4,10,3,2,2,1,157,18,141,23,113,75,12,4,33,11,4,81,7,4,245,12,4,161,3,4,7,1,0,2,0,11,157,18,105,154
3329115127,1504466872804,1966,9,2,1,1,2,2,2,2,134,4,14,31,11,4,67,4,7,10,4,12,432,4,3,1,0,0,0,0,122,29,141,157,84,119,4,7,55,14,4,240,12,4,40,4,3,35,14,11,11,3,1,4,1,141,29,91,38,114
3244998834,1498783994242,2271,9,2,2,1,2,2,2,0,412,3,4,114,12,4,35,11,14,1,14,4,236,7,4,3,0,0,1,0,11,157,122,154,64,90,4,6,84,4,12,76,4,11,25,3,4,17,4,7,11,2,1,2,0,157,105,29,150,16
3323314061,1504093907009,1851,9,2,1,1,2,2,1,1,74,12,4,64,11,4,103,4,14,21,7,4,26,4,3,6,0,0,2,1,122,90,53,89,420,516,4,3,29,4,7,84,4,12,107,4,11,131,4,14,8,1,1,1,0,59,122,18,238,157
3327367082,1504360950996,1174,9,2,2,2,2,0,2,2,19,4,11,24,12,4,37,7,3,22,4,7,102,12,4,0,0,0,0,0,157,5,202,75,141,21,7,4,84,4,14,23,12,4,53,3,4,2,7,11,10,2,0,1,1,28,81,18,103,157
3329230337,1504474306293,2185,9,1,2,2,1,2,1,0,420,4,12,32,4,11,8,14,4,412,3,4,17,7,4,8,2,0,2,0,122,201,64,114,75,16,4,3,90,4,6,67,4,7,98,14,12,141,11,4,4,0,1,1,0,31,40,238,53,122
3309464074,1503114831720,1657,9,2,2,2,2,2,2,2,238,4,14,62,12,4,64,4,11,236,4,7,90,4,3,1,0,0,1,0,157,141,126,29,245,412,4,3,202,4,7,24,4,7,5,4,11,131,12,4,9,2,1,2,1,57,29,51,18,119
3295332240,1502224728242,1759,9,1,2,1,1,2,1,0,202,4,7,82,4,14,84,4,12,16,3,4,9,11,4,10,3,0,3,0,157,57,40,35,119,117,4,14,122,4,12,22,4,7,4,1,4,79,11,4,1,0,1,0,0,31,150,57,119,40
3308902354,1503075442720,2059,9,2,1,2,2,2,2,2,102,12,4,141,11,4,67,4,12,267,3,4,1,3,4,4,0,0,1,0,29,53,122,157,114,19,4,11,131,4,12,245,4,14,37,3,4,18,4,7,11,6,1,3,1,31,40,157,53,117
3270528334,1500476513799,1627,9,2,2,1,2,2,1,1,57,3,4,22,4,7,126,4,14,203,4,11,5,4,12,4,0,0,3,1,157,119,16,154,31,113,4,11,39,12,4,164,4,14,236,7,4,201,14,4,10,1,1,0,0,90,157,105,141,27
3329666052,1504534397513,1780,9,1,1,1,1,0,1,0,122,4,12,50,4,12,163,4,3,222,4,7,11,11,4,8,1,0,2,0,53,23,105,157,119,86,12,4,7,14,4,29,4,7,254,4,11,40,4,3,1,0,0,1,0,24,17,134,25,119
3312433429,1503319480998,2045,9,1,2,2,1,1,1,0,50,4,12,117,4,3,222,7,4,238,4,12,19,4,11,10,3,1,3,0,141,31,122,55,38,61,3,4,92,12,4,32,11,4,267,4,3,18,12,4,4,0,0,0,0,1,90,114,53,40
3330868733,1504616513859,1601,9,1,1,1,1,0,1,0,101,4,21,18,7,4,254,11,4,267,4,3,150,12,4,9,1,0,2,0,141,119,75,39,31,110,4,7,62,12,4,40,3,4,61,4,21,79,4,11,0,0,0,0,0,238,54,154,11,106
3281855030,1501254220042,1777,9,2,1,1,2,2,2,0,141,4,11,18,4,7,50,4,12,201,3,4,238,14,4,5,0,0,1,0,202,90,119,6,75,15,4,7,163,4,3,104,11,4,412,4,3,14,4,12,10,2,1,2,0,31,69,202,119,55
3324569843,1504180054210,1569,9,1,2,1,0,1,2,0,113,11,4,114,12,4,81,7,4,16,4,3,131,1,4,5,0,1,2,0,141,117,29,238,40,41,4,12,127,4,14,5,4,11,89,4,14,18,4,7,2,0,0,1,0,122,75,117,103,498
3324620807,1504180717706,1408,9,2,2,2,2,0,2,2,498,4,7,44,4,3,3,12,4,113,11,4,61,21,4,1,0,0,0,0,40,105,57,18,238,98,12,4,15,4,7,55,4,14,412,4,14,19,11,4,11,3,0,2,1,154,31,117,57,105
3331026059,1504624906632,2820,9,1,2,1,1,1,1,0,157,4,12,63,4,14,105,12,4,236,4,7,516,11,4,10,4,2,3,0,119,75,238,141,31,432,4,3,7,4,12,18,4,7,33,4,11,86,12,4,4,0,0,1,0,31,497,84,39,40
3260838624,1499857122376,2385,9,1,1,1,1,1,2,0,99,21,4,25,3,4,17,12,4,67,7,4,254,3,4,8,1,1,1,0,105,201,51,104,238,80,14,4,38,4,14,20,11,4,21,14,4,497,4,3,4,0,0,2,0,412,154,157,134,119
3272405476,1500595690012,1596,9,2,2,1,2,2,2,0,37,4,14,131,4,6,92,4,12,141,11,4,18,7,4,4,0,0,0,0,104,117,38,202,31,29,4,7,34,4,21,154,4,11,39,4,12,16,3,4,3,1,1,3,0,56,119,117,81,64
3283633181,1501370029012,2488,9,2,2,2,2,1,2,0,61,4,6,113,4,11,267,4,7,23,12,4,429,4,7,6,0,1,3,0,141,57,27,38,150,202,4,7,84,4,12,16,3,4,99,4,6,121,11,4,7,1,0,1,0,31,8,92,29,75
3321423350,1503939426853,1684,9,2,2,2,2,1,2,2,59,4,12,154,4,11,103,3,4,67,4,7,412,3,4,2,0,1,1,0,18,119,38,42,7,222,4,7,238,14,4,40,4,3,421,11,4,57,12,4,8,1,0,2,1,31,53,141,117,29
3327836005,1504388432855,1638,9,2,2,2,2,0,2,0,122,4,12,267,7,4,67,4,21,42,4,1,76,11,4,1,0,0,0,0,105,412,238,92,89,23,4,12,22,7,4,16,3,4,64,11,4,4,4,6,10,2,0,2,0,105,6,53,17,31
3287007854,1501616007614,1826,9,2,2,2,2,0,2,2,26,4,21,6,4,12,59,4,11,412,4,3,119,4,7,3,0,0,0,0,141,117,91,111,31,133,4,14,61,4,6,53,4,3,67,4,7,19,4,11,11,4,0,3,1,105,7,240,51,28
3324937172,1504201380326,1732,9,1,2,2,1,0,1,0,79,11,4,25,4,12,201,3,4,75,4,12,67,4,7,7,1,0,2,0,53,6,119,8,122,107,11,4,157,4,14,18,7,4,105,12,4,40,14,4,2,0,0,1,0,103,1,222,238,11
3328006041,1504403223618,1244,9,2,1,2,0,0,2,0,245,4,14,150,12,4,64,4,11,15,4,7,44,3,4,0,0,0,0,0,117,31,79,1,40,268,12,4,16,4,3,24,11,4,134,4,14,222,7,4,6,0,0,1,0,31,238,157,122,19
3298933239,1502468748331,193,9,2,2,0,0,0,0,0,420,12,4,222,4,7,267,3,4,69,4,21,141,11,4,0,0,0,0,0,53,51,238,75,157,37,3,4,92,4,14,22,4,7,161,4,3,120,6,11,0,0,0,0,0,102,23,40,19,55
3312597505,1503325846134,199,9,1,2,0,0,0,0,0,79,4,11,117,3,4,51,7,4,10,12,4,101,4,21,0,0,0,0,0,154,38,53,238,114,40,3,4,99,4,7,157,12,4,29,4,7,141,11,4,0,0,0,0,0,16,24,23,31,119
3228790557,1497796632809,2282,9,2,2,1,2,1,1,1,4,4,14,412,14,4,62,4,12,67,7,4,11,4,11,6,0,1,2,1,105,154,114,38,498,53,14,4,107,11,4,41,4,12,3,12,4,51,7,4,10,2,1,2,0,157,114,154,29,164
3313624649,1503397191648,2455,9,1,1,2,1,1,1,0,2,12,6,31,11,4,25,4,14,1,4,14,29,4,21,8,1,1,3,0,105,201,119,412,114,141,4,11,18,4,7,163,4,1,54,4,12,40,3,4,3,0,0,1,0,64,119,131,45,157
3293653379,1502115267319,1283,9,1,1,1,0,0,1,0,115,4,21,40,3,4,236,4,7,105,4,12,11,6,11,6,0,0,2,0,51,157,8,53,238,74,4,12,64,4,11,26,4,12,119,4,7,497,4,3,1,0,0,0,0,51,18,238,57,141
3325554031,1504214477850,1778,9,1,2,1,1,1,1,1,38,4,12,161,3,4,31,4,12,59,11,4,29,4,7,7,1,1,3,1,117,96,16,40,113,18,4,7,4,14,4,412,14,4,33,4,11,238,12,4,3,0,0,1,0,8,40,90,69,429
3246203531,1498856145314,1814,9,1,2,1,1,1,2,1,2,6,11,412,4,3,102,12,4,45,12,4,429,4,7,9,2,1,1,1,157,119,114,24,154,99,4,21,11,11,4,18,7,4,23,14,4,44,3,4,6,0,0,1,0,51,64,238,5,53
3324238892,1504128469878,1744,9,1,1,1,1,1,1,0,101,4,21,68,4,12,202,4,7,11,4,11,40,4,3,11,3,1,2,0,31,238,122,45,154,141,4,11,133,4,14,497,3,4,7,4,12,429,4,7,1,0,0,1,0,53,238,117,154,157
3330526967,1504597749516,1681,9,2,2,2,2,0,2,0,114,4,12,99,21,4,102,11,4,67,7,4,14,4,14,0,0,0,0,0,84,8,18,31,16,53,14,4,105,12,4,59,11,4,22,4,7,150,4,12,8,1,0,3,0,157,238,84,57,122
3264352558,1500073074889,1764,9,1,1,1,1,2,1,0,238,4,14,9,4,11,432,4,14,81,4,7,126,4,12,8,1,0,2,0,8,19,154,141,79,131,4,12,41,12,4,498,4,7,40,4,3,64,11,4,3,0,1,0,0,119,412,3,154,141
3324446664,1504166349505,1901,9,1,1,1,1,1,1,1,57,4,12,245,14,4,203,11,4,18,4,7,412,4,3,11,3,1,3,1,91,84,238,6,157,26,4,14,24,4,11,39,4,12,25,3,4,42,7,4,0,0,0,0,0,122,157,1,111,238
3311333629,1503239764765,1971,9,1,2,1,1,1,1,1,141,11,4,99,4,21,117,4,3,119,7,4,31,4,12,10,2,1,4,1,91,11,157,58,92,12,4,3,245,4,12,67,4,21,236,4,7,64,11,4,1,0,0,0,0,51,143,90,19,40
3330245393,1504565261533,1412,9,1,1,1,1,0,2,0,69,3,4,33,4,11,12,4,14,15,4,7,14,4,12,7,1,0,1,0,25,40,55,141,44,92,4,12,18,7,4,79,4,11,16,3,4,38,12,4,0,0,0,1,0,29,117,8,58,141
3330841458,1504612944985,2069,9,2,1,1,0,0,1,0,15,4,7,61,4,14,80,11,4,113,3,4,92,4,12,4,0,0,1,0,25,114,96,11,117,45,21,4,29,7,4,91,4,11,55,14,4,41,3,4,4,0,0,1,0,24,84,67,157,119
3328213085,1504438285517,2082,9,2,2,2,2,2,2,2,83,4,12,1,21,4,57,11,4,111,3,4,67,4,7,1,0,0,1,0,122,157,238,29,202,90,4,3,85,12,4,119,7,4,38,14,4,28,4,11,11,4,1,2,1,238,516,18,81,29
3326022507,1504275383964,2292,9,1,2,2,2,1,2,2,41,12,4,12,3,4,18,4,7,36,6,11,38,12,4,8,1,2,1,0,122,64,91,40,117,4,4,7,11,6,11,98,4,12,67,7,4,25,3,4,7,1,0,3,1,90,157,31,122,238
3316935285,1503593670080,1284,9,2,1,2,2,0,2,0,119,7,4,157,4,12,254,4,11,44,3,4,101,4,14,0,0,0,0,0,53,114,17,238,67,80,4,14,141,4,11,236,14,4,89,4,3,21,4,7,7,1,0,1,0,412,113,238,240,53
3308814360,1503071622867,1789,9,2,1,2,2,1,1,2,59,4,11,58,4,12,412,4,14,51,7,4,96,12,4,3,0,1,3,0,16,29,79,31,57,37,3,4,134,7,4,114,12,4,18,4,7,421,4,11,9,1,0,1,1,-1,113,117,53,40
3310992372,1503217567655,1697,9,1,2,1,1,1,2,1,67,7,4,121,4,11,45,4,12,19,4,12,432,4,14,11,2,1,0,1,8,119,103,16,31,75,12,6,202,7,4,37,3,4,34,14,4,64,4,11,2,0,0,2,0,114,38,29,113,40
3328233800,1504441197996,2134,9,2,1,2,2,1,2,2,40,3,4,29,7,4,59,4,11,122,4,12,161,4,12,4,0,1,2,0,412,119,57,117,31,4,6,4,8,6,4,37,4,3,24,4,11,18,4,7,10,2,1,3,1,238,92,-1,53,119
3268767468,1500383658414,962,9,2,1,2,0,0,2,0,45,21,4,67,7,4,32,4,11,43,4,3,429,4,7,0,0,0,0,0,238,24,33,53,51,22,4,7,201,4,3,62,4,12,11,11,4,63,14,4,2,0,0,1,0,99,114,122,119,51
3298354844,1502440276628,1864,9,1,2,1,1,1,1,0,113,11,4,141,12,4,105,14,4,223,4,3,222,4,7,10,3,1,2,0,63,35,103,11,67,81,7,4,62,11,4,133,4,14,497,4,3,7,14,4,3,0,0,0,0,24,53,122,99,420
3331344275,1504641797194,1733,9,2,1,1,2,2,2,2,10,4,12,11,4,11,101,3,4,115,4,14,222,7,4,2,0,0,1,0,90,238,114,9,143,61,3,4,18,4,7,432,4,3,2,6,12,33,4,11,10,2,1,2,1,157,31,16,75,29
3313020951,1503336128162,1980,9,2,1,2,2,2,1,1,117,4,7,29,21,4,59,4,11,4,14,4,23,14,4,3,0,0,2,1,238,157,90,54,31,86,4,12,99,4,12,37,14,4,18,7,4,60,11,4,9,1,1,2,0,42,40,63,68,10
3314031420,1503420387531,2140,9,2,1,1,2,2,1,1,91,4,14,5,4,11,21,7,4,16,3,4,82,12,4,6,0,0,3,1,40,53,24,92,67,222,7,4,412,14,4,31,4,12,35,14,11,99,4,21,9,2,2,1,0,141,61,57,18,268
3277839897,1501008173766,1998,9,1,2,2,1,1,1,0,67,7,4,412,3,4,92,4,12,79,11,4,163,21,4,7,1,1,2,0,91,498,12,238,31,202,4,7,117,3,4,245,4,14,62,12,4,64,4,11,4,0,0,0,0,55,157,122,80,114
3328206336,1504438955824,2630,9,2,1,2,2,2,2,2,161,21,4,56,11,4,498,4,7,48,4,12,43,4,3,4,0,0,1,0,114,75,29,133,18,25,3,4,236,4,7,134,4,14,23,11,4,164,4,12,10,2,1,3,1,10,38,67,51,11
3327412940,1504362477178,1624,9,1,1,1,1,0,1,0,51,7,4,89,3,4,6,21,4,84,11,4,48,12,4,11,3,0,2,0,7,141,86,516,122,75,4,12,55,4,14,35,14,11,27,6,11,20,11,4,2,0,0,0,0,238,17,157,72,105
3329809425,1504543510527,1248,9,1,1,1,0,1,1,1,60,11,4,24,4,12,30,3,4,40,4,3,18,7,4,4,0,1,2,1,114,6,516,23,57,19,14,11,98,4,12,63,4,14,53,4,14,119,4,7,0,0,0,0,0,-1,238,64,157,-1
3325749726,1504251652192,1581,9,2,1,2,2,2,1,0,25,3,4,41,12,4,67,4,7,90,4,14,32,4,11,1,0,0,1,0,91,157,141,23,238,21,7,4,134,14,4,84,12,4,64,4,11,40,4,3,11,2,1,2,0,122,11,18,75,23
3305515387,1502835768112,1885,9,1,1,1,1,2,2,0,164,12,4,8,4,12,498,7,4,497,4,3,31,4,11,8,1,0,0,0,84,117,40,75,61,412,4,3,115,4,7,202,4,7,98,12,4,19,11,4,5,0,1,3,0,40,157,18,141,48
3321660555,1503951984057,2655,9,1,2,1,1,1,1,0,497,4,3,126,4,12,22,7,4,39,11,4,81,4,14,9,2,1,5,0,122,119,516,238,53,79,14,4,114,12,4,18,7,4,111,3,4,64,4,11,6,0,1,0,0,-1,33,122,51,238
3280951969,1501190840600,2297,9,1,2,1,1,2,1,1,53,4,3,13,3,4,58,14,4,76,11,4,202,7,4,10,3,0,2,1,122,92,412,29,117,238,4,14,240,4,12,60,4,11,89,4,3,67,4,7,4,0,1,1,0,17,-1,6,31,122
3329155774,1504469754327,1480,9,2,2,2,2,0,2,0,21,4,7,38,4,12,17,14,4,64,11,4,25,14,4,1,0,0,0,0,29,114,19,92,18,53,3,4,141,11,4,96,4,7,99,14,4,90,12,4,11,2,0,2,0,157,29,238,498,11
3322348580,1504004630078,1270,9,2,2,2,0,0,2,2,238,4,14,19,11,4,136,4,3,202,7,4,82,12,4,0,0,0,0,0,105,157,34,60,122,24,4,11,98,4,12,161,21,4,412,4,3,498,4,7,4,0,0,2,1,17,141,105,67,157
3326090205,1504280557862,1346,9,1,1,1,1,0,1,0,79,4,12,412,14,4,38,12,4,154,4,11,15,4,7,7,1,0,1,0,117,40,126,238,53,131,4,12,96,4,1,240,12,4,16,4,7,421,4,11,1,0,0,0,0,40,117,18,39,157
3319490327,1503786357530,1765,9,1,1,1,1,0,2,0,141,11,4,75,12,4,26,4,14,498,4,7,21,4,3,10,2,0,1,0,115,64,157,24,119,238,14,4,11,11,6,497,3,4,81,4,7,126,4,12,3,0,0,1,0,202,103,122,53,105
3235097331,1498185208504,2103,9,1,2,2,1,1,2,2,90,4,12,23,6,11,18,4,7,37,4,3,3,4,12,9,1,1,0,0,157,122,105,412,103,92,12,4,16,4,3,254,11,4,115,3,4,202,4,7,8,0,0,3,1,143,5,11,154,238
3328057358,1504426392651,2040,9,2,1,2,2,2,1,2,157,4,14,57,12,4,29,4,7,17,11,4,63,4,14,1,0,0,1,0,37,40,19,114,154,497,3,4,5,4,3,27,12,6,18,4,7,238,4,14,9,2,1,2,1,96,117,412,141,119
3267069436,1500244065659,1840,9,1,2,1,1,1,1,0,141,4,11,54,12,4,497,4,3,498,4,7,238,4,14,8,1,1,2,0,157,53,19,22,154,26,4,3,50,4,12,29,7,4,92,4,11,5,4,14,4,0,0,0,0,51,19,18,154,75
3303781057,1502736817985,1737,9,1,1,2,1,1,2,1,40,3,4,222,4,7,82,4,14,35,4,14,54,11,4,11,3,1,1,1,420,90,157,81,238,23,4,14,134,3,4,59,11,4,412,3,4,236,4,7,3,0,0,1,0,154,117,141,18,51
3321212373,1503927130145,1509,9,1,2,2,1,0,2,0,105,14,4,62,4,12,113,4,11,40,4,3,96,4,7,9,1,0,0,0,157,154,31,122,102,223,4,3,35,14,11,21,4,7,150,4,12,84,4,12,3,0,0,1,0,114,119,16,157,238
3286685300,1501599295531,2017,9,1,1,2,1,2,1,0,432,4,14,57,4,11,150,4,12,222,7,4,157,4,14,8,1,0,3,0,114,24,6,122,64,31,4,11,53,3,4,17,4,14,110,4,7,238,14,4,1,0,1,0,0,21,6,119,117,80
3225121072,1497572534818,2586,9,1,1,1,1,2,2,1,32,11,4,58,12,4,112,4,3,21,7,4,412,4,14,10,5,0,2,1,154,92,157,16,122,24,12,4,104,4,11,497,3,4,498,4,7,238,4,14,2,0,2,2,0,3,7,154,51,120
3246979913,1498928681939,1574,9,1,2,1,1,0,2,0,51,7,4,17,7,4,34,1,4,53,3,4,33,11,4,10,1,0,1,0,8,498,157,238,80,63,4,14,105,4,12,1,3,4,19,4,11,429,4,7,2,0,0,1,0,7,117,67,154,64
3320476103,1503850927738,2030,9,2,2,1,2,2,1,1,7,4,14,20,11,4,53,4,3,115,4,7,24,4,12,4,0,0,2,1,64,81,57,40,103,117,4,3,157,4,12,222,4,7,113,4,11,105,4,14,10,1,2,1,0,18,497,119,31,80
3286143130,1501582703795,2149,9,1,1,1,1,1,1,0,18,4,7,16,3,4,90,6,4,141,4,11,106,12,4,8,1,1,2,0,136,67,36,154,103,50,12,4,55,14,4,119,4,7,117,3,4,421,4,11,2,0,0,0,0,24,154,6,238,122
3287163265,1501622847544,1917,9,1,2,1,1,0,1,0,240,12,4,126,11,4,99,4,14,143,3,4,29,7,4,9,2,0,3,0,150,122,53,157,64,201,3,4,222,7,4,103,12,7,107,4,11,80,4,12,1,0,0,0,0,22,141,6,202,35
3311511421,1503246643118,1450,9,1,2,1,1,0,1,0,18,7,4,62,12,4,55,14,4,141,11,4,223,4,3,7,1,0,2,0,53,-1,113,67,119,497,3,14,498,7,4,6,12,4,102,11,4,157,4,3,2,0,0,0,0,89,202,64,114,75
3321711542,1503955112321,2793,9,1,2,2,1,1,1,0,1,14,4,64,11,4,122,12,4,498,7,4,12,4,3,9,2,1,2,0,5,44,54,-1,99,86,12,4,222,7,4,25,3,4,62,11,4,61,4,21,6,1,0,3,0,31,21,157,119,11
3329665721,1504534336601,2162,9,2,1,2,2,2,2,0,8,4,14,267,4,3,22,7,4,141,4,11,164,4,12,4,0,0,1,0,157,63,497,117,238,14,12,4,40,4,3,79,11,4,202,4,7,17,4,12,10,1,1,1,0,31,103,498,117,51
3324513530,1504172160948,1634,9,2,2,1,2,2,2,0,18,4,7,74,4,12,3,4,12,64,11,4,16,7,4,4,0,0,0,0,38,53,57,40,31,117,14,4,67,7,4,33,11,4,134,14,4,516,4,12,8,1,1,1,0,19,29,157,6,427
3321664857,1503953210388,1627,9,1,1,1,1,1,1,0,8,4,14,58,4,12,121,11,4,29,4,7,12,4,3,11,3,1,3,0,40,67,122,141,16,18,4,7,37,4,3,238,4,14,64,11,4,57,4,12,1,0,0,0,0,31,497,40,33,53
3310716682,1503180490254,2607,9,2,2,1,2,1,2,0,412,3,4,29,4,7,157,4,1,75,12,4,32,11,4,7,0,1,1,0,18,114,119,105,117,59,4,12,63,4,14,77,11,6,89,14,4,67,7,4,10,3,1,4,0,122,114,117,6,238
3327535488,1504371202369,1838,9,1,2,1,1,1,1,1,157,4,12,90,14,4,141,4,11,81,4,14,21,4,14,11,3,1,2,1,119,80,245,84,59,25,4,3,22,4,7,427,4,11,38,12,4,83,12,4,2,0,0,0,0,113,238,59,37,53
3320502104,1503852412393,1657,9,2,1,1,2,0,1,2,26,4,3,238,14,4,42,7,4,105,12,4,11,4,11,2,0,0,1,0,18,157,51,122,141,23,4,12,516,4,3,24,4,11,222,4,7,8,4,12,11,3,0,2,1,157,55,67,498,75
3290378677,1501868591211,2533,9,1,1,2,1,0,1,0,110,4,7,14,4,14,203,4,11,45,4,21,89,4,3,6,2,0,3,0,150,57,1,429,157,53,4,3,11,4,11,245,4,12,91,14,4,29,4,7,5,0,0,0,0,7,412,498,10,31
3321674818,1503953273987,1635,9,1,1,1,1,1,0,0,498,4,7,236,4,14,79,4,11,497,14,4,10,4,12,8,2,1,0,0,60,157,113,76,53,126,4,12,141,4,11,7,4,12,432,4,14,81,7,4,2,0,0,0,0,40,150,18,60,69
3304838928,1502819665547,2331,9,2,1,1,2,2,2,0,122,4,12,131,4,14,63,4,3,5,11,4,236,7,4,5,0,0,2,0,12,420,107,74,17,37,3,4,86,12,4,29,4,7,11,4,11,69,4,6,8,1,1,2,0,157,55,6,114,67
3308709369,1503068896788,2223,9,1,1,2,1,1,1,1,7,12,4,119,7,4,86,4,12,432,4,3,79,4,11,10,2,1,3,1,57,38,113,40,31,121,4,11,41,12,4,267,4,14,91,4,14,498,4,7,3,0,0,0,0,57,29,40,18,53
3282018249,1501266017405,1754,9,1,1,1,1,1,1,0,67,7,4,43,3,4,75,4,12,36,11,4,63,14,4,8,1,1,3,0,122,64,6,31,157,154,4,11,51,4,7,25,4,14,223,4,12,201,3,4,0,0,0,0,0,136,24,202,498,141
3331190011,1504635235201,2041,9,1,2,1,1,2,1,0,236,7,4,79,4,11,85,12,4,96,4,1,40,7,4,9,1,0,2,0,117,-1,57,18,59,222,7,4,37,4,3,421,11,4,69,4,7,54,4,12,2,0,2,0,0,113,18,38,29,31
3316075535,1503558717744,2655,9,2,1,2,2,2,1,0,26,3,4,11,4,11,516,12,4,61,14,4,236,7,4,4,0,0,1,0,64,143,31,41,134,119,4,7,5,4,11,103,14,4,17,12,4,53,14,4,11,4,1,3,0,40,67,121,105,80
3320559312,1503857202306,2083,9,1,2,1,1,1,1,2,24,11,4,99,4,21,111,4,3,81,4,7,86,4,12,10,2,1,2,0,141,222,2,122,516,103,4,14,29,4,11,6,12,4,67,7,4,40,4,3,3,0,0,0,1,113,11,7,18,64
3258538681,1499706576844,912,9,2,2,2,0,0,2,0,10,12,4,64,4,11,61,7,4,40,4,3,236,4,7,0,0,0,0,0,39,157,412,154,29,51,4,7,223,4,3,7,4,12,126,12,4,79,4,11,3,0,0,1,0,-1,20,117,60,154
3329579840,1504529645505,2224,9,2,1,2,2,2,2,1,53,3,4,68,4,12,107,4,11,21,7,4,103,4,14,4,0,0,1,1,498,121,-1,119,141,18,4,7,89,3,4,45,4,14,238,12,4,82,4,11,10,2,1,3,0,24,157,63,84,42
3262084369,1499912654586,3437,9,1,1,1,2,2,2,0,29,4,7,238,4,14,412,4,3,105,11,4,122,12,4,11,4,3,1,0,89,19,51,24,141,2,11,6,92,12,4,90,14,4,202,4,7,53,3,4,7,1,1,4,0,35,51,157,141,11
3325954985,1504270627885,1837,9,1,1,2,1,1,2,1,22,4,7,103,14,4,117,4,3,157,4,12,102,4,11,10,1,1,2,1,31,8,113,57,29,92,12,4,30,4,3,16,3,4,79,4,11,18,4,7,4,0,0,1,0,40,497,31,29,141
3220426746,1497277935047,1541,9,2,2,2,2,0,2,2,432,3,4,105,4,14,64,4,11,92,12,4,18,4,7,2,0,0,0,0,58,114,119,3,238,117,4,3,150,4,12,51,4,7,90,4,6,60,11,4,9,2,0,2,1,7,41,143,119,154
3254226073,1499426747043,1700,9,2,2,2,2,2,2,2,61,12,4,76,11,4,50,4,12,119,4,7,412,4,14,2,0,0,1,0,154,121,20,3,51,28,11,4,201,3,4,236,4,7,24,4,12,38,4,12,11,2,1,1,1,29,92,154,8,114
3325859958,1504265157946,2199,9,1,1,2,1,1,1,0,432,14,4,105,12,4,98,4,12,202,4,7,141,11,4,11,4,2,4,0,40,238,157,29,75,79,4,11,122,12,4,134,14,4,51,4,7,16,7,4,3,0,0,1,0,31,238,40,516,117
3319878586,1503837884345,1354,9,1,1,1,1,0,2,1,23,12,4,15,4,7,238,4,14,113,4,11,25,4,14,6,1,0,1,1,122,157,31,84,40,48,11,4,202,7,4,245,4,14,53,4,3,75,12,4,1,0,0,1,0,64,157,122,29,134
3329024412,1504461955989,1567,9,1,1,1,1,1,1,0,150,12,4,25,14,4,102,11,4,498,7,4,516,3,4,10,3,1,3,0,31,53,238,157,51,21,7,4,141,4,11,89,3,4,7,4,14,105,12,4,0,0,0,0,0,119,17,90,75,29
3321817200,1503960603253,1578,9,2,2,2,2,0,2,0,412,4,3,79,4,11,84,4,14,245,14,4,429,4,7,0,0,0,0,0,157,238,86,31,105,89,3,4,67,4,7,99,4,21,141,12,4,35,11,14,9,1,0,2,0,5,53,21,131,157
3326526790,1504304326084,1850,9,2,1,2,2,2,1,0,107,11,4,67,7,4,91,14,4,43,4,3,75,12,4,4,0,0,1,0,29,141,25,122,498,31,12,4,18,4,7,157,14,4,2,4,11,89,4,3,9,2,1,2,0,25,6,7,53,119
3325320343,1504210844053,1995,9,2,1,2,2,2,1,1,254,11,4,22,4,21,25,4,21,6,4,12,63,4,3,6,0,0,3,1,11,75,238,157,84,120,6,11,114,12,4,67,7,4,12,3,4,43,21,4,8,2,1,1,0,498,53,105,75,11
3232256519,1497991686624,1621,9,2,2,1,0,2,2,2,4,4,3,54,4,12,412,4,3,32,11,4,85,4,7,2,0,0,1,0,119,55,154,17,122,24,11,4,117,14,4,223,3,4,498,4,7,59,4,12,3,0,1,2,1,23,53,154,157,105
3235439264,1498220288150,1792,9,1,1,1,1,0,1,1,51,7,4,86,4,12,203,4,11,41,4,3,21,4,7,9,2,0,1,1,122,68,238,498,201,19,4,11,105,14,4,16,4,3,236,4,7,106,12,4,0,0,0,1,0,8,157,114,420,122
3285684229,1501527962804,2558,9,2,1,2,2,1,2,2,141,11,4,53,4,3,222,4,7,91,4,14,58,4,14,7,1,1,2,0,122,-1,67,-1,-1,102,4,11,96,4,7,412,4,3,238,4,14,78,12,4,10,3,0,2,1,157,105,31,122,29
3321217082,1503928611827,1973,9,2,2,1,2,2,1,2,254,4,11,498,4,7,25,14,4,412,4,3,14,4,12,4,0,0,3,0,236,51,157,29,117,35,12,14,21,4,7,37,3,4,1,4,12,64,11,4,10,2,2,2,1,40,58,120,122,67
3323863685,1504106808460,1333,9,2,2,2,2,0,1,0,150,12,4,516,3,4,105,4,14,24,11,4,110,4,7,0,0,0,1,0,59,157,53,21,28,31,4,12,60,4,11,37,4,3,103,4,14,29,4,7,6,1,0,1,0,141,154,236,420,498
3315821906,1503521169423,1675,9,2,1,2,2,0,2,2,38,14,4,18,7,4,64,4,11,8,12,4,45,3,4,2,0,0,0,0,53,9,222,157,29,143,4,14,131,4,14,498,7,4,2,11,6,240,4,12,8,2,0,2,1,119,126,53,63,6
3326756357,1504343855318,2043,9,2,2,1,2,2,1,0,150,12,4,127,4,12,113,11,4,202,4,7,201,4,3,5,0,0,4,0,114,67,105,31,498,103,4,14,51,4,7,267,3,4,240,4,12,62,11,4,11,3,1,0,0,157,29,141,497,105
3318247386,1503699296130,2676,9,2,2,1,2,2,2,2,412,4,14,498,4,7,27,12,6,77,11,4,91,14,4,4,0,1,4,0,117,238,33,119,29,67,4,7,99,4,21,11,11,4,12,14,4,150,4,12,9,1,2,2,1,119,40,105,141,31
3277235049,1500939957112,1731,9,1,1,2,2,0,2,2,18,4,7,91,14,4,86,12,4,40,3,4,11,11,3,8,1,0,1,0,238,141,122,119,113,15,4,7,131,4,14,412,3,4,106,11,6,58,12,4,6,1,0,2,1,16,31,59,122,119
3323026478,1504044550284,1217,9,2,2,2,0,0,2,0,126,4,12,22,4,7,64,4,11,267,4,3,134,4,12,1,0,0,0,0,84,38,24,154,114,120,11,6,412,14,4,7,4,14,498,4,7,92,4,12,5,0,0,1,0,141,31,119,40,3
3312059707,1503298210341,2195,9,2,1,2,2,2,2,2,112,4,1,53,4,3,131,4,11,18,4,7,41,3,4,1,0,0,1,0,40,55,497,69,122,45,12,4,429,7,4,86,4,12,412,4,14,35,14,11,10,2,2,4,1,40,157,24,238,141
3256849338,1499600446226,1934,9,1,1,2,1,2,2,2,133,4,21,126,11,4,45,4,14,222,4,7,89,4,3,7,1,0,1,0,84,157,51,23,114,67,7,4,92,12,4,254,11,4,201,4,3,268,14,4,7,0,1,2,1,119,19,29,154,157
3319537564,1503789217698,2171,9,2,2,1,2,2,2,1,22,4,7,11,11,4,126,4,14,420,4,12,111,4,3,6,0,0,1,1,18,412,7,31,157,36,4,11,91,4,14,74,4,7,37,4,3,516,12,4,9,1,1,3,0,141,105,67,8,120
3322343039,1504001691094,1964,9,2,2,1,1,2,1,1,90,14,4,37,14,4,222,7,4,111,4,11,114,12,4,6,1,0,1,1,53,143,105,57,245,412,3,4,131,4,11,202,4,7,75,4,12,7,14,4,9,1,1,2,0,24,3,40,161,31
3330167639,1504561838604,2434,9,2,2,2,2,2,2,0,59,11,4,412,3,4,90,4,21,202,7,4,17,4,12,5,0,0,3,0,31,41,157,40,245,238,4,14,102,11,4,117,4,3,58,4,12,51,4,7,9,2,1,2,0,113,40,18,29,67
3305999827,1502889518703,1525,9,2,2,2,2,2,2,1,498,4,7,117,3,4,27,6,14,238,4,14,121,4,11,2,0,0,0,1,157,75,29,63,90,64,4,11,150,4,12,161,4,21,412,4,3,18,7,4,10,2,1,3,0,23,16,141,40,8
3329471070,1504516197027,1585,9,2,2,2,2,2,2,2,150,4,12,497,4,14,498,4,7,45,12,4,59,4,11,4,0,0,0,0,82,412,117,38,18,79,11,4,24,4,12,119,4,7,40,4,3,161,1,4,8,1,1,3,1,96,412,57,60,7
3329080048,1504465859839,2041,9,2,2,1,1,2,1,0,103,4,14,420,12,4,222,4,7,131,11,4,63,4,3,8,2,0,2,0,23,11,122,75,81,40,3,4,79,11,4,157,4,3,516,4,12,67,4,7,8,1,1,0,0,29,141,31,18,117
3321675361,1503953370766,1461,9,1,1,1,1,0,1,0,245,11,4,78,3,4,222,7,4,157,4,14,114,4,12,10,2,0,1,0,122,67,29,154,20,516,3,4,41,4,12,48,12,4,64,11,4,236,7,4,0,0,0,0,0,84,92,117,18,238
3270594712,1500478648259,3447,9,2,1,2,2,2,2,1,110,7,4,103,4,14,201,4,3,141,11,4,77,4,12,10,2,1,1,1,53,238,51,245,122,17,12,4,90,4,7,64,4,11,18,7,4,111,14,4,9,3,1,4,0,157,222,51,119,45
3317428176,1503624907312,2275,9,2,2,2,2,2,2,2,98,4,14,236,4,7,103,4,14,41,4,12,24,11,4,5,0,0,1,0,-1,238,141,64,122,51,7,4,134,4,3,516,4,11,16,4,3,54,12,4,11,4,1,3,1,122,202,7,157,119
3322628371,1504021929461,997,9,2,2,2,0,0,2,2,59,11,4,38,4,12,429,4,7,39,4,12,516,3,4,0,0,0,0,0,57,113,53,90,36,22,4,7,150,4,12,64,4,11,44,3,4,136,6,4,5,0,0,2,1,40,18,238,31,57
3308617583,1503063634052,2004,9,1,1,2,1,0,1,1,54,12,4,18,4,7,102,4,11,134,3,4,98,4,14,6,1,0,3,1,29,141,238,59,31,67,4,7,267,4,3,202,4,7,84,4,14,121,4,11,4,0,0,1,0,7,16,31,40,238
3329463867,1504517392792,918,9,1,1,2,0,0,0,0,427,4,11,12,4,14,15,7,4,1,4,12,236,4,7,3,0,0,0,0,90,154,96,18,38,99,4,3,498,4,7,157,4,14,150,4,12,59,4,11,1,0,0,0,0,75,29,412,40,154
3269100153,1500404565604,1999,9,1,2,2,1,0,1,0,106,11,4,21,4,7,59,12,4,69,4,6,412,14,4,9,1,0,1,0,91,-1,122,29,201,104,11,4,163,1,4,51,7,4,117,3,4,141,4,12,3,0,0,0,0,238,154,91,107,105
3318822598,1503735951620,2208,9,2,1,2,2,0,1,0,21,7,4,64,4,11,105,14,4,117,4,3,240,4,14,4,0,0,1,0,157,53,89,31,5,86,4,12,45,4,14,236,4,7,40,4,3,516,11,4,11,4,0,2,0,51,122,238,28,53
3320038565,1503846028141,2084,9,1,1,1,1,2,1,2,12,4,3,268,4,3,429,4,7,59,4,12,5,4,11,8,1,1,3,0,16,141,31,18,119,24,12,4,113,4,11,498,4,7,90,4,12,412,4,3,5,0,1,0,1,40,31,55,238,157
3330161680,1504559901242,1723,9,2,2,1,2,2,1,0,18,4,7,55,4,14,114,12,4,29,4,11,53,4,3,3,0,0,1,0,119,141,11,113,103,81,7,4,245,12,4,24,11,4,40,3,4,157,4,12,9,1,1,2,0,31,36,412,67,59
3235536027,1498222269478,1456,9,1,2,1,1,0,1,0,17,4,3,59,4,11,63,4,14,18,4,7,131,4,12,8,1,0,2,0,11,24,23,126,67,99,4,6,412,4,3,64,4,11,157,12,4,498,7,4,0,0,0,0,0,53,154,114,24,134
3326283091,1504290294754,1940,9,2,1,1,2,2,1,0,53,4,11,21,4,7,64,4,11,13,6,4,54,4,14,4,0,0,1,0,40,19,57,29,31,113,4,11,78,12,4,18,4,7,163,7,4,117,3,4,7,1,1,3,0,19,40,29,157,122
3250859757,1499187833480,1902,9,1,1,1,1,1,1,0,222,4,7,64,4,11,58,12,4,61,4,14,412,4,3,11,2,1,2,0,117,238,498,122,55,143,4,14,134,6,4,157,12,4,154,11,4,119,4,3,3,0,0,1,0,105,53,117,17,29
3280907431,1501189515624,1308,9,1,1,1,1,0,1,1,11,11,4,34,12,4,26,3,4,18,7,4,3,12,4,10,1,0,2,1,57,31,157,154,38,223,4,3,134,4,6,429,4,7,59,12,4,77,4,11,0,0,0,0,0,141,154,38,29,412
3322988440,1504041772084,1296,9,2,2,1,2,0,1,2,29,4,7,55,4,14,31,12,4,44,3,4,19,4,11,2,0,0,2,0,89,53,238,119,141,203,4,11,90,4,14,222,4,7,154,4,12,111,3,4,7,1,0,1,1,75,238,11,119,202
3313868901,1503414972348,915,9,1,1,1,0,0,1,1,119,7,4,20,11,4,40,4,3,150,4,12,103,14,4,2,0,0,2,1,38,114,59,141,12,238,4,14,86,4,14,37,4,3,498,4,7,121,4,11,0,0,0,0,0,114,33,29,84,53
3327802793,1504385155127,2333,9,2,2,2,2,1,1,0,121,11,4,59,12,4,89,14,4,429,7,4,85,21,4,3,0,1,1,0,31,134,131,28,7,16,4,3,29,7,4,11,4,11,127,4,12,17,4,14,10,3,0,2,0,157,412,41,40,105
3327604951,1504374291686,2408,9,2,2,2,2,1,1,2,89,4,3,161,21,4,29,7,4,126,12,4,64,11,4,4,0,2,3,0,157,238,23,67,90,201,4,3,25,7,4,56,4,11,84,12,4,18,7,4,11,5,0,1,1,17,16,238,516,40
3315511066,1503504596429,2050,9,2,1,1,2,2,1,2,33,4,11,92,4,12,98,4,14,18,4,7,161,21,4,6,0,0,3,0,7,38,114,141,31,64,4,11,103,14,4,21,4,7,16,4,3,150,4,12,7,1,2,0,1,61,117,141,105,40
3317002772,1503596711443,1599,9,1,1,1,1,0,2,0,79,4,11,14,4,14,103,4,14,498,4,7,497,4,14,10,1,0,2,0,119,122,516,105,53,157,4,14,75,4,12,99,4,7,201,4,3,254,4,11,2,0,0,1,0,90,19,202,105,141
3325550703,1504213509819,2059,9,2,1,2,2,1,2,0,92,12,4,31,4,14,60,4,11,15,4,7,16,3,4,4,0,1,1,0,238,90,29,40,119,222,7,4,163,3,4,64,4,11,59,4,12,53,3,11,10,2,1,3,0,24,117,119,18,40
3330154717,1504560507277,1558,9,1,1,1,1,0,1,0,99,4,6,157,4,12,141,11,4,25,3,4,110,7,4,9,2,0,1,0,154,91,498,238,10,86,4,12,79,4,14,9,4,11,117,4,3,15,7,4,0,0,0,0,0,245,91,84,164,40
3327315943,1504357984589,1798,9,2,2,2,2,0,2,1,429,7,4,92,4,11,7,4,12,24,11,4,12,4,3,1,0,0,0,1,498,53,141,86,238,117,4,3,45,4,12,18,4,7,17,14,4,54,4,11,7,1,0,3,0,134,141,64,238,75
3321684711,1503953456158,1794,9,1,1,2,1,1,1,2,164,12,4,101,21,4,79,4,11,12,3,4,18,4,7,8,2,1,2,0,157,67,117,141,238,92,4,12,89,4,14,134,4,1,121,4,11,15,4,7,3,0,0,0,1,150,16,105,67,31
3321451303,1503941459812,2008,9,1,2,2,1,1,1,1,68,4,12,16,4,3,19,11,14,51,7,4,99,4,14,8,1,1,2,1,119,90,122,92,157,35,14,11,81,4,7,61,4,21,37,4,3,75,12,4,2,0,0,0,0,516,53,64,31,134
3255701236,1499521479187,1908,9,1,2,1,1,1,2,1,29,7,4,432,4,14,91,14,4,254,4,11,164,4,12,9,1,1,1,1,157,23,114,92,51,420,12,4,163,4,6,202,4,7,56,4,11,154,4,3,3,0,0,2,0,238,120,412,157,19
3330133063,1504557653771,1391,9,1,1,1,1,0,1,0,41,4,12,30,4,14,497,4,3,236,4,7,57,11,4,6,1,0,2,0,40,117,31,119,122,62,12,4,81,7,4,12,3,4,64,4,11,99,14,4,0,0,0,0,0,238,105,157,7,25
3328237369,1504442220104,1844,9,1,1,1,1,0,1,0,68,4,12,29,4,7,37,3,4,115,12,4,154,11,4,10,2,0,2,0,58,31,59,157,18,3,4,12,16,3,4,81,11,4,45,4,14,15,7,4,2,0,0,0,0,64,114,238,516,67
3327879350,1504392643201,1640,9,1,1,1,1,1,1,1,134,4,21,53,14,4,75,4,12,202,7,4,79,4,11,10,2,1,2,1,31,18,69,114,157,40,3,4,141,4,11,83,4,12,51,4,7,103,14,4,0,0,0,0,0,157,91,238,31,90
3302331222,1502654062512,2067,9,2,1,2,2,1,1,2,64,11,4,42,4,14,84,14,4,412,4,14,119,7,4,4,0,1,3,0,53,57,80,90,141,18,4,7,117,4,3,254,11,4,114,4,12,245,4,14,7,1,0,0,1,141,31,40,24,90
3328767846,1504457199837,198,9,2,0,0,0,0,0,0,19,11,4,25,12,4,29,4,12,498,7,4,112,4,6,0,0,0,0,0,141,432,238,99,114,61,4,14,9,4,11,40,4,3,67,4,7,92,4,12,0,0,0,0,0,53,103,117,119,141
3324411613,1504138572287,3373,9,1,2,1,1,1,2,0,68,12,4,91,4,14,141,11,4,22,4,7,122,4,7,11,5,3,2,0,420,119,11,498,55,222,7,4,143,4,3,245,14,4,64,14,4,33,4,11,5,0,0,2,0,84,420,38,59,223
3248422978,1499013435098,1188,9,1,1,1,1,0,1,0,51,4,7,266,4,11,17,4,12,201,4,3,119,7,4,10,2,0,1,0,53,1,222,420,240,55,4,14,498,4,7,21,4,7,24,4,11,3,3,4,0,0,0,0,0,92,122,62,157,75
3318385484,1503702380324,1389,9,2,1,2,0,0,2,0,240,3,4,51,4,7,127,12,4,86,12,4,238,11,4,0,0,0,0,0,6,84,24,122,29,33,11,4,412,3,4,119,4,7,10,12,4,245,14,4,7,0,0,1,0,141,53,84,122,92
3243988930,1498746887608,1757,9,2,1,2,2,2,2,0,236,4,7,89,3,4,79,4,11,83,4,12,69,4,6,1,0,0,0,0,51,157,64,238,105,3,3,4,121,4,11,99,4,21,58,4,12,22,4,7,11,4,1,2,0,154,117,11,38,134
3313346212,1503354274697,2038,9,1,1,1,1,0,1,1,99,6,4,67,7,4,89,3,4,114,12,4,11,6,11,11,3,0,2,1,6,154,18,157,19,40,3,4,31,4,12,120,11,6,498,4,7,45,14,4,1,0,0,1,0,154,105,238,122,53
3288848421,1501766375804,1602,9,2,2,2,2,2,2,2,50,4,12,412,14,4,113,11,4,133,7,4,105,14,4,0,0,0,0,0,11,157,51,53,7,69,21,4,17,4,12,45,4,3,59,11,4,67,4,7,11,3,1,2,1,154,80,157,11,119
3316240593,1503573475536,1935,9,1,2,1,1,1,1,1,15,4,7,112,6,4,31,11,4,92,4,12,40,4,3,11,4,1,4,1,57,51,29,38,69,102,4,11,164,12,4,67,4,7,16,3,4,101,4,14,4,0,0,0,0,141,114,516,18,113
3317342060,1503612405450,2812,9,2,2,1,1,1,2,0,35,14,11,55,14,4,51,7,4,45,4,12,115,4,21,8,1,1,2,0,23,12,498,75,201,202,4,7,53,3,4,516,12,4,254,11,4,63,4,3,10,1,1,3,0,238,31,236,6,30
3329108721,1504467543024,2120,9,1,1,1,1,0,2,0,18,7,4,115,4,14,35,4,11,17,4,12,267,4,3,8,2,0,1,0,39,120,38,202,157,412,4,7,133,12,4,79,11,4,91,12,4,51,4,7,1,0,0,1,0,45,23,53,55,5
3329216618,1504472889839,1755,9,1,2,1,1,0,1,1,33,4,11,55,14,4,39,12,4,202,7,4,53,4,14,11,4,0,2,1,31,51,18,40,117,81,4,7,16,3,4,161,3,4,111,4,12,19,4,11,1,0,0,0,0,84,154,67,29,141
3322528056,1504015877506,3074,9,1,2,2,1,2,1,0,40,4,3,22,7,4,254,11,4,81,4,14,17,14,4,10,3,1,2,0,117,113,53,141,57,18,7,4,61,7,4,114,4,12,107,4,11,267,14,4,6,0,2,3,0,122,157,91,154,31
3325902119,1504265980086,2249,9,1,2,2,2,1,2,0,238,4,14,157,4,12,222,7,4,516,4,3,141,4,11,6,1,1,3,0,267,121,67,133,80,84,4,11,98,4,12,55,14,4,498,4,7,497,14,4,4,1,0,2,0,40,122,29,92,18
3330222511,1504563623533,2089,9,2,1,2,2,2,1,2,161,4,3,57,12,4,64,11,4,1,4,21,110,7,4,2,0,0,4,0,40,157,516,16,53,412,3,4,79,11,4,80,12,4,236,4,7,115,4,14,8,1,1,0,1,18,31,238,114,113
3278551885,1501024285735,2025,9,2,2,1,2,2,2,0,60,4,11,18,4,7,12,4,3,127,12,4,105,4,14,5,0,0,3,0,85,39,55,57,117,8,14,4,133,7,4,59,11,4,245,12,4,432,4,12,7,1,1,1,0,412,53,113,11,150
3307793120,1502997842919,1576,9,1,2,1,1,0,1,1,68,4,12,40,4,3,141,4,11,18,4,7,157,14,4,8,1,0,1,1,57,7,96,201,38,39,4,12,429,4,7,31,12,4,59,4,11,412,4,14,3,0,0,0,0,10,134,53,29,117
3329494283,1504518656530,1828,9,2,1,1,0,2,1,0,115,7,4,67,4,7,59,4,11,14,4,14,48,7,4,5,0,0,2,0,31,99,516,141,157,154,11,4,163,4,7,238,4,14,1,4,14,412,14,4,4,0,1,0,0,157,53,141,119,29
3329146484,1504469664139,2544,9,1,1,1,1,1,1,1,42,12,4,59,11,4,43,4,14,119,7,4,98,4,12,10,3,1,5,1,238,105,51,53,141,17,12,4,202,7,4,85,14,4,113,4,11,89,4,3,1,0,0,0,0,40,122,11,19,75
3310724666,1503179620003,1778,9,2,1,1,2,2,1,0,202,7,4,16,3,4,59,11,4,69,6,4,240,4,12,3,0,0,2,0,157,40,31,154,11,61,4,21,29,4,7,58,12,4,57,11,4,223,3,4,10,2,1,1,0,18,114,421,35,157
3325579893,1504216658100,1767,9,2,1,2,2,2,1,2,67,7,4,50,14,4,89,3,4,2,11,4,24,4,12,3,0,0,3,0,58,141,35,119,157,23,6,12,61,12,4,37,4,14,18,4,7,154,4,11,8,1,1,0,1,157,11,245,92,53
3330155651,1504560833386,1885,9,1,2,1,1,0,1,0,17,4,11,4,4,21,67,4,12,223,4,3,18,4,7,11,3,0,1,0,40,58,157,8,119,31,4,14,238,4,14,12,4,11,81,7,4,267,14,4,1,0,0,0,0,75,141,40,58,16
3283427276,1501357785054,944,9,1,1,1,1,0,0,0,79,11,4,51,7,4,157,3,4,267,14,4,17,4,12,9,2,0,0,0,64,31,240,6,238,12,3,4,92,4,12,141,3,4,202,4,7,5,11,4,0,0,0,0,0,154,24,121,61,75
3318907747,1503748076445,2164,9,1,1,2,1,1,2,1,62,4,12,45,14,4,23,11,14,16,3,4,81,4,7,9,3,1,2,1,53,74,90,122,157,99,14,4,11,4,12,21,4,7,432,3,4,33,4,11,3,0,0,1,0,119,157,69,89,51
3269214633,1500408606863,2134,9,2,1,1,2,2,2,1,90,14,4,29,4,7,67,4,12,254,4,11,12,3,4,5,0,0,2,1,24,154,141,238,53,122,12,4,25,4,3,21,7,4,64,11,4,134,4,14,9,2,1,1,0,157,51,114,117,119
3327869281,1504389782628,2415,9,2,2,2,2,2,1,1,86,4,12,16,3,4,1,14,4,64,11,4,498,7,4,4,0,1,2,1,37,238,412,420,31,236,4,14,53,14,4,51,7,4,79,4,11,8,12,4,11,3,2,2,0,157,18,238,-1,40
3288433629,1501708804228,2096,9,1,1,1,1,1,1,1,63,14,4,236,4,7,14,4,12,61,4,6,35,11,14,11,5,2,3,1,92,31,38,412,119,28,4,11,201,4,3,18,4,7,34,4,14,2,12,6,2,0,0,0,0,38,67,412,7,154
3327549725,1504372626759,2331,9,2,1,2,2,2,2,0,84,12,4,238,4,14,99,4,14,96,4,7,59,11,4,4,1,0,0,0,25,131,38,17,81,103,4,14,16,3,4,64,11,4,24,4,12,21,7,4,10,3,1,3,0,53,236,6,157,245
3283775129,1501401340947,2316,9,1,2,1,1,1,1,1,412,4,14,57,4,12,236,7,4,134,3,4,62,11,4,11,4,1,3,1,64,21,157,75,267,54,12,4,61,21,4,67,4,7,11,6,11,43,14,4,0,0,0,1,0,29,31,117,105,122
3308164605,1503006957090,976,9,1,1,1,0,0,1,0,4,4,6,79,12,4,22,4,7,19,4,11,40,4,3,2,0,0,1,0,18,141,119,157,75,254,11,4,44,4,14,31,12,4,126,4,1,29,4,7,0,0,0,0,0,154,122,53,90,157
3323883831,1504107096379,2087,9,1,1,2,1,0,1,0,80,4,12,59,4,11,26,3,4,90,14,4,202,7,4,7,1,0,3,0,154,119,114,122,51,45,3,4,38,14,4,254,11,4,240,4,12,15,4,7,2,0,0,1,0,53,516,114,238,157
3324945327,1504200854451,1403,9,2,1,2,0,0,2,0,7,4,12,122,12,4,37,3,4,119,7,4,5,11,4,0,0,0,0,0,103,59,18,24,53,29,11,4,96,7,4,78,4,14,111,12,4,45,7,4,7,0,0,1,0,420,40,18,80,238
3324252652,1504126930241,1224,9,2,2,2,0,0,2,0,101,4,14,154,12,4,50,4,12,111,4,12,51,7,4,0,0,0,0,0,157,90,114,11,24,25,3,4,266,12,4,121,11,4,43,4,14,18,7,4,2,0,0,2,0,236,55,157,238,53
3324583234,1504177489445,1895,9,1,2,2,2,1,1,0,163,1,4,44,4,3,157,12,4,113,11,4,29,4,7,9,1,2,3,0,117,57,18,16,40,34,12,4,54,4,12,497,14,4,429,4,3,107,4,11,4,1,0,0,0,119,40,141,516,31
3324662796,1504185096357,1156,9,2,1,2,0,0,2,0,154,4,11,69,4,14,157,4,12,497,4,3,498,4,7,0,0,0,0,0,114,117,53,18,238,121,4,11,36,12,4,67,4,7,161,21,4,432,4,3,4,0,0,2,0,245,122,19,238,6
3321472046,1503941977224,1680,9,1,1,1,1,1,2,1,154,4,11,55,4,14,12,4,14,150,4,12,21,7,4,8,1,1,1,1,67,104,105,83,141,223,4,3,74,4,12,516,4,12,5,4,11,498,4,7,4,0,0,2,0,63,122,157,40,266
3328968404,1504460424222,1527,9,1,2,2,0,0,1,1,27,12,6,67,7,4,91,14,4,11,11,4,40,3,4,7,0,0,2,1,157,498,122,105,17,89,3,4,1,14,4,18,7,4,33,4,11,78,7,12,2,0,0,0,0,150,55,31,84,412
3314367584,1503438660708,2140,9,2,1,1,2,2,2,1,56,11,4,89,4,14,240,12,4,51,4,7,103,4,14,3,0,0,0,1,154,157,40,122,141,57,4,12,1,4,14,202,4,7,121,4,11,267,3,4,8,2,2,4,0,119,154,141,134,238
3315326749,1503498285167,2412,9,2,2,1,2,2,1,1,102,11,4,91,14,4,1,4,14,18,7,4,157,4,12,6,0,0,3,1,103,122,105,50,201,4,4,14,14,4,12,113,4,11,117,4,3,29,4,7,8,2,2,2,0,238,53,64,40,75
3232783279,1498048100038,1940,9,2,1,2,2,2,2,0,103,4,14,59,4,12,3,4,11,76,4,3,133,7,4,2,0,0,1,0,114,11,33,154,268,61,4,12,412,4,3,54,11,4,51,7,4,98,14,4,9,2,1,2,0,90,122,157,238,498
3268361322,1500325929782,2052,9,1,1,2,1,1,1,0,79,4,12,35,11,14,91,14,4,119,7,4,117,3,4,10,2,1,3,0,141,412,33,51,114,16,3,4,429,4,7,13,4,3,78,12,4,121,4,11,5,0,0,1,0,238,154,60,27,114
3318057334,1503688390265,1734,9,2,2,2,2,2,2,2,16,4,3,64,4,11,10,4,12,22,7,4,238,14,4,1,0,0,1,0,117,114,67,29,18,57,4,11,23,12,4,236,7,4,39,14,4,412,4,3,11,2,1,2,1,61,40,79,18,157
3328004257,1504401315299,1605,9,1,1,1,1,1,1,1,64,4,11,238,4,14,58,12,4,117,4,14,18,4,7,11,4,1,2,1,420,89,6,105,84,23,4,12,63,4,14,53,4,14,421,4,11,74,4,7,2,0,0,0,0,11,1,157,25,113
3231112348,1497947454135,1726,9,1,1,2,1,0,2,1,498,7,4,11,4,11,497,3,4,63,12,4,24,4,12,7,1,0,0,1,245,67,38,122,154,12,4,3,103,4,14,22,4,7,78,12,4,56,11,4,4,0,0,2,0,154,157,84,105,114
3319915904,1503840056139,1484,9,1,1,1,1,1,1,0,498,4,7,497,3,4,105,4,14,122,4,12,60,11,4,9,1,1,1,0,57,117,141,11,18,69,14,4,32,4,11,238,14,4,21,4,7,63,4,3,1,0,0,0,0,31,141,19,117,40
3288500350,1501715076944,1308,9,2,1,2,2,2,2,2,53,4,14,59,4,11,92,12,4,42,7,4,141,14,4,0,0,0,0,0,80,29,61,57,238,74,12,4,51,7,4,126,4,12,113,4,11,37,4,3,11,3,1,1,1,29,119,121,24,412
3302107927,1502648026925,1820,9,1,1,1,0,0,2,0,92,4,12,245,4,14,19,11,4,223,4,3,110,7,4,6,0,0,0,0,39,119,31,53,157,141,12,4,236,4,7,432,4,14,11,4,11,163,4,21,1,0,0,1,0,84,53,31,17,63
3325686951,1504225070529,2011,9,2,2,1,2,0,1,0,498,7,4,43,4,3,92,4,12,126,14,4,79,11,4,3,0,0,1,0,157,31,164,58,28,131,14,4,141,4,11,201,3,4,48,12,4,236,4,7,9,1,0,1,0,31,13,238,157,122
3223048182,1497446570185,2105,9,2,2,2,2,0,2,2,64,11,4,7,4,14,236,7,4,82,4,14,53,4,14,4,0,0,1,0,89,122,154,157,1,3,11,4,25,3,4,498,4,7,55,4,14,48,4,11,8,1,0,3,1,134,119,157,154,421
3322879906,1504036646159,1732,9,1,2,2,1,1,1,2,17,14,4,60,11,4,238,4,14,412,4,14,429,4,7,9,2,1,3,0,119,516,38,80,134,34,4,12,79,4,11,497,4,3,29,4,7,107,12,4,3,0,0,0,1,31,40,141,119,57
3325463899,1504211578050,1998,9,1,1,1,1,0,1,0,86,12,4,21,7,4,103,4,14,57,4,11,432,4,3,9,2,0,1,0,18,201,114,121,1,23,4,12,222,4,7,28,4,11,74,4,14,161,1,4,4,1,0,0,0,238,11,117,141,119
3327481525,1504367172771,2103,9,1,2,2,2,1,2,2,59,11,4,79,4,14,40,4,3,96,7,4,31,12,4,7,1,2,1,0,27,238,18,33,57,164,4,12,51,4,7,143,4,14,48,11,4,127,12,4,8,2,0,3,1,113,63,238,117,154
3323997131,1504114124754,2797,9,2,2,1,1,2,1,1,18,7,4,164,12,4,254,11,4,112,4,7,412,14,4,7,2,1,2,1,117,41,96,-1,60,67,4,7,432,3,4,43,4,14,29,4,11,31,4,12,8,1,3,3,0,154,40,119,57,117
3330156484,1504561121975,1786,9,2,2,2,2,0,2,0,412,4,3,106,12,4,119,4,7,131,14,4,113,4,11,2,0,0,0,0,19,17,45,67,157,44,4,3,222,4,7,55,4,14,78,4,12,64,4,11,9,1,0,3,0,60,157,-1,84,122
3331280067,1504640282203,2466,9,2,1,1,1,1,1,0,238,14,4,497,4,3,429,7,4,114,4,12,2,11,4,6,1,1,3,0,7,67,420,141,119,202,4,7,99,4,3,203,11,4,75,12,4,74,4,14,9,3,1,1,0,157,17,91,121,268
3329790143,1504541397985,2149,9,1,2,2,1,0,2,0,143,4,14,29,4,7,6,4,12,92,11,4,136,21,4,7,1,0,3,0,121,40,412,238,86,114,12,4,201,4,3,22,4,7,19,11,4,131,4,12,4,0,0,1,0,103,157,238,141,67
3292547787,1502040321081,1682,9,1,1,2,1,0,1,0,117,3,4,59,12,4,136,14,4,236,4,7,421,4,11,8,1,0,3,0,39,122,157,11,105,412,4,3,18,4,7,127,14,4,141,11,4,114,12,4,4,0,0,0,0,53,55,57,51,154
3225064829,1497569473262,2015,9,1,1,2,1,1,2,1,51,4,7,24,4,12,412,4,14,64,4,11,7,4,12,10,3,1,2,1,114,240,84,92,11,99,4,14,154,11,4,110,4,7,161,3,4,74,4,12,2,0,0,1,0,114,38,117,119,498
3329533687,1504523539651,2073,9,2,1,1,2,2,1,2,11,6,11,117,3,4,96,4,7,161,3,4,114,4,12,5,0,0,1,0,31,141,157,105,119,10,4,12,91,4,14,67,4,7,107,4,11,267,3,4,11,4,1,3,1,105,16,57,38,79
3315914540,1503526617685,3021,9,2,2,2,2,2,1,2,154,11,4,223,4,3,92,4,14,96,4,7,1,21,4,4,0,1,5,0,18,17,105,67,238,236,7,4,516,4,12,412,14,4,4,4,12,2,4,11,11,7,2,1,1,11,63,122,157,31
3324786014,1504192130810,1840,9,2,2,1,2,2,2,0,103,4,14,11,11,4,67,4,7,74,4,7,45,3,4,5,0,0,1,0,157,131,3,122,141,13,4,1,33,4,11,22,7,4,99,14,4,37,3,4,9,2,2,2,0,91,75,119,238,117
3326755354,1504343347336,1676,9,2,1,1,2,2,2,0,150,4,12,56,11,4,161,4,21,67,4,7,12,3,4,1,0,0,1,0,40,75,103,114,90,516,12,4,4,12,4,267,3,4,222,7,4,24,4,11,11,3,1,2,0,40,119,18,75,157
3331274726,1504638931013,2029,9,1,1,1,1,1,2,1,50,12,4,113,11,4,18,7,4,432,14,4,42,4,14,8,2,2,2,1,53,516,122,141,7,106,11,4,3,12,4,81,3,4,134,14,4,119,7,4,1,0,0,2,0,268,31,6,238,143
3237011452,1498317527454,1510,9,2,1,2,0,2,1,2,110,4,7,412,4,14,59,4,12,113,4,11,74,12,4,1,0,0,1,0,51,40,154,157,19,11,11,4,10,4,7,61,6,4,201,4,3,236,4,7,7,0,1,1,1,154,35,117,164,8
3223382645,1497467210344,2025,9,2,2,2,2,2,2,0,51,7,4,432,4,14,114,4,12,120,6,11,61,4,14,1,0,0,0,0,154,67,498,427,60,236,4,7,58,4,12,35,14,11,103,4,14,267,3,4,11,4,1,4,0,117,23,119,59,157
3327488188,1504369095614,1402,9,1,1,1,1,1,1,1,429,4,7,59,12,4,113,11,4,43,4,3,245,4,12,10,2,1,2,1,29,53,6,40,141,238,4,14,60,11,4,67,4,7,267,4,3,80,4,14,0,0,0,0,0,236,266,412,117,141
3273702216,1500683510918,2638,9,2,2,1,1,2,1,1,112,14,4,141,12,4,28,11,4,51,4,7,267,3,4,8,2,1,2,1,122,24,114,92,64,134,3,4,498,4,7,497,14,4,104,11,4,58,12,4,9,3,1,2,0,154,150,119,412,238
3319151660,1503761688507,2108,9,2,2,2,2,2,2,0,59,4,11,7,4,14,39,12,4,498,4,7,43,4,3,1,0,0,0,0,5,157,84,26,33,10,3,4,91,14,4,245,14,4,18,4,7,107,11,4,11,3,1,2,0,53,2,55,114,119
3322876897,1504035926748,1293,9,2,2,2,0,0,2,2,1,4,21,59,4,11,68,4,12,117,4,3,18,7,4,1,0,0,1,0,141,516,238,51,9,98,4,12,133,4,7,89,3,4,105,4,12,19,4,11,4,0,0,1,1,157,516,412,245,7
3318868361,1503744392961,2226,9,1,2,2,1,1,2,0,76,11,4,202,7,4,238,14,4,516,4,3,50,12,4,8,1,1,2,0,34,24,89,92,141,57,4,12,84,14,4,117,3,4,19,11,4,21,7,4,4,0,0,2,0,119,163,75,53,114
3324444485,1504163207912,1810,9,2,1,2,2,1,2,2,157,14,4,238,4,14,18,7,4,79,11,4,53,4,14,4,0,1,0,0,119,75,92,141,40,245,4,14,117,4,3,81,7,4,240,4,11,11,12,4,10,2,0,3,1,90,7,498,67,69
3329058699,1504464989112,1219,9,1,1,1,0,0,1,0,99,4,3,1,4,14,202,7,4,24,4,11,98,4,12,1,0,0,1,0,53,103,238,157,222,17,12,4,429,7,4,33,4,12,41,4,14,516,11,4,0,0,0,0,0,21,157,119,238,64
3324829605,1504196076445,1991,9,1,1,1,1,1,2,0,67,12,4,13,4,6,9,4,11,14,4,14,84,4,14,10,2,1,1,0,238,40,31,134,75,55,4,14,22,7,4,16,4,3,64,4,11,8,4,12,2,0,0,1,0,18,141,238,90,6
3320710685,1503862798897,1872,9,1,1,1,1,0,2,1,85,12,4,23,11,4,13,7,4,17,7,4,44,4,3,9,2,0,1,1,89,51,84,238,122,412,4,3,245,4,12,67,4,7,254,4,11,157,14,4,2,0,0,1,0,31,53,119,240,105
3311502611,1503246967798,1531,9,1,2,1,0,0,1,2,113,4,11,31,12,4,67,7,4,432,14,4,163,21,4,5,0,0,2,0,141,122,10,18,105,112,6,4,236,7,4,48,4,12,154,4,11,40,4,3,0,0,0,0,1,122,39,238,29,141
3260977778,1499865337783,2324,9,2,1,2,2,2,1,0,498,4,7,53,3,4,122,14,4,75,7,4,11,11,4,5,0,0,2,0,86,157,51,102,23,21,7,4,201,4,3,90,6,4,41,12,4,5,11,4,9,1,1,1,0,24,80,238,51,25
3324357978,1504136252045,2026,9,1,1,1,1,1,2,0,154,11,4,69,3,4,81,4,7,432,3,4,98,12,4,9,1,1,2,0,119,16,238,7,31,90,14,4,126,12,4,29,4,7,10,4,3,203,11,4,4,0,0,1,0,516,141,18,40,238
3280572649,1501169491621,1927,9,2,2,2,2,0,2,1,5,4,11,202,4,7,6,4,12,119,4,14,37,3,4,3,0,0,1,1,105,266,19,1,53,91,14,4,89,4,3,86,4,12,131,11,4,18,7,4,10,2,0,1,0,31,29,412,157,21
3324725502,1504189025537,2400,9,2,1,1,1,2,1,0,498,4,7,67,4,12,104,11,4,101,4,12,202,4,3,9,3,0,4,0,238,122,245,157,53,51,7,4,89,3,4,141,4,11,41,4,12,4,4,21,7,1,2,1,0,238,157,516,119,75
3224739011,1497554601769,1996,9,1,1,1,1,1,2,0,67,7,4,37,4,3,4,21,4,86,4,12,72,4,11,8,1,1,0,0,498,157,154,11,5,18,7,4,2,12,6,19,11,4,61,4,21,412,4,3,5,0,0,3,0,122,36,105,91,420
3324409898,1504148264886,1744,9,1,1,1,1,0,1,0,75,4,12,222,7,4,12,4,3,134,3,4,107,11,4,8,2,0,3,0,31,19,412,53,238,5,4,11,40,4,3,103,14,4,18,7,4,516,12,4,0,0,0,0,0,119,91,53,61,157
3281906741,1501258221178,1879,9,1,2,1,1,1,1,0,121,11,4,80,12,4,63,4,14,498,7,4,497,3,4,7,1,1,3,0,157,79,31,119,-1,7,4,21,432,4,3,18,7,4,23,12,4,28,4,11,5,0,0,0,0,154,126,55,19,6
3302322953,1502654676598,2077,9,2,2,2,1,2,1,0,39,4,12,34,12,4,102,4,11,63,3,4,21,4,7,6,1,0,4,0,31,40,29,141,57,201,3,4,18,4,7,1,4,14,56,4,11,17,4,12,6,0,2,1,0,31,154,103,157,141
3329879171,1504546519170,1490,9,2,2,2,2,0,2,0,53,14,4,103,4,14,141,11,4,18,4,7,81,12,4,1,0,0,0,0,134,105,31,8,96,516,4,12,61,4,21,107,11,4,29,7,4,40,4,3,9,2,0,1,0,412,150,79,59,154
3321162845,1503924028217,1438,9,1,2,1,1,1,1,1,113,4,11,8,4,12,157,4,14,53,4,14,236,7,4,9,2,1,2,1,92,238,16,40,18,107,4,11,69,4,3,59,4,12,22,7,4,412,4,14,0,0,0,0,0,117,60,79,31,141
3326843093,1504346567227,1375,9,1,2,1,1,0,1,0,111,4,12,141,11,4,18,7,4,497,14,4,91,14,4,6,2,0,1,0,79,113,236,40,412,117,4,3,24,4,12,421,11,4,38,4,12,15,7,4,2,0,0,0,0,31,236,-1,57,40
3326474003,1504300716099,985,9,1,1,1,0,0,1,1,57,11,4,91,14,4,56,4,14,9,4,3,24,4,12,4,0,0,2,1,-1,-1,-1,131,119,238,14,4,122,12,4,29,4,7,516,11,4,412,4,14,0,0,0,0,0,8,157,79,92,33
3222150536,1497383147384,2561,9,1,2,2,1,1,2,0,25,4,3,81,4,7,238,14,4,114,4,12,60,11,4,9,2,1,1,0,51,157,11,92,154,53,4,3,2,12,6,61,4,14,79,4,11,21,7,4,5,0,0,3,0,7,91,154,245,11
3220049319,1497224258519,1582,9,2,2,1,2,2,1,1,63,14,4,22,4,7,122,4,12,34,4,14,111,4,11,4,0,0,1,1,103,119,498,157,154,67,4,7,432,3,4,32,11,4,7,4,14,114,12,4,9,1,1,1,0,498,134,266,25,117
3320720015,1503865291432,1632,9,1,2,1,1,0,1,0,30,4,12,75,4,12,117,4,3,31,4,11,18,7,4,11,2,0,2,0,24,154,268,40,157,83,6,12,96,4,6,432,4,11,50,4,3,84,4,14,2,0,0,1,0,122,29,40,154,157
3330224197,1504564336186,2452,9,2,1,1,2,2,1,1,412,4,3,81,4,7,62,4,11,63,7,4,36,4,12,3,0,0,3,1,67,122,136,24,157,75,4,12,238,14,4,18,7,4,79,11,4,9,3,4,11,3,1,1,0,141,53,31,17,11
3321023901,1503910085717,1690,9,2,1,2,1,1,1,1,35,11,4,21,4,7,157,3,4,99,7,4,48,12,4,8,1,1,2,1,432,40,121,10,1,41,12,4,32,11,4,18,4,7,89,4,3,236,4,1,7,1,0,1,0,67,55,31,114,150
3317961198,1503680481565,1549,9,2,2,2,2,0,2,1,222,4,7,7,4,3,86,4,12,497,4,3,131,11,4,2,0,0,0,1,122,266,29,105,25,11,4,11,202,4,7,157,4,12,245,4,14,111,4,3,7,1,0,3,0,53,45,35,31,117
3270524274,1500475129085,1682,9,1,1,1,1,0,1,1,55,4,14,222,4,7,64,4,11,67,12,4,53,14,4,11,3,0,2,1,105,119,21,75,-1,29,7,4,143,4,3,11,11,4,98,4,12,157,3,4,1,0,0,0,0,19,38,122,105,61
3313879283,1503415037722,1362,9,2,2,2,2,0,2,0,21,7,4,99,3,4,141,14,4,62,4,11,7,4,12,0,0,0,0,0,498,6,122,105,64,432,4,3,31,4,11,266,12,4,112,4,21,222,4,7,11,3,0,3,0,80,58,69,51,53
3325095130,1504206562807,2277,9,2,1,2,2,1,2,2,56,11,4,99,21,4,18,4,7,79,4,3,14,4,14,6,1,1,0,0,114,238,40,157,61,117,3,4,86,4,14,29,4,11,161,6,4,81,7,4,9,2,0,4,1,141,238,57,157,24
3270982750,1500500065891,2021,9,2,2,2,2,2,2,0,89,4,3,222,7,4,103,4,21,64,4,11,17,4,12,3,0,0,1,0,157,90,122,498,2,84,12,4,37,3,4,18,4,7,240,4,11,238,14,4,11,3,1,3,0,157,53,-1,154,141
3329939380,1504549100380,1813,9,1,1,1,1,1,1,0,79,11,4,143,14,4,203,4,12,16,3,4,96,4,7,8,1,1,2,0,122,141,78,240,61,99,14,4,22,4,7,412,3,4,67,12,4,24,4,11,1,0,0,1,0,141,35,32,134,122
3310125498,1503161067518,1314,9,2,2,2,0,0,2,0,79,11,4,245,12,4,84,12,4,429,4,7,40,4,3,0,0,0,0,0,420,164,60,53,141,412,4,14,21,4,7,41,4,3,45,4,12,120,11,6,4,0,0,2,0,157,105,31,240,122
3329224326,1504472462425,968,9,1,2,1,1,0,1,0,141,11,4,57,12,4,222,4,7,497,4,14,99,4,21,6,1,0,1,0,53,40,114,90,31,64,12,4,134,14,4,51,4,7,16,4,3,11,4,11,0,0,0,0,0,40,59,157,31,35
3329064130,1504464038785,1210,9,1,2,1,0,0,1,0,18,7,4,150,4,12,79,4,11,103,4,14,161,4,21,3,0,0,2,0,11,17,245,157,89,22,7,4,516,3,4,69,1,4,3,4,12,5,4,11,0,0,0,0,0,51,420,53,498,64
3315499898,1503508473419,1634,9,1,1,1,1,1,1,1,82,12,4,80,11,4,40,3,4,29,4,7,1,14,4,10,2,1,3,1,154,16,134,31,18,112,7,4,37,4,3,67,4,7,245,4,12,35,14,11,2,0,0,0,0,117,96,31,57,105
3328113946,1504430903493,3295,9,1,1,2,2,2,1,0,21,4,7,106,4,11,516,4,12,117,3,4,161,12,4,9,1,0,2,0,157,53,105,245,11,103,14,4,113,11,4,119,4,7,150,4,12,40,4,3,9,5,1,3,0,18,53,122,131,141
3251556478,1499202663525,2139,9,2,2,2,2,2,1,0,154,3,4,29,7,4,92,12,4,429,4,11,81,4,14,3,0,0,1,0,119,33,105,122,103,56,4,11,68,12,4,202,4,7,201,3,4,99,4,21,8,1,1,2,0,268,17,32,222,122
3319405744,1503778807715,2076,9,2,2,2,2,0,1,0,126,4,12,245,14,4,89,3,4,222,7,4,254,11,4,3,0,0,2,0,238,38,119,28,75,412,4,3,157,14,4,21,7,4,8,4,12,32,4,11,8,1,0,1,0,122,64,53,119,516
3326483044,1504300700708,1614,9,1,1,1,1,0,1,0,60,4,11,55,4,3,39,12,4,429,4,7,16,3,4,9,3,0,2,0,412,117,238,122,497,157,4,3,432,4,14,67,7,4,113,11,4,6,4,12,0,0,0,0,0,40,254,202,18,92
3330028766,1504553925255,2278,9,1,2,1,1,1,1,1,37,3,4,41,12,4,31,4,11,245,4,12,29,4,7,11,4,1,3,1,75,119,91,157,53,126,4,12,141,12,4,12,4,3,67,7,4,5,4,11,1,0,0,1,0,18,119,131,11,150
3253566686,1499359965528,1692,9,2,1,2,2,2,2,2,64,11,4,202,4,7,89,3,4,58,12,4,61,3,4,1,0,0,0,0,134,154,29,38,51,236,4,7,27,6,14,238,4,14,98,4,11,53,3,4,11,3,1,2,1,51,114,122,34,427
3260852890,1499853748618,1907,9,1,1,2,1,1,1,1,114,12,4,266,4,11,85,7,4,40,3,4,143,21,4,11,3,2,3,1,23,238,59,51,55,42,4,14,412,14,4,420,12,4,83,11,4,236,4,7,5,0,0,1,0,154,29,157,11,53
3327950190,1504398417927,2559,9,1,2,2,1,2,2,0,7,14,4,141,4,11,21,4,7,89,4,3,90,4,12,10,2,0,2,0,266,238,268,58,412,111,4,14,23,12,4,64,11,4,202,7,4,61,21,4,6,0,1,2,0,114,55,74,91,516
3327408894,1504364022467,1478,9,1,2,1,1,0,1,1,36,11,4,117,4,3,90,14,4,23,12,4,498,7,4,10,1,0,2,1,6,31,238,18,157,119,4,7,8,14,4,59,4,12,141,4,11,25,4,3,1,0,0,0,0,238,29,157,92,11
3317568621,1503657255847,1574,9,1,1,2,1,0,1,1,29,4,3,84,4,14,40,7,4,141,4,11,23,12,4,7,1,0,2,1,67,122,134,157,420,58,14,4,31,4,11,105,14,4,222,4,7,16,3,4,3,0,0,0,0,154,122,119,157,268
3317776817,1503670616853,2147,9,2,2,1,2,1,2,1,19,4,11,99,21,4,44,3,4,110,4,7,27,12,6,4,0,2,0,1,53,117,114,157,31,92,4,14,37,4,3,61,4,1,18,4,7,141,4,11,8,2,0,4,0,157,29,33,154,40
3329977667,1504551076294,1664,9,2,2,1,0,2,2,0,69,1,4,18,4,21,40,4,7,150,12,4,19,11,4,3,0,0,0,0,117,55,114,498,39,79,11,4,236,4,14,67,7,4,497,14,4,31,4,12,6,0,1,2,0,38,29,57,117,113
3321012623,1503908260161,1606,9,2,1,2,2,2,2,2,114,12,4,53,4,14,163,4,11,112,4,7,498,7,4,1,0,0,0,0,40,25,117,6,24,69,4,14,18,7,4,12,3,4,96,4,11,98,4,12,10,2,1,3,1,51,75,31,122,105
3324131554,1504120848943,2652,9,2,2,2,2,2,2,2,267,4,7,67,21,4,24,4,12,85,4,3,516,4,11,3,0,0,1,0,122,51,61,55,238,201,3,4,56,11,4,18,7,4,134,14,4,86,4,12,11,7,3,3,1,-1,35,238,114,105
3319458796,1503782834949,1984,9,2,2,2,2,2,2,1,17,14,4,222,7,4,164,4,11,36,14,6,26,3,4,4,0,0,0,1,157,86,120,238,6,74,12,4,31,4,11,497,14,4,498,4,7,4,14,4,9,1,1,2,0,40,25,516,53,24
3327880436,1504393162200,2443,9,2,2,2,2,2,2,1,24,11,4,54,12,4,81,7,4,412,4,14,42,7,4,6,0,0,1,1,23,67,516,267,64,16,4,3,56,4,11,15,4,7,163,21,4,91,14,4,11,3,2,3,0,11,238,26,157,122
3255787082,1499526995623,1750,9,1,2,2,1,1,1,1,79,11,4,41,12,4,222,4,7,89,4,3,61,1,4,10,2,1,3,1,154,42,117,143,122,157,4,12,54,11,4,69,4,3,12,4,14,429,4,7,2,0,0,0,0,114,91,53,119,154
3329534701,1504523987750,3033,9,2,1,1,1,1,1,0,11,4,14,222,7,4,99,4,3,254,11,4,58,12,4,10,6,1,5,0,122,31,19,157,75,32,11,4,17,4,6,18,4,7,267,4,14,4,4,14,10,1,1,1,0,202,53,516,25,238
3329768513,1504540507965,2122,9,2,2,2,2,2,2,1,201,14,4,202,4,7,58,14,4,102,4,11,74,14,4,2,0,0,1,1,141,105,1,119,18,43,14,4,498,7,4,497,4,3,59,11,4,114,12,4,10,2,1,3,0,119,516,16,105,238
3323682109,1504103544309,1235,9,1,1,1,0,0,1,0,106,11,4,245,14,4,21,4,7,40,3,4,92,4,12,3,0,0,2,0,6,113,91,25,141,131,14,4,43,4,3,254,4,11,5,4,21,498,7,4,0,0,0,0,0,157,113,17,238,53
3310824600,1503184959210,2238,9,1,1,1,1,1,2,1,222,4,7,89,3,4,420,12,4,74,4,14,11,11,4,10,3,2,3,1,96,67,29,157,40,141,4,11,90,4,21,44,4,3,15,7,4,122,4,12,3,0,0,1,0,23,17,5,119,55
3316154578,1503568942081,1893,9,2,2,2,2,2,1,0,157,12,4,201,14,4,28,4,11,18,7,4,92,4,12,6,0,0,1,0,516,141,119,11,40,103,4,14,86,4,12,32,4,11,222,4,7,16,3,4,6,1,1,2,0,53,497,119,31,39
3329308707,1504481468554,1684,9,2,1,2,2,0,2,2,497,3,4,86,4,12,38,14,4,18,4,7,141,4,11,1,0,0,0,0,79,114,19,11,67,143,4,14,412,4,3,202,4,7,98,14,12,59,11,4,9,3,0,2,1,122,134,55,53,69
3321188332,1503926125873,1251,9,1,1,1,1,0,1,0,53,4,14,55,14,4,119,4,7,54,4,11,126,4,12,10,2,0,1,0,38,238,75,40,516,154,4,11,202,7,4,412,3,4,157,14,4,107,4,12,0,0,0,0,0,31,141,131,103,75
3244302637,1498747911197,1752,9,2,1,2,2,2,2,1,3,4,12,161,4,14,18,4,7,57,4,3,64,4,11,2,0,0,0,1,254,23,121,154,11,53,4,3,60,4,11,238,14,4,51,4,7,48,4,12,10,2,1,4,0,157,119,67,17,498
3326567111,1504308192550,1476,9,2,1,2,2,2,1,2,141,12,4,67,4,7,68,12,4,43,3,4,20,4,11,1,0,0,1,0,29,238,117,59,53,24,4,12,22,7,4,497,4,14,33,4,11,42,7,4,7,1,1,2,1,18,117,40,38,19
3329820825,1504541475026,1334,9,1,1,1,0,0,1,2,60,11,4,83,4,12,245,14,4,161,4,3,222,7,4,5,0,0,1,0,23,516,412,498,29,57,4,3,18,4,7,24,11,4,67,12,4,30,12,4,0,0,0,0,1,164,157,59,63,119
3304099218,1502757453763,1846,9,1,2,1,1,1,1,0,268,4,21,37,14,4,75,6,12,64,4,11,110,4,7,9,2,1,3,0,122,164,143,103,104,16,4,3,92,14,4,11,4,11,84,14,4,22,7,4,4,0,0,0,0,141,119,40,238,80
3331346462,1504642430716,1737,9,1,2,1,1,0,1,0,64,4,11,37,4,3,222,4,7,150,4,12,115,21,4,11,3,0,2,0,40,141,157,238,67,106,11,4,18,4,7,497,4,3,45,4,21,14,12,4,1,0,0,0,0,67,122,141,31,203
3228752949,1497795147651,1585,9,1,1,2,1,0,2,2,4,4,6,16,3,4,29,4,7,59,12,4,35,11,14,7,1,0,1,0,114,154,427,51,38,236,4,7,77,4,11,80,4,14,412,4,14,61,1,4,4,0,0,1,1,498,119,7,154,427
3314027052,1503422434268,1484,9,1,1,1,1,1,1,2,238,11,4,67,7,4,103,14,4,44,3,4,127,12,4,8,1,1,2,0,19,16,31,25,11,21,7,4,126,12,4,33,4,11,99,6,4,412,4,3,2,0,0,0,1,23,40,39,119,105
3301176990,1502578655733,945,9,2,2,2,0,0,2,2,63,4,14,498,4,7,58,4,12,39,4,11,90,3,4,0,0,0,0,0,238,105,122,43,121,421,11,4,429,7,4,161,4,7,40,4,3,24,12,4,3,0,0,1,1,119,67,141,55,53
3317101201,1503600436017,2107,9,1,2,2,1,1,2,0,59,4,11,37,3,4,245,4,3,67,4,7,114,12,4,7,1,1,2,0,11,1,103,101,122,15,4,7,19,11,4,4,4,6,92,12,4,89,4,3,5,0,0,2,0,157,24,154,75,18
3318380700,1503700540213,1461,9,1,1,1,1,1,1,0,412,3,4,103,21,4,50,4,12,202,7,4,131,11,4,7,1,1,2,0,75,67,157,122,238,51,4,7,154,4,11,110,1,4,89,3,4,41,4,14,0,0,0,0,0,40,11,114,55,18
3306969576,1502966024154,1738,9,1,1,1,1,1,1,0,75,4,12,21,7,4,238,4,14,141,11,4,57,3,4,9,1,1,3,0,105,80,53,122,18,245,12,4,85,4,12,33,4,11,412,4,14,202,7,4,0,0,0,0,0,157,122,119,84,105
3319351317,1503774767350,1943,9,2,2,2,2,1,2,0,29,7,4,516,4,12,32,4,11,497,3,4,63,4,14,4,0,1,3,0,16,117,114,80,67,64,4,11,236,7,4,26,4,3,81,4,14,164,4,12,8,1,0,1,0,16,40,141,96,498
3327296021,1504357822711,1867,9,1,2,2,1,1,2,0,17,14,4,429,7,4,238,14,4,24,12,4,79,4,11,10,2,1,1,0,114,134,40,117,29,161,21,4,32,11,4,86,12,4,18,4,7,25,4,3,4,0,0,1,0,122,67,105,29,154
3326071338,1504277812397,210,9,2,0,0,0,0,0,0,23,12,4,141,11,4,99,4,21,96,4,7,78,4,14,0,0,0,0,0,25,157,29,127,420,51,4,7,58,4,12,11,4,11,63,4,21,497,3,4,0,0,0,0,0,89,105,53,498,119
3328241532,1504440943170,911,9,1,1,1,0,0,1,1,72,11,4,12,4,14,131,12,4,429,7,4,92,4,14,4,0,0,1,1,31,40,119,33,29,67,4,7,126,4,12,102,11,4,201,4,3,245,4,12,0,0,0,0,0,157,40,31,412,29
3317895626,1503678665281,1546,9,2,2,2,2,0,2,0,107,3,4,154,11,4,12,3,4,119,4,7,38,4,12,1,0,0,0,0,40,18,141,516,8,29,4,7,412,4,14,79,4,11,84,4,12,238,4,14,9,2,0,2,0,18,75,16,59,31
3326860994,1504346079871,1246,9,1,1,1,1,0,1,1,113,11,4,498,4,7,497,4,3,131,14,4,27,12,6,11,3,0,1,1,67,29,238,154,157,55,14,4,117,4,3,96,7,4,133,4,12,11,11,4,0,0,0,0,0,90,238,31,141,40
3314475889,1503443245417,1408,9,2,2,2,2,2,2,2,141,11,4,238,4,14,17,4,12,497,14,4,119,7,4,0,0,0,0,0,8,112,51,40,75,10,14,4,16,3,4,222,4,7,107,12,4,11,11,6,7,1,1,2,1,6,117,202,58,45
3245027335,1498798483348,1230,9,1,1,1,0,0,2,0,16,4,3,58,4,12,163,4,14,62,4,11,29,7,4,4,0,0,1,0,45,119,117,122,157,99,14,4,497,3,4,17,4,14,236,4,7,19,11,4,0,0,0,1,0,38,122,117,114,75
3217240695,1497056926770,1159,9,1,1,1,1,0,2,1,412,3,4,3,12,4,110,4,21,77,11,6,222,4,7,9,2,0,0,1,117,35,157,497,114,37,3,4,254,11,4,99,6,4,92,12,4,67,4,7,0,0,0,1,0,157,5,51,154,105
3328234136,1504441318414,2196,9,2,2,2,2,2,1,0,268,4,21,131,4,11,67,7,4,92,12,4,25,3,4,3,0,0,1,0,119,63,105,64,31,202,7,4,161,4,3,11,11,4,432,4,3,122,12,4,10,2,1,3,0,121,53,238,412,84
3284598511,1501454447191,1713,9,2,2,2,2,0,1,1,157,4,14,222,7,4,102,4,11,40,3,4,74,3,4,1,0,0,2,1,23,31,53,84,119,51,4,7,11,4,11,54,12,4,37,4,3,34,4,12,10,1,0,1,0,119,105,23,122,114
3322822464,1504032026100,2042,9,2,2,2,2,0,1,0,13,6,4,86,12,4,113,11,4,42,7,4,53,3,4,4,0,0,1,0,90,25,67,68,11,112,4,14,24,12,4,18,4,7,412,3,4,23,11,4,6,1,0,1,0,45,420,81,107,119
3323974620,1504113024471,3055,9,1,2,1,1,1,1,0,498,7,4,141,4,11,62,4,7,497,3,4,24,12,4,10,3,2,1,0,11,89,516,3,157,51,4,7,99,3,4,19,4,11,50,14,4,126,4,12,6,0,0,3,0,83,412,134,53,18
3327496009,1504368667755,1921,9,1,1,2,0,0,2,0,69,12,4,238,4,14,79,11,4,98,4,3,222,4,7,7,0,0,1,0,119,53,516,412,67,43,4,12,102,4,11,40,4,3,21,4,7,83,12,4,6,0,0,2,0,11,157,51,63,53
3326095537,1504279238243,1815,9,1,2,1,1,1,1,1,59,4,11,222,4,7,39,4,12,497,3,4,134,7,4,9,3,1,2,1,40,113,16,29,141,21,4,7,57,4,11,101,4,1,201,4,3,150,12,4,1,0,0,0,0,18,40,157,29,117
3328077566,1504426986099,1632,9,1,1,1,1,1,1,1,75,4,12,33,11,4,157,4,14,40,3,4,429,7,4,11,3,1,2,1,105,24,2,50,28,67,4,7,16,3,4,113,4,11,101,21,4,516,4,12,2,0,0,0,0,29,18,106,141,51
3322462096,1504010402092,1238,9,2,2,2,0,0,2,2,2,11,4,157,4,14,114,12,4,236,7,4,53,4,3,3,0,0,1,0,420,102,90,32,51,86,4,12,16,4,3,67,4,7,34,4,14,19,4,11,5,0,0,1,1,245,412,84,107,51
3317188675,1503606975949,1571,9,1,1,1,1,0,0,2,117,4,3,202,7,4,57,12,4,77,11,4,91,14,4,9,3,0,0,0,238,516,245,29,33,90,4,14,141,11,4,31,12,4,15,4,7,40,4,3,1,0,0,0,1,516,29,18,157,6
3317779648,1503671364145,2129,9,1,1,2,1,0,1,0,110,4,7,121,11,4,17,4,12,103,4,14,44,4,12,10,2,0,2,0,53,157,89,114,19,55,4,14,11,12,6,1,7,4,22,4,7,5,11,14,2,0,0,1,0,53,92,105,99,266
3328352562,1504446391845,2030,9,1,1,2,1,1,2,0,4,4,14,51,4,7,41,12,4,5,4,11,117,4,3,9,1,1,2,0,121,18,53,105,91,64,4,11,15,4,7,58,4,12,98,3,4,103,4,14,4,0,0,1,0,157,119,55,53,86
3320572879,1503855540213,1453,9,1,1,1,1,1,1,1,6,4,12,136,6,4,29,7,4,102,4,11,497,14,4,10,3,1,3,1,31,90,84,2,113,117,4,3,141,4,11,8,12,4,22,4,7,41,4,14,2,0,0,0,0,103,80,31,53,40
3275592036,1500831333357,1302,9,2,2,2,2,0,2,0,141,4,12,110,4,7,107,4,11,412,4,3,4,3,4,1,0,0,0,0,157,154,119,25,114,82,4,3,41,4,3,53,4,14,223,4,12,121,11,4,11,3,0,2,0,51,11,120,114,238
3327608581,1504375445017,2981,9,2,2,1,2,2,1,2,112,4,14,18,4,7,60,4,11,63,4,14,27,6,12,6,0,0,2,0,119,122,141,8,67,115,4,21,41,14,4,51,7,4,19,6,11,25,4,3,10,2,2,3,1,75,245,202,238,67
3234149260,1498127208702,2236,9,1,1,2,1,1,2,0,45,4,12,86,4,12,20,4,3,120,11,6,119,7,4,10,3,2,1,0,51,154,122,67,157,101,4,14,53,4,3,21,4,7,64,11,4,78,4,12,4,0,0,2,0,3,29,114,84,51
3319812574,1503832395427,1256,9,2,2,1,0,0,2,2,516,12,4,412,14,4,141,11,4,4,4,6,21,7,4,1,0,0,0,0,238,18,53,157,40,79,4,11,245,4,12,16,4,3,38,12,4,96,7,4,5,0,0,2,1,75,31,7,113,40
3306763723,1502923927714,1520,9,1,2,1,1,1,2,1,117,4,7,29,4,21,4,4,6,223,12,4,141,4,11,10,2,1,1,1,55,79,119,80,18,91,4,14,122,4,12,121,4,11,37,4,7,157,4,3,2,0,0,1,0,31,114,40,57,238
3268822140,1500385415447,2622,9,1,2,2,2,2,1,1,42,3,4,164,12,4,201,3,4,51,7,4,120,11,6,8,1,0,1,1,61,7,498,29,105,141,4,11,17,4,12,30,4,21,429,4,7,412,4,14,11,6,3,4,0,266,157,80,61,117
3329101804,1504465830158,1484,9,2,1,2,2,0,2,0,161,4,21,432,3,4,141,11,4,122,4,12,42,4,7,1,0,0,0,0,33,117,119,516,238,64,11,4,40,3,4,15,4,7,103,14,4,17,4,12,8,2,0,2,0,6,16,67,8,105
3237966981,1498354191713,1125,9,1,2,1,1,0,2,1,38,14,4,84,4,12,32,11,4,67,7,4,40,4,3,9,1,0,0,1,51,498,114,55,117,53,4,14,240,4,12,62,4,14,79,4,11,29,4,7,1,0,0,1,0,61,122,412,114,154
3325496388,1504212470236,2021,9,2,2,2,2,0,2,0,35,14,12,131,11,4,119,4,7,40,4,3,55,14,4,1,0,0,0,0,89,105,238,31,122,61,4,14,21,4,7,141,4,11,41,4,12,37,4,3,10,2,0,3,0,31,120,238,67,105
3313346570,1503354547611,2059,9,1,1,1,1,0,1,1,117,3,4,429,7,4,23,12,4,105,11,4,245,4,14,11,2,0,3,1,103,51,122,6,119,222,4,7,18,14,4,53,3,4,57,11,4,35,14,12,4,0,0,0,0,103,157,54,75,201
3244540404,1498760276144,2392,9,1,1,1,1,1,1,0,102,11,4,498,4,7,238,4,14,223,3,4,30,4,12,10,2,2,5,0,90,119,113,103,51,154,11,4,99,21,4,420,4,12,67,4,7,412,4,14,2,0,0,0,0,7,51,122,105,11
3328924127,1504459030771,1623,9,2,2,2,2,0,2,0,28,11,4,236,4,7,89,4,3,92,4,12,13,4,21,1,0,0,0,0,29,238,51,31,24,122,14,4,99,21,4,21,7,4,53,4,3,266,4,11,10,2,0,2,0,120,25,31,19,238
3316155106,1503569393626,2124,9,2,2,1,2,1,2,1,64,4,11,202,7,4,79,3,4,36,12,4,63,6,4,2,0,1,0,1,141,-1,40,238,117,122,12,4,103,14,4,29,4,7,11,4,11,16,3,4,9,1,0,4,0,238,114,31,119,141
3291421458,1501944950330,2420,9,1,2,2,2,1,2,1,163,6,4,82,12,4,203,11,4,429,4,7,497,3,4,9,1,2,2,1,10,55,53,63,67,154,11,4,432,4,14,22,4,7,6,4,12,157,14,4,7,1,1,2,0,122,31,105,114,64
3326247886,1504288543635,2724,9,2,2,2,1,0,1,2,21,7,4,113,4,11,45,4,12,55,4,14,99,7,4,6,1,0,2,0,90,53,11,498,92,64,4,11,236,7,4,81,4,14,89,4,3,86,4,12,9,4,0,2,1,126,222,105,157,53
3320702923,1503863318846,2503,9,1,1,1,2,1,1,1,516,12,4,223,3,4,498,7,4,24,11,4,86,12,4,11,3,2,5,1,17,121,19,113,53,40,4,3,115,3,4,122,4,12,81,4,7,78,11,4,6,1,0,0,0,31,35,75,84,18
3241569915,1498587005099,2196,9,2,1,1,2,2,2,1,90,4,14,22,4,7,79,11,4,267,3,4,58,12,4,7,0,0,1,1,117,122,42,114,51,96,4,7,40,4,3,85,4,12,4,4,12,20,4,11,8,1,2,3,0,28,83,38,154,105
3301003791,1502571034534,2015,9,1,2,1,1,2,1,1,4,1,4,53,4,3,58,4,12,19,11,4,429,7,4,10,3,0,4,1,7,122,6,157,31,79,4,11,236,7,4,90,12,4,89,4,3,103,4,14,3,0,1,0,0,141,75,157,18,55
3326087123,1504279629917,1192,9,2,2,2,2,0,0,0,432,14,4,136,4,7,240,3,4,24,11,4,236,4,14,1,0,0,0,0,53,59,154,238,6,141,4,11,29,4,7,43,4,3,99,4,14,157,4,12,10,2,0,0,0,58,122,19,238,25
3321666403,1503953622141,1875,9,2,2,2,2,0,1,2,6,12,4,161,4,21,16,4,3,254,4,11,67,4,7,2,0,0,1,0,89,31,157,202,53,29,11,4,110,7,4,134,14,4,143,3,4,23,4,12,11,2,0,3,1,238,64,202,53,420
3323027801,1504045056639,1990,9,1,2,1,1,1,1,1,103,14,4,18,4,7,64,11,4,157,12,4,16,4,3,10,2,2,4,1,31,154,55,75,117,17,14,4,141,4,11,41,12,4,236,4,7,30,12,4,7,0,0,1,0,117,59,40,29,432
3259831612,1499794033633,2179,9,2,1,2,2,2,2,2,1,4,14,40,4,3,60,4,11,222,4,7,59,4,12,3,0,0,1,0,157,154,53,62,134,114,4,12,103,4,14,236,4,7,117,4,3,113,4,11,8,1,1,2,1,119,64,51,157,23
3327213069,1504353994499,2173,9,2,2,1,2,1,1,0,27,6,12,34,4,12,113,4,11,9,4,14,236,4,7,5,0,1,2,0,53,126,119,38,150,18,4,7,245,12,4,40,4,3,64,11,4,26,12,4,9,1,0,2,0,31,3,38,114,96
3227532817,1497725580863,1307,9,2,1,2,0,0,2,0,84,4,14,80,11,4,91,4,14,236,7,4,53,4,3,0,0,0,0,0,157,11,1,238,2,55,14,4,17,4,14,121,4,11,412,4,3,110,4,7,5,0,0,2,0,103,122,202,51,115
3314293440,1503432971277,1819,9,2,1,2,2,2,2,0,22,7,4,4,4,6,79,4,11,43,4,12,12,14,4,0,0,0,0,0,31,64,119,150,40,161,4,3,222,4,7,80,14,4,9,4,11,245,4,14,10,2,1,3,0,157,202,31,40,114
3305980269,1502889271204,1374,9,1,1,1,1,1,1,0,236,7,4,238,4,14,113,4,11,53,3,4,74,4,12,11,2,1,1,0,40,131,75,29,122,78,4,11,412,4,14,15,7,4,27,12,6,8,4,14,2,0,0,0,0,40,-1,6,117,103
3326275450,1504290870110,1281,9,1,1,1,1,0,1,1,75,4,12,90,12,4,29,4,7,141,11,4,37,3,4,6,1,0,2,1,53,122,55,17,119,103,14,4,22,4,7,267,3,4,11,11,4,420,4,12,1,0,0,0,0,35,67,53,122,157
3322869987,1504036689414,2391,9,2,1,2,2,1,2,0,41,12,4,35,11,14,497,3,4,68,4,12,96,4,7,5,1,1,0,0,516,40,38,31,18,163,14,4,432,4,14,236,7,4,13,4,12,77,11,6,10,3,0,5,0,498,40,157,29,19
3279474968,1501092655100,1023,9,2,2,2,0,0,2,0,12,4,3,92,7,4,5,4,11,202,4,7,238,4,14,0,0,0,0,0,157,114,53,86,25,99,3,4,6,12,4,141,11,4,8,12,4,29,7,4,4,0,0,1,0,51,498,53,101,119
3324405110,1504140971527,2009,9,1,1,1,1,2,1,0,122,4,14,64,4,11,103,4,14,119,4,7,59,4,3,10,3,1,2,0,40,157,90,11,80,67,4,7,267,3,4,6,11,4,131,14,4,420,12,4,4,0,1,1,0,11,31,238,63,150
3318687237,1503708845535,922,9,2,2,2,0,0,1,2,498,4,7,497,14,4,157,14,4,56,4,11,62,14,4,1,0,0,1,0,40,17,31,120,105,90,12,4,80,4,11,81,7,4,117,3,4,412,14,4,5,0,0,0,1,18,154,141,111,516
3325897422,1504267968276,2052,9,2,2,2,2,2,2,0,50,4,12,19,11,4,15,4,7,8,14,4,412,14,4,0,0,0,2,0,157,40,18,117,86,432,3,4,106,4,12,11,6,11,63,4,14,202,4,7,10,2,1,2,0,119,12,498,105,18
3322882487,1504034944945,1839,9,2,2,1,2,2,1,2,18,7,4,412,14,4,57,11,4,268,4,21,54,4,12,2,0,0,1,0,154,31,117,238,12,497,4,14,516,11,4,498,7,4,163,4,1,58,4,12,9,1,1,2,1,238,29,38,40,31
3324976761,1504204001738,1792,9,2,1,2,2,2,2,2,17,4,12,67,4,7,16,3,4,127,14,4,427,11,4,2,0,0,1,0,498,40,141,25,90,92,12,4,432,14,4,429,4,7,4,4,14,31,4,11,9,2,1,3,1,157,420,119,56,75
3319703207,1503821694930,2414,9,2,1,2,2,2,2,0,10,3,4,62,11,4,18,4,7,157,14,4,8,3,4,6,0,0,1,0,89,57,75,1,119,11,4,11,43,3,4,202,4,7,86,4,12,79,4,14,9,2,2,3,0,107,122,119,238,236
3329772568,1504539156879,2269,9,1,2,1,1,1,1,0,24,12,4,8,4,14,412,4,3,18,7,4,56,4,11,10,3,2,4,0,55,516,31,67,238,141,4,11,2,6,12,157,4,14,40,4,3,22,7,4,2,0,0,0,0,51,154,75,31,11
3291650273,1501956294679,1549,9,2,1,1,2,2,2,2,236,14,4,51,4,12,92,4,12,117,4,3,113,4,11,2,0,0,0,0,141,105,96,6,69,76,11,4,53,4,14,42,4,3,98,4,12,18,7,4,8,1,1,2,1,119,75,40,31,57
3329077667,1504465288356,2135,9,1,2,1,1,0,1,0,31,12,4,101,4,21,143,11,4,51,7,21,9,4,11,9,5,0,4,0,16,75,157,84,111,77,12,4,29,4,11,498,4,7,11,14,4,497,4,3,3,0,0,0,0,25,24,238,105,516
3324423637,1504140406459,1420,9,2,1,2,2,0,1,0,120,11,6,23,14,4,119,4,7,412,4,14,115,4,7,2,0,0,1,0,40,516,122,53,157,103,14,4,75,12,4,498,7,4,26,4,12,141,11,4,10,2,0,0,0,86,202,497,157,238
3270586635,1500479366382,1575,9,2,2,1,2,2,1,0,92,12,4,121,11,4,119,4,7,223,3,4,103,4,14,4,0,0,2,0,154,60,51,238,8,150,12,4,61,4,21,32,4,11,412,4,3,202,4,7,8,2,1,1,0,157,268,238,20,80
3322410322,1504009689197,1779,9,1,2,1,1,1,1,0,1,14,4,11,4,11,16,3,4,67,7,4,2,6,4,8,1,1,2,0,53,90,40,498,150,44,4,3,115,7,4,126,4,12,238,14,4,141,11,4,1,0,0,1,0,119,31,164,90,40
3330053634,1504554683920,2192,9,1,1,2,1,1,2,2,2,12,4,18,7,4,19,4,11,412,14,4,85,4,14,11,1,1,2,0,238,11,31,134,240,40,3,4,51,7,4,79,11,4,105,4,14,58,4,12,5,0,0,2,1,114,245,117,119,29
3329260894,1504474165369,1502,9,1,1,2,1,0,2,1,141,4,11,44,3,4,11,4,14,222,4,7,90,4,14,8,1,0,1,1,58,7,17,29,68,157,4,12,113,11,4,18,7,4,412,3,4,55,4,14,3,0,0,1,0,23,38,497,53,122
3326240421,1504289337403,2136,9,2,2,1,2,2,1,0,157,12,4,201,4,3,64,11,4,161,4,21,51,4,7,5,0,0,2,0,114,31,67,141,75,59,4,12,96,7,4,117,3,4,25,12,4,516,4,11,7,1,2,1,0,254,114,55,31,40
3331376617,1504645086772,1313,9,1,2,1,1,1,1,1,16,3,4,103,14,4,18,4,7,10,4,7,11,4,11,8,1,1,2,1,79,117,23,113,31,24,11,4,91,4,14,7,4,12,40,4,3,222,4,7,3,0,0,0,0,31,57,33,119,64
3326077584,1504279507944,1834,9,2,2,2,2,2,2,0,57,11,4,63,14,4,22,7,4,1,14,4,58,12,4,2,0,0,0,0,31,24,40,117,157,61,4,21,18,7,4,74,4,12,53,3,4,29,11,4,11,3,1,4,0,497,40,126,238,117
3269477480,1500415447269,1512,9,1,1,1,1,0,1,1,31,4,11,75,12,4,202,7,4,412,3,4,238,14,4,10,2,0,2,1,121,51,157,117,141,18,4,7,40,3,4,79,11,4,236,4,21,150,12,4,1,0,0,0,0,154,53,157,119,114
3299377894,1502488083138,1889,9,2,2,2,2,2,2,0,107,11,4,223,4,3,63,3,4,240,12,4,222,7,4,1,0,0,0,0,75,157,238,51,31,105,14,4,18,4,7,37,3,4,29,4,11,67,4,12,10,2,1,3,0,31,11,157,238,122
3246975424,1498927270016,1060,9,1,1,1,1,0,1,1,238,14,4,63,14,4,412,3,4,22,4,7,35,14,11,10,1,0,1,1,23,1,58,67,11,41,12,4,81,4,21,222,4,7,17,3,4,19,11,4,1,0,0,0,0,28,119,157,114,105
3328562210,1504453213400,1517,9,2,1,2,2,2,2,0,96,7,4,267,3,4,92,12,4,61,4,12,120,11,6,1,0,0,0,0,27,157,40,57,412,43,4,3,78,4,12,15,4,7,103,4,14,59,11,4,11,3,1,1,0,141,40,16,53,18
3327338159,1504361005869,1500,9,1,2,1,1,0,1,0,58,14,4,29,7,4,105,4,3,37,3,4,113,4,11,7,1,0,1,0,238,17,64,117,67,76,4,11,412,3,4,157,4,3,126,4,12,81,4,7,1,0,0,0,0,90,238,107,141,40
3323493588,1504100957035,2599,9,1,2,1,1,2,2,0,53,3,4,35,11,14,58,4,12,45,3,4,222,7,4,10,6,0,4,0,29,18,141,119,412,223,3,4,56,11,4,1,4,21,83,12,4,236,4,7,4,0,3,1,0,238,-1,68,157,122
3322169421,1503990376668,1787,9,1,1,1,1,1,1,0,18,4,7,90,4,14,412,4,14,122,4,12,121,11,4,11,2,1,2,0,157,59,154,64,40,131,4,14,516,4,12,117,4,3,31,4,11,21,4,7,1,0,0,0,0,154,40,58,119,51
3299357707,1502487802817,2175,9,1,1,1,1,1,1,0,11,11,4,92,12,4,222,4,7,84,4,14,12,4,3,11,3,1,5,0,40,29,121,57,31,117,4,3,119,7,4,120,6,11,24,12,4,131,4,12,0,0,0,0,0,157,40,38,238,29
3240375247,1498511401957,1758,9,1,1,1,1,1,1,0,31,4,12,40,4,3,203,11,4,99,7,4,110,7,4,10,2,1,1,0,29,240,157,122,164,121,4,11,18,4,7,23,12,4,117,4,3,61,4,6,1,0,0,0,0,202,238,58,53,122
3303121608,1502701889683,3115,9,2,2,1,2,2,2,0,61,4,14,268,4,12,81,4,7,40,3,4,14,11,4,7,1,0,2,0,7,141,84,51,31,202,4,7,63,4,14,28,4,11,59,12,4,55,4,14,11,5,3,3,0,64,117,31,141,266
3268366244,1500327371382,2643,9,2,1,1,2,2,2,2,202,7,4,163,4,21,238,4,12,107,4,11,143,4,3,8,2,1,1,0,134,114,141,154,51,222,4,7,11,11,4,10,12,4,1,4,21,44,4,3,8,2,1,2,1,23,24,157,51,53
3329913611,1504547249706,1679,9,1,2,1,1,0,1,2,67,7,4,68,4,12,516,3,4,157,4,14,59,11,4,6,1,0,2,0,412,24,141,51,55,121,11,4,54,4,12,53,4,3,222,4,7,69,4,3,2,0,0,1,1,11,122,18,39,19
3320959221,1503903177612,1583,9,2,1,1,2,0,2,0,22,4,7,24,4,12,412,4,3,131,4,14,121,4,11,2,0,0,1,0,67,157,141,238,432,4,4,3,18,4,7,516,12,4,33,4,11,63,4,14,7,1,0,1,0,113,-1,498,238,40
3258464310,1499701880652,2996,9,1,1,2,2,1,2,0,74,12,4,43,4,3,59,11,4,61,4,14,202,7,4,7,1,2,0,0,7,53,51,105,164,143,4,3,81,4,7,55,4,14,80,4,11,10,4,12,7,1,0,4,0,254,53,29,39,51
3329990259,1504551779389,2517,9,1,2,1,1,1,2,0,141,4,11,25,3,4,131,14,4,498,4,7,58,12,4,10,2,1,2,0,31,79,113,157,40,44,4,3,238,4,14,23,4,12,57,4,11,96,4,7,8,2,1,2,0,103,114,18,113,157
3329677615,1504535096202,202,9,2,0,0,0,0,0,0,23,4,12,2,12,4,15,7,4,7,4,14,497,4,14,0,0,0,0,0,157,86,53,11,236,105,14,4,3,4,12,91,4,11,81,4,7,40,3,4,0,0,0,0,0,45,119,53,58,131
3322527161,1504015653013,1670,9,2,2,1,2,2,2,2,412,4,3,56,4,11,59,12,4,202,7,4,4,4,3,2,0,0,0,0,134,238,92,157,40,164,12,4,222,4,7,16,3,4,24,4,11,26,4,14,9,1,1,2,1,157,117,75,119,64
3322474806,1504011582134,1695,9,2,1,2,2,0,1,0,40,4,14,516,4,12,21,7,4,120,6,11,117,4,14,1,0,0,1,0,91,64,81,122,53,222,4,7,113,11,4,99,4,7,69,12,4,161,12,4,11,3,0,1,0,119,24,-1,25,157
3221818181,1497366105498,2234,9,2,1,2,1,2,1,2,134,21,4,29,4,7,85,4,12,412,3,4,203,11,4,8,1,0,2,0,154,38,114,117,7,23,12,4,61,21,4,432,4,3,22,7,4,19,4,11,10,2,1,1,1,114,154,119,103,79
3226762566,1497672600759,2072,9,1,1,1,1,0,2,1,21,7,4,17,12,4,53,3,4,56,4,11,74,4,14,10,2,0,1,1,122,498,105,80,157,223,4,3,63,4,14,11,11,4,54,4,12,22,4,7,1,0,0,2,0,8,99,51,157,25
3222410122,1497404739804,2233,9,1,2,2,1,1,2,2,9,14,4,81,7,4,240,6,12,11,4,11,50,14,4,11,4,1,2,0,420,51,1,19,23,41,12,4,102,11,14,55,4,14,412,3,4,17,4,7,4,0,0,3,1,51,114,3,157,134
3317435522,1503621688306,2436,9,2,1,1,2,0,2,0,516,12,4,141,11,4,37,14,4,222,7,4,103,4,14,5,0,0,0,0,157,238,53,105,267,25,4,3,51,4,7,64,11,4,59,12,4,1,14,4,10,1,0,5,0,105,53,126,122,497
3331073150,1504627344617,1405,9,1,2,1,1,0,1,1,19,11,4,21,4,7,38,4,12,92,4,12,432,4,14,11,3,0,2,1,117,18,31,67,96,99,21,4,498,7,4,11,11,4,412,4,3,122,12,4,1,0,0,0,0,113,114,91,31,154
3330000642,1504551450596,1365,9,2,1,2,0,0,2,2,202,4,7,238,14,4,35,12,14,267,3,4,11,4,11,0,0,0,0,0,222,68,53,126,157,75,4,12,84,14,4,77,11,6,57,3,4,119,4,7,6,0,0,1,1,53,90,157,19,122
3327657321,1504378048115,1390,9,2,1,2,2,0,2,0,64,11,4,55,4,14,51,4,7,89,4,3,39,14,4,1,0,0,0,0,8,5,122,23,53,113,4,11,126,4,12,40,4,21,222,4,7,131,4,12,8,1,0,2,0,122,117,57,412,63
3277175039,1500935398365,2509,9,2,1,2,2,2,2,0,41,3,4,24,12,4,18,7,4,117,4,3,154,4,11,6,0,0,1,0,23,141,412,122,55,35,11,14,61,4,14,222,7,4,89,4,3,14,12,4,7,1,1,4,0,92,105,420,31,134
3243066153,1498673570573,2652,9,2,1,1,2,2,1,2,421,4,11,89,3,4,4,12,4,51,7,4,59,12,4,5,0,0,2,0,7,412,238,11,114,58,4,12,8,4,3,236,7,4,121,4,11,223,4,3,10,1,2,1,1,105,114,3,154,157
3309071143,1503084258879,1489,9,1,2,1,1,1,2,0,61,4,7,236,4,7,64,11,4,201,4,3,222,7,4,9,2,1,1,0,131,103,238,119,11,498,4,7,117,3,4,122,4,12,23,4,11,63,4,14,0,0,0,1,0,119,86,89,157,31
3324938164,1504201663676,2342,9,1,2,2,1,1,2,1,141,4,11,18,7,4,53,11,4,90,4,14,114,4,12,9,1,1,2,1,201,10,157,31,121,412,3,4,254,4,11,67,7,4,112,1,4,33,14,4,4,0,0,2,0,238,29,64,21,31
3295400484,1502227407089,1875,9,1,2,1,1,1,1,1,412,4,14,59,4,11,122,12,4,202,7,4,42,12,4,10,4,1,3,1,119,67,75,31,23,27,4,12,3,14,4,107,11,4,222,7,4,432,3,4,1,0,0,0,0,238,157,29,201,75
3315584096,1503510264566,1481,9,2,1,1,2,2,2,2,59,4,11,67,4,7,37,3,4,58,4,12,90,4,6,3,0,0,0,0,117,29,16,40,31,18,4,7,57,4,11,240,4,12,34,4,12,63,3,4,9,1,1,3,1,113,40,119,38,126
3285769156,1501532479836,1589,9,2,2,2,2,0,1,2,59,12,4,141,4,14,40,3,4,154,4,11,29,7,4,0,0,0,1,0,38,157,53,122,498,105,4,14,6,14,4,44,3,4,68,4,11,119,7,4,10,2,0,1,1,143,103,238,157,75
3329971167,1504549348856,1515,9,2,2,2,2,0,2,2,16,4,14,86,12,4,3,4,12,17,4,14,35,4,11,0,0,0,0,0,53,245,64,122,105,103,14,4,11,4,11,119,4,12,202,7,4,89,4,3,11,3,0,2,1,19,28,238,53,122
3233662487,1498080109182,2448,9,2,2,1,2,2,2,0,497,4,14,131,4,11,31,12,4,432,14,4,51,4,7,3,0,0,1,0,75,157,122,420,17,53,14,4,412,4,7,101,21,4,41,4,12,56,4,11,10,2,1,4,0,420,11,23,61,114
3321303651,1503933447415,1250,9,2,2,2,2,0,0,2,110,4,7,126,4,12,14,14,4,268,21,4,516,4,11,3,0,0,0,0,53,32,55,238,119,115,4,14,67,4,7,64,11,4,37,3,4,48,12,4,7,1,0,0,1,245,266,53,31,105
3328357746,1504447582895,1544,9,1,1,1,0,0,1,0,8,4,6,67,4,7,12,3,4,55,12,4,19,4,11,5,0,0,2,0,105,238,122,53,18,143,4,3,33,4,11,79,4,14,21,4,7,5,4,12,1,0,0,0,0,412,40,498,59,238
3323206107,1504084665536,1567,9,2,2,2,2,0,2,0,8,4,6,79,11,4,51,7,4,141,4,12,201,4,3,1,0,0,0,0,105,238,117,64,157,34,14,4,412,4,14,29,7,4,28,4,11,420,4,12,10,2,0,1,0,18,105,119,238,114
3326192469,1504284065529,2330,9,1,1,2,1,1,1,1,498,7,4,6,4,12,157,11,4,1,21,4,497,4,3,11,3,1,3,1,75,53,51,29,117,67,4,12,432,4,14,64,11,4,222,7,4,134,14,4,5,0,0,0,0,19,119,114,37,53
3325090062,1504207752396,2368,9,2,1,1,2,1,1,0,81,7,4,86,12,4,61,4,3,79,4,11,44,4,3,3,0,1,1,0,-1,-1,22,-1,96,55,14,4,131,12,4,267,4,3,29,7,4,101,11,4,8,1,0,2,0,113,236,40,141,117
3313715686,1503404340627,1507,9,1,1,1,1,0,2,1,9,3,4,51,4,7,33,11,4,99,3,4,104,4,12,10,2,0,2,1,53,119,157,105,254,3,14,4,111,4,11,238,14,4,16,4,3,67,4,7,0,0,0,1,0,11,21,154,157,119
3328055418,1504424430506,1899,9,2,2,2,2,2,2,1,150,12,4,34,3,4,35,14,12,13,12,14,28,11,4,1,0,0,0,1,67,22,105,134,119,120,11,6,68,14,4,127,4,14,42,7,4,238,14,4,10,2,1,3,0,157,-1,498,99,122
3321370558,1503935492027,1579,9,2,1,2,2,2,2,2,57,4,12,48,4,11,18,7,4,89,3,4,90,4,21,2,0,0,0,0,136,516,134,222,51,11,11,4,39,4,12,245,4,12,412,4,3,119,7,4,11,3,1,2,1,40,29,31,238,19
3316095844,1503560255666,2033,9,2,1,2,2,1,2,0,62,4,11,67,4,7,516,4,12,497,3,4,45,14,4,2,0,1,0,0,91,51,89,103,122,72,4,11,44,4,3,141,14,4,157,12,4,18,7,4,10,2,0,4,0,29,105,61,420,40
3279252461,1501077981633,1463,9,2,1,2,2,2,2,2,19,11,4,77,6,4,412,7,3,18,4,7,420,4,12,1,0,0,0,0,11,126,141,31,7,105,14,4,53,3,4,157,14,4,222,4,7,48,11,4,7,1,1,2,1,62,6,67,75,122
3315986154,1503534498152,2030,9,2,1,2,2,2,1,2,80,4,14,120,6,11,67,7,4,245,14,12,89,3,4,3,0,0,1,0,119,19,31,90,141,33,4,11,106,12,4,21,7,4,8,4,6,53,4,3,10,2,1,2,1,7,157,29,202,24
3310544865,1503170903540,2207,9,2,1,1,2,0,1,1,432,4,14,498,4,7,9,4,11,30,21,4,157,4,12,2,0,0,1,1,114,-1,127,24,119,36,12,4,245,12,4,5,4,11,202,7,4,61,14,4,10,3,0,3,0,40,38,122,420,31
3253900407,1499378011718,1653,9,2,2,2,2,2,1,0,51,7,4,43,3,4,23,14,3,32,11,4,91,14,4,0,0,0,1,0,120,157,238,67,117,202,7,4,163,4,21,64,11,4,34,4,14,8,4,12,11,3,1,2,0,117,114,120,157,154
3325628562,1504220123254,1582,9,1,1,1,1,1,1,1,51,7,4,107,11,4,55,4,14,23,14,4,53,3,4,11,3,1,1,1,40,498,105,29,150,18,7,4,92,4,11,238,4,14,75,12,4,143,14,4,0,0,0,0,0,31,84,157,40,80
3324616013,1504182388574,1487,9,1,1,1,1,1,1,1,58,4,12,79,4,11,37,3,4,236,3,4,429,4,7,10,2,1,2,1,39,40,238,154,31,157,4,14,57,4,11,223,4,3,115,4,7,67,4,12,0,0,0,0,0,113,38,55,92,238
3233175152,1498068572763,1532,9,2,1,2,2,0,1,2,31,12,4,29,7,4,412,4,3,11,11,4,10,4,12,1,0,0,1,0,154,64,143,84,122,222,4,7,24,4,11,13,4,6,150,4,12,117,4,14,11,3,0,1,1,238,23,122,51,154
3316152338,1503567151339,1490,9,2,1,2,2,2,2,2,201,3,4,203,11,4,236,4,7,31,12,4,63,4,14,0,0,0,0,0,18,92,59,56,29,67,4,7,90,4,12,44,4,3,157,4,12,102,11,3,9,2,1,3,1,40,35,16,6,119
3331400087,1504646597540,1341,9,2,2,2,2,0,2,0,67,7,4,99,4,14,121,11,4,141,4,12,8,6,4,0,0,0,0,0,238,29,266,113,40,112,21,4,59,4,12,12,4,14,498,4,7,5,4,11,9,3,0,1,0,40,57,497,16,154
3252377097,1499282308670,1668,9,1,1,1,1,0,2,1,25,4,3,39,14,4,29,4,7,24,4,11,50,6,12,10,2,0,0,1,498,122,105,154,34,117,3,4,92,4,12,64,4,11,103,14,4,222,7,4,2,0,0,2,0,34,202,17,51,157
3321473066,1503942292221,1966,9,2,2,2,1,2,1,2,40,3,4,110,7,4,245,4,12,150,4,12,141,11,4,4,1,0,1,0,39,119,98,18,157,16,4,3,498,4,7,54,12,4,107,11,4,48,12,4,10,2,2,2,1,24,113,412,8,117
3316924078,1503593049933,1689,9,2,2,2,2,0,1,2,19,11,4,131,4,12,23,4,12,18,4,7,117,4,3,2,0,0,1,0,29,31,119,498,238,76,11,4,104,4,7,53,4,14,150,12,4,45,4,12,11,3,0,1,1,75,29,141,33,31
3247715521,1498979263943,1683,9,2,1,2,2,2,2,2,202,7,4,99,4,21,2,11,6,31,4,12,497,3,4,2,0,0,0,0,27,51,105,238,154,432,14,4,3,12,4,157,14,4,121,4,11,222,7,4,11,3,1,3,1,51,105,238,154,64
3296753704,1502321942688,1824,9,2,2,1,2,2,2,2,64,4,11,157,12,4,497,14,4,4,3,4,222,4,7,4,0,0,0,0,18,117,40,63,154,29,4,7,113,4,12,37,4,14,11,11,4,268,4,1,10,2,1,3,1,8,89,238,31,141
3255532723,1499510094822,2342,9,1,2,2,0,0,2,1,18,4,7,85,4,12,223,3,4,105,14,4,106,11,4,7,0,0,1,1,157,134,53,23,67,98,12,4,35,11,3,238,14,4,25,3,4,498,4,7,5,0,0,2,0,114,1,154,23,122
3219193205,1497195753176,1876,9,1,2,1,1,1,2,2,154,4,11,61,21,4,222,4,7,40,4,3,10,12,4,9,1,1,1,0,3,157,114,117,29,240,4,12,101,4,21,143,4,14,5,4,11,429,4,7,5,0,0,1,1,51,157,114,117,119
3325493915,1504211798790,2016,9,2,1,2,2,0,1,1,112,4,3,497,4,14,19,11,4,498,7,4,59,12,4,4,0,0,3,1,29,432,113,119,105,24,4,11,27,12,4,222,7,4,53,4,3,43,12,4,9,1,0,1,0,238,141,150,11,67
3329205474,1504472243581,2242,9,2,1,2,2,2,2,0,121,4,11,91,4,14,201,14,4,81,7,4,18,4,7,5,0,0,0,0,30,64,38,31,33,16,3,4,96,4,7,141,4,11,61,4,12,10,12,4,7,1,2,3,0,238,25,8,266,53
3320933326,1503877454598,2162,9,1,1,2,1,1,2,2,53,14,4,202,7,4,61,4,12,114,4,12,32,11,4,7,2,2,2,0,105,91,31,103,117,126,4,12,37,3,4,154,4,11,101,4,21,18,4,7,7,0,0,1,1,31,25,122,67,238
3326021885,1504275234102,2539,9,1,1,1,1,0,1,2,11,11,4,110,4,7,45,4,12,223,3,4,126,4,14,11,3,0,4,0,202,105,141,31,53,37,4,3,54,4,12,29,11,4,25,14,4,22,4,7,1,0,0,0,1,17,105,64,18,67
3319066542,1503757367356,1939,9,1,1,1,1,1,2,0,61,4,21,96,4,21,40,7,4,79,12,4,64,11,4,8,1,1,2,0,59,4,122,28,141,412,4,14,161,12,4,29,4,7,19,6,11,150,4,12,2,0,0,2,0,18,57,114,31,8
3305995420,1502887121327,2842,9,1,2,1,2,1,2,2,236,7,4,157,4,14,201,4,11,85,4,12,57,4,11,11,5,1,2,0,122,29,6,31,84,121,4,11,36,12,4,117,3,4,30,3,4,119,7,4,8,3,2,3,1,18,40,75,412,126
3293376978,1502082604911,1666,9,2,2,2,2,0,2,0,29,4,11,89,4,12,122,4,14,17,4,14,16,7,4,1,0,0,0,0,141,31,432,75,154,157,4,14,79,14,4,68,4,12,202,4,7,62,4,11,5,1,0,1,0,238,31,84,119,75
3331328655,1504642757823,212,9,2,2,0,0,0,0,0,102,11,4,61,4,3,498,7,4,16,3,4,92,12,4,0,0,0,0,0,55,18,119,31,105,238,4,14,516,3,4,81,7,4,19,4,11,91,4,14,0,0,0,0,0,31,40,117,69,119
3288396952,1501707073199,1852,9,1,1,2,1,1,1,0,57,11,4,84,1,4,223,3,4,75,4,12,29,4,7,11,3,1,2,0,31,122,18,240,11,27,11,4,202,4,7,143,3,4,157,4,12,90,3,4,4,0,0,0,0,141,6,28,31,238
3246331804,1498861615087,1410,9,1,1,1,1,1,2,1,12,4,14,427,4,11,110,4,7,163,4,6,82,4,12,7,1,1,0,1,103,119,121,51,114,20,4,11,61,4,14,92,12,4,498,7,4,40,4,3,3,0,0,2,0,121,58,119,105,154
3317813730,1503672478191,1575,9,1,2,2,1,1,1,1,18,4,7,104,4,11,117,4,3,1,4,14,75,4,12,11,2,1,1,1,29,157,31,67,17,27,4,12,245,4,3,43,3,4,202,4,7,6,11,4,2,0,0,0,0,21,516,150,53,38
3315683176,1503514076841,2127,9,2,1,2,2,2,1,2,99,21,4,32,4,11,157,4,12,51,4,7,111,4,14,1,0,0,1,0,238,29,141,75,67,24,4,11,516,4,12,22,4,7,89,14,4,45,4,12,8,1,1,3,1,75,31,105,131,19
3304535741,1502804550208,1899,9,2,2,1,1,2,1,0,202,4,7,164,4,12,412,4,14,79,11,4,55,14,4,6,1,0,1,0,31,29,238,24,15,76,11,4,131,4,12,54,4,12,67,7,4,117,3,4,9,2,1,2,0,141,40,75,105,122
3321724816,1503956295694,2302,9,2,2,1,2,1,1,1,420,4,12,222,4,7,157,11,4,412,4,3,115,4,12,5,0,1,2,1,122,105,53,57,10,134,4,21,24,4,11,117,3,4,96,4,7,41,4,12,11,3,0,1,0,114,122,64,105,498
3327304425,1504357579830,1030,9,1,2,1,0,0,2,0,41,12,4,141,4,11,58,14,4,21,4,7,22,14,4,4,0,0,0,0,121,29,412,53,122,240,12,4,37,4,3,157,4,14,64,4,11,51,4,7,0,0,0,1,0,11,12,122,53,31
3317667359,1503664858437,1830,9,2,1,2,1,2,1,2,121,4,11,157,14,4,429,7,4,53,4,14,75,4,12,6,1,0,1,0,412,150,113,238,40,8,6,4,18,4,7,117,4,14,141,11,4,31,4,12,8,1,1,2,1,119,57,113,40,29
3323261012,1504087824008,1609,9,2,1,2,2,0,2,0,98,12,4,45,4,3,112,4,14,429,4,7,19,4,11,0,0,0,0,0,50,141,64,6,53,44,3,4,29,4,7,59,4,12,55,14,4,79,11,4,11,2,0,1,0,122,105,119,157,201
3323863050,1504106659388,2696,9,2,2,1,1,2,1,2,150,4,12,9,11,4,111,4,3,21,4,7,131,4,14,7,1,0,2,0,53,86,412,11,55,34,12,4,141,4,11,35,7,14,67,4,7,44,4,3,10,2,1,3,1,122,105,154,51,25
3308039109,1503003980604,2377,9,1,2,2,2,2,1,2,498,4,7,497,3,4,62,4,11,92,4,14,17,12,4,7,1,1,2,0,157,40,103,31,122,76,4,14,25,3,4,21,4,7,420,4,12,64,11,4,9,1,1,2,1,55,33,157,75,67
3319282122,1503771571085,1696,9,2,1,2,2,0,2,2,75,4,12,497,3,4,429,7,4,103,4,14,64,4,11,0,0,0,0,0,53,11,105,238,67,79,4,11,90,14,4,21,7,4,16,3,4,122,12,4,9,2,0,3,1,119,141,18,24,31
3325678691,1504226450509,1392,9,2,2,2,2,0,2,2,75,12,6,99,21,4,21,7,4,31,3,4,24,4,11,0,0,0,1,0,141,11,122,40,103,157,4,14,412,4,14,59,4,11,69,12,4,236,4,7,11,3,0,1,1,67,119,420,114,8
3311709265,1503258079614,1543,9,2,2,2,2,2,2,2,113,11,4,126,12,4,117,14,4,15,4,7,4,4,6,3,0,0,0,0,40,57,29,412,119,34,14,4,18,4,7,163,12,4,16,3,4,31,4,11,8,1,1,3,1,90,53,164,11,63
3317867364,1503676390810,1584,9,1,2,1,1,0,1,0,25,11,4,51,7,4,69,4,14,40,4,3,126,4,12,9,1,0,1,0,105,114,31,67,141,236,1,4,75,4,12,37,3,4,29,7,4,113,4,11,2,0,0,0,0,105,8,67,498,1
3330069633,1504556472909,1887,9,1,1,1,1,1,1,0,4,4,6,19,11,4,98,12,4,201,4,3,81,4,7,8,1,1,3,0,238,8,105,120,67,11,4,11,53,14,4,69,14,4,18,7,4,80,4,12,2,0,0,0,0,35,31,498,84,1
3324684862,1504185878967,1987,9,2,2,2,2,2,2,0,59,4,11,122,12,4,61,4,1,497,14,4,18,7,4,2,0,0,0,0,23,57,6,92,7,222,7,4,412,4,3,103,14,4,31,4,11,48,4,12,11,4,1,2,0,157,40,117,154,114
3324425144,1504141891612,1928,9,1,1,1,1,0,1,0,79,4,11,127,4,12,238,14,4,236,7,4,86,3,7,11,3,0,2,0,35,412,119,133,84,11,4,11,2,12,4,25,7,4,202,7,4,245,4,14,1,0,0,0,0,99,17,53,119,157
3232951104,1498056584477,1927,9,1,1,1,1,0,2,0,268,4,21,92,4,12,21,4,7,25,3,4,5,4,11,10,4,0,2,0,29,122,11,238,17,61,4,21,64,4,11,54,4,12,222,7,4,53,4,3,0,0,0,1,0,154,157,11,498,122
3330798478,1504612183467,3138,9,2,2,2,2,2,2,1,164,4,12,141,11,4,268,21,4,119,4,7,201,4,3,5,0,1,1,1,11,6,31,157,238,17,4,12,14,14,4,90,4,12,96,4,7,76,11,4,11,3,3,5,0,154,11,238,498,31
3287427765,1501668921108,1601,9,1,2,1,1,1,1,0,64,4,11,42,4,3,40,3,4,122,12,4,202,7,4,11,3,1,1,0,75,31,245,157,131,412,4,14,67,4,7,20,14,4,81,4,12,141,11,4,1,0,0,0,0,119,114,19,31,134
3252148739,1499270377879,1318,9,1,2,1,1,1,1,0,40,3,4,157,12,4,64,4,11,51,7,4,61,4,7,9,2,1,2,0,19,3,154,119,34,240,4,12,202,7,4,60,11,4,412,3,4,112,4,7,0,0,0,0,0,20,164,201,29,154
3324687992,1504186826540,2248,9,2,1,2,2,2,2,2,24,4,12,103,4,14,141,11,4,516,4,12,17,7,4,7,0,0,2,0,91,157,117,11,131,18,4,21,23,4,11,40,4,3,39,4,12,105,4,14,11,3,1,2,1,238,7,51,53,5
3330153903,1504560220075,2981,9,2,1,2,1,1,2,1,33,4,11,58,12,4,267,3,4,222,4,7,238,14,4,5,1,1,1,1,53,64,11,122,141,102,11,4,134,12,4,497,3,4,164,12,4,119,4,7,8,1,1,5,0,21,122,105,53,40
3292274612,1502023589544,1785,9,1,1,1,1,1,1,0,41,3,4,57,11,4,498,7,4,16,3,4,50,4,14,10,2,1,2,0,92,134,141,40,238,59,11,4,15,7,4,44,4,3,157,12,4,161,4,21,2,0,0,0,0,67,51,134,75,122
3329690119,1504535990017,1686,9,2,1,2,2,0,2,0,157,4,14,7,4,3,21,7,4,80,4,12,154,11,4,5,0,0,0,0,134,19,141,238,23,5,12,4,11,11,4,89,3,4,119,7,4,99,14,4,8,1,0,2,0,122,29,90,51,18
3324302013,1504129714269,1358,9,2,2,2,0,0,2,0,8,4,14,110,7,4,39,12,4,141,11,4,432,3,4,2,0,0,0,0,31,119,268,57,92,45,12,4,56,11,4,98,14,3,236,7,4,114,4,12,3,0,0,1,0,238,119,7,122,18
3324972921,1504202887410,2275,9,1,1,2,2,1,2,0,25,3,4,67,7,4,64,4,11,516,12,4,157,4,14,9,2,1,0,0,90,136,31,117,122,6,12,4,30,4,11,202,14,4,10,12,3,429,4,7,9,1,0,3,0,-1,40,31,119,122
3329575314,1504528035654,2120,9,1,2,2,1,1,1,0,89,14,4,23,12,4,254,11,4,99,4,12,236,4,7,8,1,1,2,0,157,39,122,114,105,268,4,21,126,4,12,67,4,7,141,11,4,40,3,4,7,0,0,1,0,31,238,122,53,51
3248540169,1499020541375,1870,9,1,2,1,1,1,1,2,24,4,12,427,11,4,37,3,4,22,4,7,1,4,14,11,2,1,2,0,154,157,114,11,51,4,4,14,67,7,4,412,4,14,19,6,11,92,4,12,3,0,0,0,1,80,51,119,238,117
3307243931,1502979972789,1597,9,1,2,2,1,1,2,1,9,4,11,53,14,4,8,4,12,18,4,7,236,4,14,9,1,1,1,1,90,75,91,16,40,110,4,7,80,4,14,4,14,4,33,4,11,89,4,14,1,0,0,1,0,51,40,92,57,31
3328170157,1504437506541,1837,9,1,1,1,1,2,2,1,98,4,12,18,4,7,34,4,12,43,3,4,113,4,11,8,2,0,1,1,29,40,67,31,38,57,4,12,55,4,14,141,11,4,117,3,4,498,4,7,3,0,1,3,0,122,31,157,75,238
3278487114,1501022069178,1284,9,2,2,2,0,0,2,0,429,7,4,56,11,4,122,4,12,45,4,12,85,4,3,0,0,0,0,0,42,157,29,119,31,134,14,4,51,4,7,79,4,11,117,3,4,39,4,12,7,0,0,1,0,105,154,114,119,238
3290538693,1501878901014,1938,9,2,1,1,2,2,1,1,103,4,14,122,4,12,79,4,11,18,4,7,43,4,3,4,0,0,1,1,31,57,121,92,119,78,12,4,238,14,4,40,3,4,29,7,4,59,4,11,8,1,1,2,0,31,154,157,6,57
3328827119,1504457488450,2749,9,1,2,2,2,2,2,0,29,4,7,62,11,4,412,4,14,75,12,4,55,14,4,7,1,0,1,0,157,105,7,17,18,45,14,4,81,4,7,64,4,11,84,4,12,78,4,12,8,2,2,4,0,154,24,126,119,122
3304004049,1502747015113,1779,9,1,2,2,1,0,1,2,51,7,4,92,4,12,41,4,6,40,3,4,19,4,11,8,1,0,2,0,75,18,122,58,114,16,4,3,268,4,21,5,4,14,141,4,11,202,7,4,5,0,0,1,1,119,33,157,238,24
3327879644,1504392782698,1456,9,1,2,1,1,0,1,1,60,11,4,22,7,4,157,12,4,35,14,4,3,4,14,10,2,0,2,1,133,40,134,27,103,39,4,12,43,4,14,412,4,14,202,7,4,19,4,11,1,0,0,0,0,119,122,134,238,29
3324997650,1504204496079,1692,9,1,1,1,1,1,1,2,432,3,4,41,12,4,102,4,11,29,4,7,34,21,4,11,3,1,4,0,-1,90,67,16,122,164,12,4,32,11,4,96,4,7,38,12,4,40,4,3,0,0,0,0,1,238,117,53,64,33
3237807808,1498341392381,2152,9,2,1,2,2,2,1,0,222,7,4,5,11,4,245,4,6,23,12,4,412,3,4,6,0,0,3,0,24,420,157,119,122,17,4,14,64,4,11,51,7,4,103,4,14,45,4,3,10,1,1,0,0,29,1,92,238,25
3323995048,1504113477513,1431,9,1,1,1,0,0,1,0,68,12,4,13,6,4,141,11,4,18,4,21,89,14,4,6,0,0,1,0,119,516,427,69,53,51,4,7,412,4,14,64,12,11,61,4,14,432,4,12,0,0,0,0,0,114,67,238,53,24
3330336250,1504570680929,1040,9,2,2,2,2,0,2,2,201,4,3,10,12,4,96,7,4,57,11,4,238,4,14,0,0,0,0,0,103,29,120,114,38,222,4,7,75,12,6,113,4,11,117,3,4,61,4,3,9,1,0,2,1,157,119,40,18,31
3315932068,1503525474395,1359,9,1,1,2,0,0,2,0,18,4,7,497,3,4,8,4,14,92,12,4,64,4,11,5,0,0,1,0,119,53,122,17,42,236,7,4,254,4,11,163,4,14,141,4,12,201,14,4,1,0,0,1,0,157,122,516,19,119
3296870767,1502351667908,2157,9,2,2,2,1,0,1,0,141,4,11,238,4,14,119,4,7,14,12,4,117,4,3,7,2,0,2,0,92,19,18,105,79,81,7,4,157,14,4,6,11,4,78,3,4,11,4,12,7,1,0,1,0,85,23,37,90,17
3325931180,1504269027139,1443,9,1,1,1,1,0,1,0,516,4,3,22,7,4,161,4,3,19,11,4,240,4,12,10,2,0,2,0,16,238,31,105,67,92,12,4,254,4,11,163,4,21,498,4,7,497,3,4,0,0,0,0,0,64,18,121,238,157
3321529343,1503946617495,1328,9,1,2,1,1,0,1,0,202,4,7,516,12,4,120,6,11,267,4,3,81,4,14,9,2,0,2,0,31,141,238,114,119,22,4,7,23,11,4,55,4,14,432,4,14,24,12,4,1,0,0,0,0,67,53,90,69,117
3296757389,1502324305570,1549,9,2,2,2,2,2,2,2,38,4,14,236,7,4,412,4,3,86,12,4,64,11,4,1,0,0,0,0,24,154,84,141,57,10,4,12,432,4,14,498,4,7,61,6,4,19,11,4,7,1,1,2,1,31,29,154,141,53
3307120445,1502977871467,1895,9,2,1,2,2,1,1,0,18,4,7,412,4,3,157,14,4,83,12,4,33,11,4,3,0,1,1,0,7,31,92,119,68,50,4,12,67,4,7,19,11,4,53,4,3,41,4,12,10,3,0,2,0,126,119,238,25,113
3319407826,1503779453257,1708,9,2,1,2,2,0,2,2,75,4,12,25,3,4,5,11,4,222,7,4,105,4,14,1,0,0,0,0,53,238,35,157,67,245,4,14,64,4,11,86,4,12,21,4,7,89,4,14,11,3,0,2,1,11,420,67,84,157
3327461743,1504364811428,2051,9,1,1,2,1,2,2,1,8,4,12,43,7,4,222,4,7,40,3,4,24,4,11,9,1,0,2,1,-1,29,75,11,67,55,14,4,90,6,4,516,4,11,236,4,21,16,7,4,5,0,1,2,0,119,238,22,51,114
3238284793,1498394979136,1812,9,2,2,2,2,0,2,2,62,4,11,412,3,4,51,4,7,78,4,12,105,4,14,0,0,0,0,0,67,238,29,23,121,86,4,12,25,4,3,110,4,7,42,4,3,59,11,4,11,3,0,3,1,164,157,154,11,238
3283992828,1501420397429,1982,9,1,1,1,1,1,2,0,119,4,7,6,4,12,44,4,3,141,4,11,134,4,6,11,2,1,3,0,18,19,498,154,28,10,7,4,37,3,4,86,4,3,2,4,11,30,12,4,2,0,0,1,0,157,143,238,122,84
3325550735,1504213545797,2445,9,1,2,1,1,1,1,2,103,14,4,429,7,4,141,11,4,24,12,4,432,14,4,11,4,1,4,0,11,31,59,28,89,236,4,7,245,4,12,2,4,11,117,4,3,23,4,12,5,0,0,0,1,17,81,420,238,18
3328052008,1504417214883,1751,9,2,1,1,2,2,2,2,498,4,7,11,4,11,245,4,12,432,14,4,80,4,12,2,0,0,0,0,157,119,16,40,55,75,4,12,238,4,14,31,11,4,67,4,7,53,4,3,8,1,1,2,1,122,117,33,114,157
3324450042,1504169430703,2192,9,1,2,2,1,2,2,0,99,21,4,113,4,11,29,4,7,157,4,12,143,4,3,7,1,1,2,0,58,141,51,516,222,18,7,4,122,12,4,40,3,4,56,11,4,61,21,4,4,0,1,2,0,19,-1,3,-1,92
3308047208,1503003662581,2014,9,1,1,1,1,2,1,1,40,3,4,498,4,7,55,14,4,34,4,14,59,11,4,10,2,1,4,1,117,90,38,7,31,1,4,6,150,4,12,429,4,7,60,4,11,37,3,4,1,0,1,0,0,18,29,31,38,157
3324302213,1504129780040,1767,9,1,1,1,1,0,2,1,202,4,7,53,11,4,6,4,12,161,4,14,245,4,14,9,1,0,2,1,157,122,79,11,420,427,3,4,98,4,12,99,4,21,120,4,11,498,4,7,1,0,0,1,0,122,50,105,67,63
3321468799,1503943734482,2888,9,2,1,1,2,2,2,0,141,4,14,17,14,4,81,7,4,76,4,11,26,14,4,7,0,0,3,0,122,53,516,51,96,40,4,3,432,4,12,9,4,14,202,7,4,107,4,11,7,1,1,2,0,119,75,157,31,18
3314216643,1503430530856,3021,9,1,1,1,2,2,1,1,24,4,12,90,21,4,16,3,4,15,4,7,113,4,11,8,2,1,2,1,18,119,50,157,23,238,4,14,25,3,4,67,4,7,68,4,12,28,4,11,11,5,1,3,0,61,157,498,19,122
3218926091,1497182994578,2529,9,2,2,1,1,1,2,2,119,7,4,17,4,12,103,14,4,16,3,4,102,4,11,8,2,1,2,0,412,154,117,498,122,5,4,11,43,14,4,78,12,4,29,7,4,432,3,4,8,1,1,3,1,68,113,157,51,154
3319208608,1503767101811,2796,9,2,2,1,1,2,1,0,105,4,14,141,11,4,34,4,3,133,7,4,6,12,4,9,2,1,4,0,53,122,119,157,17,74,4,12,238,4,14,31,11,4,222,7,4,44,3,4,8,1,1,0,0,29,11,516,67,157
3316168480,1503572100750,1762,9,1,1,2,1,0,2,0,67,4,7,16,3,4,54,4,12,134,14,4,62,4,11,7,1,0,0,0,83,238,516,114,75,119,4,7,99,4,3,23,4,11,74,12,4,105,4,21,2,0,0,2,0,63,268,51,53,17
3260749337,1499851303273,1760,9,2,1,2,2,0,2,0,64,4,11,126,4,12,40,4,3,17,14,4,67,4,7,3,0,0,0,0,61,154,53,119,92,254,4,11,58,4,12,21,7,4,99,14,4,98,3,4,8,1,0,3,0,34,11,202,51,114
3313805180,1503409021806,2780,9,2,1,1,2,1,1,0,59,11,4,21,7,4,412,4,14,36,4,12,34,4,1,10,2,2,2,0,53,154,18,38,40,201,4,3,45,4,12,58,4,12,498,4,7,5,11,4,10,3,1,2,0,55,40,117,119,122
3309540850,1503132462909,2353,9,1,1,1,1,1,2,1,267,3,4,18,7,4,91,4,14,41,4,12,32,11,4,9,2,2,2,1,75,40,122,157,37,29,4,7,4,14,4,43,4,3,154,4,11,84,4,3,1,0,0,2,0,6,51,157,31,113
3319745180,1503828967185,1683,9,2,2,2,2,2,2,2,18,7,4,69,4,21,420,12,4,40,4,3,120,11,6,1,0,0,1,0,157,75,31,67,516,63,4,3,238,4,14,19,6,11,79,12,4,15,4,7,9,1,1,2,1,75,45,51,29,141
3263392744,1499992470754,1547,9,1,1,1,1,1,1,1,20,4,11,126,4,14,22,4,7,16,4,3,24,12,4,11,2,1,2,1,58,114,154,157,8,11,4,11,40,4,3,42,12,4,84,4,12,21,7,4,1,0,0,0,0,122,90,141,105,154
3246228411,1498857690130,1904,9,2,2,2,2,2,2,0,104,4,11,150,4,12,163,14,4,81,7,4,1,3,4,0,0,0,0,0,121,421,34,58,51,75,12,4,412,14,4,42,21,4,202,7,4,28,11,4,11,3,1,3,0,51,25,55,114,7
3244672029,1498763134496,1787,9,2,1,2,2,2,2,0,62,12,4,64,11,4,84,14,4,57,4,3,119,7,4,0,0,0,0,0,63,55,105,122,11,29,7,4,35,11,14,113,3,4,7,4,14,157,4,12,11,3,1,4,0,429,53,498,150,122
3319309878,1503774338343,1613,9,2,2,2,2,2,2,2,78,12,4,90,12,4,67,7,4,117,4,3,203,4,11,1,0,0,0,0,121,516,141,40,157,19,4,11,37,4,3,222,4,7,55,12,4,6,4,12,10,3,1,3,1,57,3,92,122,40
3326264876,1504290548788,1919,9,1,1,2,1,2,2,0,429,4,7,82,4,11,516,4,11,80,4,11,267,4,3,8,1,0,2,0,157,117,53,122,44,498,7,4,19,4,11,31,12,4,497,4,3,238,4,14,6,0,1,1,0,33,141,114,36,122
3331443686,1504647447598,2482,9,2,2,2,2,2,2,0,103,4,7,99,4,21,45,4,14,41,4,12,72,11,4,4,0,0,0,0,105,75,114,157,29,102,11,4,5,12,4,38,12,4,412,4,3,498,4,7,11,4,2,4,0,122,53,105,18,55
3325722488,1504229981168,2169,9,1,2,2,1,1,1,0,40,4,3,80,4,11,122,4,12,51,4,7,143,14,4,9,2,1,3,0,157,50,141,119,8,25,4,14,17,12,4,21,4,7,64,11,4,43,14,4,5,0,0,0,0,119,141,91,57,23
3308342312,1503022669278,3312,9,2,1,2,1,2,2,0,267,4,3,22,7,4,62,4,12,103,4,14,107,6,11,8,3,0,1,0,91,105,122,157,89,11,4,11,24,4,12,53,3,4,45,14,4,498,7,4,10,2,2,4,0,17,51,75,7,157
3313177470,1503346482939,1918,9,1,1,1,1,0,1,0,101,4,6,412,4,3,498,4,7,28,11,4,59,4,12,10,2,0,3,0,114,91,117,31,119,75,12,4,18,4,7,25,4,3,33,11,4,90,4,12,2,0,0,0,0,119,31,40,141,57
3308336573,1503035138333,1994,9,2,2,2,2,2,1,0,105,14,4,19,11,6,236,4,7,67,4,1,53,4,3,3,0,0,1,0,154,51,64,238,122,75,12,4,18,7,4,40,3,4,38,4,14,141,6,11,11,4,1,3,0,103,31,157,420,238
3287003518,1501614837492,2260,9,2,2,2,2,1,1,0,92,4,12,59,11,4,497,4,3,18,4,7,79,4,14,5,0,1,2,0,114,90,202,6,131,99,4,21,8,4,14,141,4,11,40,7,4,29,21,4,9,2,1,0,0,157,57,134,114,31
3262164145,1499935315353,1463,9,2,2,2,2,0,2,0,51,4,7,223,4,3,19,4,11,86,4,12,79,4,14,0,0,0,0,0,266,17,84,53,157,55,4,14,240,4,12,141,4,11,236,4,7,412,4,14,11,3,0,2,0,117,157,126,7,80
3272000944,1500569601770,1699,9,2,2,2,2,2,1,0,22,4,7,37,3,4,31,11,4,141,4,12,131,4,12,0,0,0,1,0,238,498,133,154,7,136,4,3,412,3,4,202,4,7,48,4,12,107,4,11,11,3,1,0,0,55,133,238,122,119
3326849318,1504349138911,1381,9,1,1,1,0,0,1,1,117,3,4,222,7,4,141,11,4,41,4,3,105,4,14,7,0,0,2,1,31,40,122,90,516,67,7,4,59,12,4,16,4,3,35,14,11,61,21,4,0,0,0,0,0,157,31,57,18,412
3262637578,1499969177148,1700,9,2,2,2,2,2,1,0,12,3,4,164,4,12,107,4,11,115,14,4,222,7,4,2,0,0,1,0,238,19,236,24,141,267,4,3,98,12,4,59,4,11,99,21,4,29,7,4,10,2,1,2,0,154,51,122,34,63
3327108911,1504352977584,1845,9,2,2,2,2,0,2,0,12,4,3,39,4,12,57,4,11,29,7,4,91,12,4,5,0,0,0,0,117,18,238,429,31,103,4,14,21,7,4,421,4,11,412,14,4,50,4,12,8,1,0,2,0,40,157,117,33,113
3315437966,1503503272912,2275,9,1,2,2,1,1,1,0,89,3,4,21,7,4,113,4,11,131,4,14,126,12,4,8,1,1,1,0,11,92,238,51,114,76,3,4,78,4,12,107,4,11,127,14,4,29,4,7,4,0,0,2,0,91,498,17,22,238
3330112924,1504557029945,2834,9,2,1,1,2,2,2,0,59,11,4,41,4,12,92,4,14,18,4,7,101,4,3,5,0,1,0,0,31,122,55,40,29,498,7,4,1,4,14,143,4,3,33,11,4,75,4,12,11,5,2,4,0,154,134,497,122,29
3320642161,1503860566552,2375,9,1,2,1,1,1,1,0,27,4,12,55,4,14,96,4,7,412,14,4,79,4,11,8,2,1,1,0,103,238,40,31,119,150,4,12,121,11,4,25,4,3,498,4,7,42,4,12,3,0,1,4,0,238,12,157,31,516
3322525500,1504015120528,2588,9,2,1,2,2,2,2,2,57,11,4,18,4,7,122,4,12,245,14,4,78,4,3,3,0,0,0,0,58,31,119,238,154,69,4,14,10,12,4,21,4,7,59,4,11,17,4,14,11,6,2,4,1,84,157,29,53,150
3322350894,1504000540710,2140,9,2,1,1,2,2,1,1,11,11,4,238,4,14,236,7,4,78,12,4,412,4,14,6,0,0,1,1,157,111,154,84,498,29,4,7,53,4,3,64,4,14,61,3,4,59,4,11,7,1,1,2,0,40,25,134,75,16
3318775105,1503721265865,1849,9,2,1,1,2,2,2,1,79,4,11,39,4,12,18,4,7,4,4,6,16,4,3,6,0,0,2,1,157,119,141,29,105,40,4,3,13,6,4,64,4,11,24,12,4,222,4,7,8,1,1,1,0,119,57,117,113,55
3311871924,1503263316457,1838,9,2,2,1,2,2,2,1,79,4,11,236,4,14,267,4,3,114,4,12,18,7,4,4,0,0,0,1,40,7,157,119,113,29,4,7,32,4,11,41,12,4,61,21,4,98,14,4,10,2,1,2,0,31,92,117,141,40
3299879780,1502534035322,948,9,1,1,1,1,0,1,1,76,11,4,267,4,14,245,4,11,420,12,4,96,7,4,8,1,0,1,1,238,412,79,157,114,41,4,3,164,4,12,15,4,7,28,11,4,40,3,4,0,0,0,0,0,157,121,61,55,31
3326431608,1504297825442,919,9,2,2,2,0,0,0,0,154,11,4,245,4,12,18,4,7,40,4,3,516,12,4,0,0,0,0,0,89,51,6,103,67,105,4,14,59,11,4,222,4,7,78,12,4,53,14,4,2,0,0,0,0,63,141,122,201,497
3327302594,1504357115974,1772,9,1,1,1,1,1,2,0,26,4,14,516,4,11,18,4,7,23,12,4,43,4,3,11,3,1,2,0,238,119,38,498,40,105,4,14,53,4,14,67,7,4,54,4,12,19,11,4,0,0,0,1,0,8,157,113,40,-1
3319191164,1503764587158,1660,9,1,2,2,1,1,1,1,161,4,6,24,11,4,44,4,3,15,4,7,107,4,14,11,3,1,2,1,75,67,114,119,25,202,7,4,131,4,12,43,3,4,516,4,11,91,14,4,2,0,0,0,0,157,86,141,67,31
3311708116,1503257655492,2051,9,1,2,2,1,1,2,2,74,4,3,40,4,3,96,4,7,150,4,12,19,11,4,10,3,1,2,0,119,38,55,141,31,18,7,4,267,4,14,163,6,4,59,4,12,48,4,11,3,0,0,1,1,31,498,57,29,238
3331394067,1504644647277,2265,9,2,2,2,2,2,2,0,11,11,4,81,7,4,98,4,12,90,4,14,25,4,3,2,0,0,0,0,119,53,498,18,238,141,4,11,110,4,7,16,4,3,102,4,12,34,14,4,9,2,1,4,0,18,122,105,119,157
3219375567,1497204309733,1724,9,2,2,2,0,0,1,0,121,11,4,122,4,12,245,14,4,18,4,7,412,4,14,1,0,0,1,0,19,29,51,240,55,236,7,4,25,3,4,24,4,12,84,4,11,45,4,14,5,0,0,0,0,157,53,23,105,51
3325675203,1504223708786,1655,9,2,2,2,2,0,2,2,83,12,4,79,11,4,157,4,14,22,7,4,99,3,14,2,0,0,0,0,17,245,53,67,91,18,4,7,5,11,4,30,4,12,223,3,4,45,14,4,11,3,0,3,1,420,11,131,51,19
3320524214,1503853155176,1696,9,2,2,2,2,0,1,2,5,4,12,11,11,4,53,3,4,63,12,4,51,4,7,1,0,0,2,0,64,157,17,122,75,99,4,14,412,4,3,18,4,7,23,11,14,114,12,4,10,2,0,1,1,67,24,58,1,238
3248655207,1499024268271,1236,9,1,1,2,0,0,1,1,58,4,12,29,7,4,4,4,6,412,4,14,60,4,11,2,0,0,2,1,84,117,154,38,157,122,12,4,201,14,4,427,11,4,51,4,7,236,4,14,1,0,0,0,0,134,64,114,22,119
3321806166,1503960098195,1699,9,1,1,2,1,0,1,2,59,4,11,236,4,7,92,12,4,127,4,14,40,4,3,5,1,0,2,0,103,11,39,238,122,36,4,12,157,4,14,516,11,4,119,4,7,412,3,4,4,0,0,0,1,117,114,84,103,31
3268230352,1500322766150,2598,9,1,2,1,1,1,1,0,236,7,4,82,11,4,91,14,4,35,12,4,115,4,14,11,4,2,3,0,67,119,238,154,126,68,4,12,113,11,4,131,12,4,497,4,3,498,4,7,5,0,0,3,0,63,59,105,157,28
3319457883,1503782568016,1965,9,2,1,1,2,2,1,0,35,14,11,115,4,6,122,12,4,67,7,4,40,4,3,6,0,0,1,0,134,154,238,516,90,21,4,7,28,4,11,17,4,12,412,4,14,112,21,4,11,2,1,3,0,141,103,134,23,31
3327718681,1504381373977,3419,9,2,1,1,1,1,1,1,245,3,4,81,7,4,121,11,4,134,4,12,150,4,12,9,4,1,2,1,117,45,53,157,39,18,4,7,103,4,14,122,12,4,25,7,4,240,4,11,6,2,1,3,0,67,23,-1,222,40
3312932056,1503332225665,1560,9,2,1,2,2,0,2,2,67,4,7,75,12,4,34,4,12,141,11,4,117,4,3,0,0,0,0,0,53,119,60,105,84,121,4,11,40,3,4,102,12,4,236,4,7,245,14,4,10,2,0,2,1,89,58,29,131,31
3232090821,1497983728431,1902,9,2,2,2,2,0,2,0,51,4,7,11,11,4,4,4,14,126,4,12,10,14,4,2,0,0,1,0,29,53,63,122,103,69,4,14,2,4,11,20,7,4,157,12,4,21,7,4,11,2,0,2,0,1,105,53,119,154
3303788432,1502740058308,2341,9,1,2,2,2,1,2,2,268,21,4,157,12,4,202,7,4,201,4,14,32,4,11,9,1,1,1,0,238,122,105,31,91,25,14,4,112,4,3,67,4,7,57,12,4,19,4,11,7,1,0,2,1,122,55,154,119,31
3306867987,1502949769212,764,9,1,1,1,1,0,0,0,35,11,14,85,12,4,91,4,14,15,7,4,432,3,4,7,1,0,0,0,75,150,412,238,6,245,4,12,120,6,11,55,12,7,4,4,21,236,7,4,0,0,0,0,0,31,119,67,157,122
3319915942,1503840135035,1908,9,2,1,1,2,2,1,1,86,12,4,19,11,4,412,14,4,429,4,7,157,4,3,4,0,0,1,1,238,119,96,154,114,57,11,4,18,4,7,117,3,4,42,4,3,122,12,4,7,1,2,3,0,29,40,55,113,31
3331327570,1504642405298,1758,9,1,1,1,1,0,1,0,48,12,4,63,14,4,22,7,4,92,11,4,99,4,21,11,2,0,1,0,11,29,38,238,420,497,3,4,25,14,4,67,4,7,32,4,11,79,12,4,2,0,0,1,0,101,268,19,17,113
3253773005,1499370506144,1720,9,2,2,2,2,2,1,2,99,4,21,63,14,4,64,4,11,58,4,12,29,7,4,1,0,0,2,0,157,412,119,268,105,53,14,4,122,6,4,42,12,4,59,11,4,429,4,7,10,2,1,1,1,114,157,154,238,51
3323957796,1504111297888,1364,9,1,1,1,1,0,0,0,143,4,3,59,4,11,63,4,14,429,4,7,75,12,4,9,2,0,0,0,57,31,29,154,53,79,12,4,498,4,7,161,21,4,64,11,4,40,4,3,0,0,0,0,0,11,53,31,27,38
3328161786,1504434337286,2107,9,2,2,2,2,2,1,0,64,4,11,238,14,4,96,4,7,412,4,3,68,4,12,5,0,0,3,0,122,75,11,157,245,516,12,4,101,4,7,89,4,3,18,4,7,19,11,4,8,1,2,1,0,24,105,67,141,92
3243795012,1498739967846,2632,9,2,1,1,2,1,1,1,113,4,11,497,3,4,119,7,4,122,12,4,105,4,14,6,0,1,4,1,103,154,157,114,11,29,4,7,35,14,11,16,4,14,42,4,3,150,4,12,9,2,1,1,0,23,134,51,53,64
3327685530,1504380130100,939,9,1,1,1,0,0,1,1,24,4,12,222,7,4,11,4,11,99,4,21,40,4,3,5,0,0,2,1,516,105,18,67,117,113,4,11,498,4,7,497,3,4,84,4,14,150,12,4,0,0,0,0,0,238,141,55,25,254
3326392424,1504295495065,1876,9,2,2,2,2,2,2,0,18,7,4,141,4,11,154,4,12,245,4,14,40,4,3,2,0,0,0,0,75,105,114,119,17,64,11,4,238,14,4,23,4,12,222,4,7,111,3,4,9,2,1,2,0,105,11,122,119,8
3330493132,1504582646312,1673,9,2,2,1,2,2,2,2,201,3,4,107,12,4,29,7,4,81,11,4,50,14,4,2,0,0,0,0,238,157,53,114,59,99,4,21,64,4,11,164,4,14,96,7,4,117,3,4,11,2,1,3,1,113,40,19,92,8
3322509179,1504015922687,1714,9,2,2,2,2,0,1,0,86,11,4,222,4,7,25,4,3,56,4,11,7,4,14,0,0,0,1,0,412,17,236,105,91,111,3,4,63,7,4,29,4,7,126,12,4,33,4,11,10,2,0,1,0,17,67,35,154,51
3304518454,1502805339921,1489,9,2,1,2,2,2,2,2,120,11,6,61,4,3,157,4,12,55,4,14,22,4,7,1,0,0,0,0,29,39,238,31,91,18,4,7,121,11,4,122,4,12,117,4,3,112,4,21,9,2,1,1,1,42,31,154,238,40
3317917122,1503679221359,1378,9,1,1,2,1,0,1,0,101,4,7,68,4,12,412,14,4,202,7,4,59,4,11,4,1,0,1,0,40,117,516,29,36,141,4,11,122,4,12,236,4,7,44,3,4,99,3,4,2,0,0,0,0,18,238,75,67,29
3326528005,1504304720687,1308,9,2,2,2,2,0,2,2,18,4,7,91,4,12,99,4,21,412,3,4,102,11,4,0,0,0,0,0,157,51,150,79,222,29,4,7,6,4,12,254,11,4,115,14,4,40,4,3,11,1,0,2,1,157,122,23,245,11
3219615739,1497209249740,2637,9,1,1,2,1,1,1,1,119,4,7,43,3,4,154,4,11,34,21,4,59,4,12,7,2,2,3,1,157,61,51,35,19,121,4,11,105,4,12,498,4,7,1,21,4,40,4,3,6,0,0,2,0,11,51,254,84,122
3327688114,1504380924929,1848,9,2,2,1,2,0,2,1,21,7,4,134,14,4,60,4,11,86,12,4,40,4,3,3,0,0,2,1,516,11,31,-1,74,18,7,4,254,11,4,1,4,14,13,4,12,16,14,4,7,1,0,1,0,157,31,92,75,90
3330849323,1504616305806,2180,9,1,1,1,1,1,2,0,45,4,12,24,4,12,117,4,3,222,4,7,60,4,11,11,3,1,2,0,134,16,154,18,29,92,4,11,89,4,14,75,12,4,51,4,7,34,4,14,3,0,0,1,0,498,79,157,31,19
3317945986,1503681790530,1990,9,1,1,1,1,0,1,1,86,4,14,103,14,4,16,3,4,141,4,11,81,4,7,11,3,0,3,1,19,164,516,154,38,143,4,14,4,6,4,18,7,4,254,4,11,75,12,4,4,0,0,1,0,40,238,29,90,420
3323375610,1504098436135,1907,9,1,2,2,1,1,1,1,497,3,4,67,7,4,163,14,4,19,12,4,5,4,11,6,1,2,2,1,75,31,40,238,114,85,4,12,59,4,11,236,4,14,117,3,4,21,7,4,4,0,0,1,0,51,29,154,31,267
3325493239,1504211602145,2931,9,2,1,1,2,1,2,0,222,7,4,134,14,4,57,11,4,267,14,4,6,4,12,5,0,1,1,0,117,31,40,113,412,157,4,12,25,4,3,141,4,11,103,4,14,236,4,7,11,6,2,3,0,40,154,29,31,121
3317241355,1503607786629,1581,9,1,1,1,1,1,1,0,43,12,4,222,4,7,16,3,4,64,11,4,26,4,12,11,3,1,3,0,29,157,119,40,31,37,4,3,4,1,4,429,7,4,141,11,4,79,12,4,0,0,0,0,0,154,18,31,40,105
3310828647,1503187944498,1900,9,2,1,2,2,0,2,0,240,12,4,133,7,4,412,3,4,141,11,4,103,4,14,2,0,0,0,0,157,105,119,80,67,30,3,4,126,4,12,57,3,4,498,4,7,107,4,11,9,2,0,3,0,55,236,29,85,11
3331076268,1504628318427,1937,9,1,1,1,1,1,1,0,141,4,11,99,21,4,432,4,14,75,4,12,18,7,4,9,2,1,4,0,134,412,157,154,114,29,4,7,33,11,4,3,12,4,103,4,12,53,4,3,2,0,0,0,0,40,134,498,31,61
3330245717,1504565446199,1539,9,2,2,2,2,0,2,2,40,3,4,8,12,4,120,11,6,21,4,7,42,21,4,2,0,0,0,0,238,57,141,105,6,80,4,14,50,14,4,24,4,11,236,4,7,16,4,3,6,1,0,2,1,105,53,141,122,75
3273607909,1500676449107,1548,9,1,1,1,1,1,2,1,90,4,6,122,4,12,412,3,4,222,4,7,59,11,4,10,2,1,2,1,53,157,114,238,141,43,4,3,92,4,12,91,14,4,31,4,11,67,7,4,2,0,0,1,0,202,157,114,54,240
3279737265,1501108668046,1595,9,1,2,1,1,0,1,0,117,4,3,18,7,4,61,4,21,114,4,12,57,11,4,10,2,0,1,0,24,23,119,64,238,80,12,4,28,4,11,99,4,12,202,4,7,25,4,3,0,0,0,0,0,67,31,29,157,238
3327690201,1504381586929,1489,9,1,1,1,1,1,0,0,121,4,11,202,4,7,31,4,12,38,12,4,53,14,4,8,1,1,0,0,18,498,113,117,40,150,12,4,134,4,14,62,11,4,44,4,3,67,7,4,3,0,0,0,0,412,40,126,119,59
3327859598,1504389851256,1514,9,1,1,2,1,1,1,0,29,4,7,497,3,4,63,6,4,24,4,11,36,12,4,11,2,1,1,0,16,122,40,141,238,17,4,12,412,4,14,11,4,11,4,4,7,236,4,7,1,0,0,0,0,16,117,154,31,40
3318828419,1503739850493,1265,9,1,2,1,1,0,1,1,222,4,7,63,14,4,420,4,12,121,11,4,7,4,3,8,2,0,1,1,31,25,117,498,18,41,4,12,10,4,11,157,14,4,161,3,4,202,7,4,0,0,0,1,0,11,29,238,90,236
3316233289,1503575037241,2371,9,1,2,1,1,1,1,1,143,4,14,41,12,4,33,4,11,61,4,14,202,4,7,11,3,1,2,1,157,122,57,29,31,141,11,4,222,7,4,112,7,4,516,12,4,40,3,4,2,0,0,1,0,154,29,55,157,91
3324932737,1504199994519,1220,9,2,2,2,2,0,2,0,99,4,3,17,4,12,238,14,4,89,4,11,119,7,4,0,0,0,0,0,11,122,34,53,154,21,7,4,141,4,11,143,3,4,245,4,14,516,4,12,10,2,0,2,0,51,39,1,412,121
3276085035,1500888951085,1578,9,1,1,1,1,1,1,1,64,11,4,245,4,12,35,4,14,29,4,7,26,4,3,11,3,1,3,1,117,24,16,122,157,107,3,4,154,11,4,267,4,3,268,4,1,222,7,4,0,0,0,0,0,3,202,119,31,122
3315836783,1503523233918,1980,9,1,2,1,1,1,2,1,2,4,12,131,4,11,498,7,4,201,3,4,163,14,4,10,4,1,3,1,18,53,154,67,92,111,4,3,50,4,12,75,6,11,36,12,4,222,4,7,3,0,0,1,0,29,86,12,238,31
3327305026,1504357798192,1410,9,2,2,2,2,0,2,0,516,12,4,44,12,4,104,4,11,143,3,4,51,4,7,1,0,0,0,0,238,31,136,157,114,98,4,12,5,4,11,55,4,14,16,4,3,22,7,4,9,2,0,2,0,96,40,57,117,31
3323266354,1504090707326,1874,9,1,2,1,1,0,2,0,59,11,4,23,4,12,55,4,14,53,4,14,15,7,4,9,1,0,2,0,92,238,64,122,117,222,4,7,412,3,4,25,4,3,141,11,4,27,6,12,1,0,0,1,0,57,105,3,31,18
3272637638,1500639853576,1275,9,2,2,2,0,2,2,0,64,12,4,61,4,21,51,4,7,12,4,3,203,4,11,1,0,0,0,0,157,238,245,141,7,19,4,11,103,4,14,25,4,3,58,4,12,29,4,7,3,0,1,1,0,498,83,238,31,38
3327240335,1504356456909,1884,9,1,2,1,1,0,1,0,18,4,7,79,14,4,63,4,14,23,11,4,64,4,12,10,2,0,3,0,245,126,29,412,117,141,4,11,236,7,4,105,14,21,91,7,4,106,3,4,0,0,0,0,0,25,117,92,122,55
3313859825,1503415066850,1475,9,2,1,2,2,2,2,0,12,4,3,28,4,11,55,4,14,164,4,12,429,7,4,2,0,0,0,0,18,57,40,105,29,119,7,4,31,4,12,42,4,12,497,4,14,121,11,4,8,1,1,2,0,157,134,40,16,117
3323959710,1504111867371,2098,9,2,2,2,2,0,2,2,115,4,7,85,4,3,516,4,12,78,11,4,24,14,4,2,0,0,2,0,11,51,75,31,59,122,4,12,150,4,14,202,4,7,57,11,4,134,4,14,11,3,0,2,1,119,89,105,11,103
3285741750,1501530111818,1900,9,1,2,1,1,0,1,0,498,14,4,67,4,7,1,12,4,117,4,3,64,4,11,11,5,0,3,0,154,7,59,3,157,44,4,3,26,4,14,92,4,12,29,4,11,81,4,7,0,0,0,0,0,31,24,268,56,119
3230568102,1497896673680,2077,9,2,1,1,2,0,2,0,150,4,12,89,3,4,9,4,11,18,4,7,31,4,14,4,0,0,1,0,53,11,38,157,119,29,7,4,134,4,14,64,4,11,85,12,4,99,4,3,9,1,0,2,0,119,23,92,8,420
3280596633,1501170950103,1875,9,2,2,2,2,0,1,0,126,14,4,28,4,11,222,7,4,83,4,12,34,4,14,2,0,0,1,0,38,105,429,141,84,90,4,21,25,14,4,110,4,7,154,4,11,23,12,4,10,2,0,2,0,6,238,119,80,141
3284096149,1501427287155,1392,9,2,1,2,0,2,1,0,141,12,4,72,4,11,412,3,4,238,4,14,119,7,4,0,0,0,1,0,27,113,31,122,154,34,14,4,40,4,3,18,4,7,254,11,4,74,14,4,6,0,1,2,0,55,497,201,31,57
3229263761,1497816403368,2576,9,1,1,2,2,1,2,0,89,3,4,19,11,4,67,4,7,157,14,4,114,12,4,10,3,1,1,0,105,498,23,154,53,58,4,12,202,7,4,134,4,14,99,4,3,62,4,11,8,4,1,3,0,154,53,11,51,122
3308162466,1503005948692,2681,9,2,2,2,2,2,2,0,89,4,3,35,14,11,18,4,7,78,12,4,63,21,4,4,0,0,0,0,117,141,8,238,122,429,7,4,92,12,4,84,4,12,412,4,3,32,11,4,9,2,1,5,0,6,31,154,51,157
3321580372,1503949637320,1963,9,2,2,2,2,2,2,0,77,4,11,16,4,3,84,12,4,1,4,14,236,7,4,3,0,0,0,0,238,141,53,11,40,115,4,21,33,4,11,222,7,4,98,3,4,27,4,12,10,1,1,3,0,31,122,24,103,420
3324029302,1504117345589,1968,9,1,1,1,1,0,2,0,16,4,3,41,4,12,121,4,11,8,4,14,222,4,7,6,1,0,0,0,238,18,55,105,53,37,7,4,112,14,4,22,4,7,92,4,11,36,4,12,3,0,0,3,0,119,29,238,150,10
3325298155,1504210182769,2100,9,2,1,1,2,1,2,1,105,14,4,427,4,11,92,4,12,412,14,4,202,4,7,5,0,1,1,1,516,90,55,141,16,11,4,11,15,4,7,122,14,4,63,4,14,497,3,4,9,1,0,3,0,99,31,154,67,157
3319960685,1503841453522,1155,9,1,1,2,0,0,1,0,103,4,14,64,11,4,81,7,4,89,4,3,141,12,4,5,0,0,2,0,117,31,157,516,67,85,4,12,51,4,7,44,4,14,7,4,12,77,6,11,1,0,0,0,0,90,31,122,119,57
3313784713,1503408503060,956,9,2,2,2,2,0,2,2,236,4,3,113,4,11,161,3,4,67,7,4,164,4,12,0,0,0,0,0,59,31,57,40,117,16,3,4,29,7,4,33,11,4,50,12,4,103,4,3,9,1,0,1,1,238,31,157,121,57
3320629059,1503859804704,199,9,2,2,0,0,0,0,0,25,21,4,67,7,4,34,3,4,154,11,4,157,4,12,0,0,0,0,0,498,516,3,134,18,53,3,4,113,11,4,80,4,14,202,4,7,1,4,14,0,0,0,0,0,31,84,117,105,122
3327659162,1504378640420,2618,9,1,1,1,2,0,1,0,64,11,4,51,4,7,31,12,4,15,7,4,117,7,4,11,3,0,4,0,122,238,119,9,24,55,4,1,11,6,11,12,3,4,86,7,4,18,4,7,7,1,0,1,0,266,161,17,157,245
3329523110,1504522999429,1489,9,2,1,2,2,0,2,2,24,4,12,102,11,4,55,21,4,412,4,7,67,4,21,1,0,0,0,0,18,31,29,63,245,19,4,11,42,4,14,37,3,4,23,4,14,498,7,4,11,3,0,3,1,114,122,29,90,18
3326694753,1504330568146,1969,9,1,1,2,1,1,1,0,29,7,4,24,4,11,131,14,4,267,4,3,90,12,4,8,1,1,4,0,75,238,18,154,157,33,11,4,63,4,21,96,4,7,117,4,3,27,4,12,2,0,0,0,0,85,105,40,429,84
3331186693,1504634266102,2166,9,1,1,1,1,1,1,0,45,4,3,498,7,4,81,4,11,150,12,4,38,12,4,9,2,1,3,0,17,117,29,16,91,18,7,4,113,4,11,61,4,21,3,12,4,12,3,4,3,0,0,0,0,238,57,7,119,157
3284271718,1501435009855,2241,9,1,1,1,1,0,1,0,51,7,4,35,11,14,99,4,14,42,4,14,92,4,12,7,1,0,2,0,3,7,432,141,122,17,4,11,90,4,14,79,4,11,30,3,4,202,4,7,3,0,0,0,0,117,238,29,16,31
3317021937,1503596735953,1234,9,1,2,1,1,0,2,2,31,4,11,7,4,12,40,3,4,15,4,7,150,12,4,9,2,0,1,0,53,16,34,154,238,98,12,4,103,4,14,37,4,3,76,11,4,119,4,7,0,0,0,1,1,157,516,18,117,238
3327659354,1504378671537,1308,9,1,1,1,1,1,1,0,141,11,4,90,4,12,114,4,12,67,4,7,40,4,3,11,3,1,2,0,96,516,31,498,222,29,4,7,58,14,4,8,4,6,59,4,11,267,4,3,0,0,0,0,0,117,18,119,113,7
3324863862,1504197057203,2612,9,2,1,1,1,2,2,2,99,4,21,60,14,4,202,7,4,421,11,4,31,12,4,6,1,0,0,0,53,126,245,103,119,86,12,4,141,11,4,238,4,14,67,4,7,267,4,3,11,3,1,4,1,55,85,119,64,51
3304512449,1502802508798,1700,9,2,1,1,2,2,1,0,412,14,4,7,12,4,51,7,4,254,4,11,2,6,12,1,0,0,1,0,114,16,40,31,19,9,4,11,42,7,4,86,12,4,161,3,4,15,4,7,9,1,1,2,0,113,238,114,18,29
3303452486,1502722522736,2270,9,2,1,2,2,2,1,0,63,7,4,19,4,11,21,4,7,37,4,3,27,12,6,2,0,0,2,0,141,105,17,40,117,150,4,12,112,4,6,113,11,4,222,4,7,16,4,3,8,1,1,3,0,57,29,141,31,7
3277736099,1501000993395,1619,9,2,2,2,2,2,2,2,161,3,4,22,7,4,38,4,12,74,4,12,121,11,4,2,0,0,0,0,69,92,119,51,40,57,4,12,104,4,11,30,4,3,37,14,4,18,7,4,11,3,1,1,1,157,53,122,8,31
3228140253,1497738596712,1361,9,1,1,1,1,1,1,1,31,14,4,412,3,4,60,11,4,110,7,4,92,12,4,6,1,1,1,1,117,114,154,122,23,51,4,7,7,14,4,25,4,7,157,4,12,35,14,11,2,0,0,0,0,117,114,122,498,29
3308033136,1503001483281,1592,9,1,1,2,1,0,1,1,497,14,4,61,4,7,18,7,4,141,4,11,92,12,4,9,1,0,2,1,119,57,117,40,51,429,4,7,31,4,11,58,4,12,163,4,7,53,4,14,2,0,0,1,0,412,238,126,40,29
3324999861,1504205161212,2632,9,2,2,2,2,2,1,0,113,4,11,117,4,3,236,4,7,245,14,4,114,4,12,3,0,0,2,0,40,75,18,90,157,16,4,3,67,7,4,150,12,4,76,11,4,50,14,4,10,4,2,4,0,122,57,105,48,516
3262941585,1499979396596,1577,9,2,2,2,2,1,1,0,117,4,3,22,4,7,58,4,12,101,4,3,141,4,11,2,0,1,2,0,51,53,11,150,27,201,3,4,236,7,4,240,12,4,157,3,4,79,4,11,9,1,0,1,0,10,114,29,51,154
3324629317,1504183897684,1695,9,2,1,2,2,2,1,2,89,4,3,245,14,4,35,4,11,67,4,7,19,3,4,0,0,0,1,0,11,53,103,238,516,25,14,4,6,12,4,55,4,14,29,4,7,56,14,11,10,1,1,2,1,157,119,122,11,238
3322398089,1504008887099,1209,9,1,1,1,1,0,2,1,40,14,4,240,4,12,131,4,14,222,4,7,254,11,4,7,1,0,1,1,23,114,24,67,238,5,11,4,103,14,4,202,7,4,59,4,12,25,3,4,2,0,0,1,0,122,29,31,114,157
3311944820,1503269480448,2448,9,2,2,1,2,2,1,1,90,14,4,72,11,4,24,12,4,84,4,14,45,7,4,4,0,0,2,1,31,25,17,103,51,85,12,4,32,11,4,29,4,7,89,14,4,238,4,14,9,3,1,2,0,40,31,55,114,18
3331343620,1504641649531,1414,9,1,1,1,1,0,1,0,17,4,12,103,4,14,33,11,4,201,3,4,81,4,12,10,2,0,2,0,18,31,122,40,134,90,12,4,429,4,7,412,3,4,141,11,4,86,4,3,0,0,0,0,0,29,75,40,113,61
3312138477,1503309398202,1238,9,1,1,1,0,0,1,1,31,12,4,48,4,11,96,7,4,63,14,4,25,4,3,5,0,0,2,1,105,-1,11,202,498,12,3,4,222,4,7,115,21,4,39,14,4,23,4,11,0,0,0,0,0,53,157,75,24,122
3326246120,1504288128933,2041,9,2,2,2,2,2,2,2,141,3,4,41,4,12,203,11,4,12,4,3,498,7,4,2,0,0,0,0,84,240,29,40,1,113,4,11,51,4,7,117,4,3,75,12,4,238,14,4,10,3,2,3,1,114,19,61,122,201
3311512524,1503247175347,1893,9,1,2,2,1,0,1,0,81,11,4,67,7,4,16,7,4,134,4,3,54,4,12,8,2,0,3,0,31,38,75,12,92,29,4,7,23,4,12,25,4,3,77,11,6,105,4,3,2,0,0,0,0,90,18,157,6,141
3320636172,1503859176954,2223,9,2,1,2,1,2,2,2,117,7,4,110,4,21,64,11,4,25,12,4,103,14,4,4,1,1,0,0,157,40,238,19,92,68,4,12,254,4,11,131,12,4,119,4,7,516,3,4,10,3,1,3,1,150,18,157,90,40
3322659001,1504024918718,1302,9,1,1,1,1,0,1,1,41,12,4,40,4,3,222,7,4,34,4,12,56,4,11,9,2,0,2,1,238,18,114,31,53,113,4,11,498,7,4,157,4,12,38,12,4,412,14,4,1,0,0,0,0,75,31,119,15,69
3326200389,1504286382750,2644,9,2,2,1,2,0,1,1,1,14,4,3,3,4,222,4,7,141,4,11,122,12,4,7,0,0,1,1,17,103,31,67,29,40,4,3,120,11,6,21,7,4,75,12,6,238,4,14,7,2,0,2,0,119,11,19,105,63
3302657030,1502669300935,1460,9,2,1,1,2,2,2,2,412,4,3,29,7,4,64,4,11,50,12,4,90,4,12,1,0,0,0,0,59,57,23,117,154,19,4,11,14,4,12,85,4,7,201,3,4,81,4,7,11,3,1,2,1,141,40,157,18,122
3315676094,1503515134766,1758,9,1,1,2,1,1,1,0,245,4,14,62,12,4,67,4,7,40,4,3,64,4,11,9,1,1,3,0,141,117,38,57,238,157,4,12,498,7,4,102,4,11,99,3,4,90,4,14,2,0,0,0,0,141,122,53,516,238
3305902378,1502877927337,973,9,2,2,2,0,0,0,2,141,11,4,99,7,4,157,12,4,201,3,4,119,7,4,0,0,0,0,0,90,40,117,238,57,82,4,14,412,3,4,92,4,12,107,4,11,101,4,21,7,0,0,0,1,29,429,31,40,238
3314216662,1503430444727,1794,9,1,1,1,1,1,2,2,222,4,7,54,4,11,62,4,14,38,4,14,40,3,4,8,1,1,1,0,53,119,238,29,157,420,12,4,16,4,3,90,4,21,113,11,4,236,4,7,2,0,0,2,1,36,89,31,157,53
3327750180,1504384441675,1850,9,1,2,1,1,1,1,2,61,3,4,44,3,4,78,12,4,21,4,7,56,4,11,11,3,1,3,0,122,19,89,119,53,57,4,12,238,4,14,15,7,4,104,4,11,497,3,4,0,0,0,0,1,122,84,23,157,18
3276980546,1500922973027,1030,9,1,1,1,0,0,1,0,22,7,4,92,4,14,121,11,4,10,7,4,131,14,4,4,0,0,1,0,157,53,23,420,55,12,3,4,103,14,4,67,7,4,64,12,14,57,4,11,0,0,0,0,0,55,61,141,21,23
3316323818,1503580364566,2418,9,1,2,1,1,2,1,1,67,4,7,61,4,3,14,12,14,24,11,4,131,4,3,10,3,2,2,1,103,498,31,7,18,11,4,11,1,14,4,126,4,12,117,3,4,29,7,4,3,0,1,1,0,40,18,119,238,31
3323988680,1504114413623,1826,9,1,2,1,1,1,1,0,91,14,4,6,12,4,203,4,11,98,14,4,81,7,4,6,1,1,2,0,64,103,53,122,57,133,4,14,67,4,7,201,4,3,33,11,4,25,4,14,3,0,0,1,0,240,122,92,157,412
3319019959,1503755407864,1854,9,2,1,1,2,0,1,0,55,4,14,22,4,21,64,4,11,157,4,12,3,4,7,3,0,0,1,0,91,122,53,114,51,9,4,11,201,3,4,18,7,4,161,4,21,6,4,12,8,2,0,2,0,19,91,11,238,119
3328365424,1504447310938,2051,9,1,2,2,1,0,2,0,136,12,4,117,14,4,29,7,4,86,12,4,59,11,4,9,2,0,0,0,238,133,53,32,122,24,4,12,64,4,11,18,7,4,12,4,3,245,14,4,3,0,0,2,0,67,23,11,157,90
3324687730,1504186763745,1775,9,2,2,2,2,0,2,2,412,4,3,34,14,4,19,4,11,15,4,7,17,12,4,2,0,0,2,0,113,40,38,63,157,28,4,11,59,4,12,45,4,21,161,3,4,18,4,7,8,1,0,1,1,84,67,16,40,24
3311520222,1503250331620,1855,9,1,1,1,1,0,2,0,29,4,7,40,3,4,143,4,14,79,11,4,83,4,14,8,1,0,1,0,53,31,122,157,105,86,4,12,68,4,11,238,4,14,412,4,3,18,4,7,2,0,0,2,0,75,53,119,51,23
3324930036,1504202045050,2263,9,2,2,2,2,0,1,0,31,12,4,34,4,21,236,7,4,106,4,11,89,12,4,3,0,0,2,0,23,86,29,105,80,67,7,4,45,4,12,98,12,4,421,11,4,43,4,3,10,2,0,1,0,122,154,11,61,117
3310705507,1503179381436,2280,9,2,1,2,2,2,1,1,10,4,14,40,3,4,202,7,4,39,12,4,79,4,11,5,0,0,2,1,53,122,31,119,90,432,4,3,2,6,12,33,11,4,55,4,14,51,4,7,8,1,1,1,0,141,117,1,498,16
3327363418,1504360027866,2750,9,2,2,1,1,2,1,0,432,4,11,81,7,4,103,4,14,64,4,11,74,12,4,6,1,0,2,0,51,84,119,238,420,497,4,3,5,4,11,96,4,7,6,4,12,4,4,14,11,4,2,2,0,429,67,157,412,238
3309166775,1503090778310,1886,9,2,2,2,2,2,2,0,9,11,4,238,4,14,75,4,12,236,7,4,267,3,4,3,0,0,0,0,55,154,31,38,18,44,4,3,15,4,7,79,4,14,113,11,4,91,14,4,10,3,1,1,0,57,40,141,43,117
3328332744,1504446161190,2016,9,1,1,2,1,1,2,0,157,4,14,40,4,3,21,7,4,107,11,4,86,4,12,9,3,1,1,0,61,18,117,516,141,201,3,4,236,4,7,32,4,11,122,4,12,238,14,4,4,0,0,2,0,240,36,6,61,119
3323137673,1504075418805,192,9,1,2,0,0,0,0,0,63,14,4,29,11,4,81,4,7,1,4,14,6,4,12,0,0,0,0,0,119,134,157,8,40,24,4,12,7,4,12,203,4,11,201,3,4,21,4,7,0,0,0,0,0,122,18,40,45,141
3324425197,1504141955485,1636,9,2,2,2,2,0,2,1,113,11,4,23,12,4,110,7,4,40,4,3,245,14,4,3,0,0,0,1,53,121,119,11,117,42,7,4,81,4,21,223,4,21,86,12,4,64,11,4,11,4,0,3,0,53,75,238,67,141
3316155243,1503569417391,1841,9,2,1,2,2,2,2,2,21,7,4,55,4,3,122,4,12,516,3,4,56,11,4,1,0,0,0,0,119,29,134,40,75,131,11,4,238,14,4,236,4,7,8,12,4,497,3,4,6,2,1,3,1,18,157,40,31,141
3325279098,1504210188192,1763,9,1,2,2,1,0,2,2,202,7,4,25,3,4,42,4,3,20,4,11,23,4,12,8,1,0,1,0,31,24,4,122,429,114,12,4,254,11,4,67,7,4,163,4,7,1,3,4,2,0,0,1,1,53,122,90,29,18
3296097994,1502281513414,196,9,2,1,0,0,0,0,0,157,4,12,131,11,4,121,3,4,202,4,7,61,4,14,0,0,0,0,0,67,122,238,154,105,236,12,4,1,12,4,102,4,11,161,4,3,8,7,4,0,0,0,0,0,117,-1,122,238,31
3312121542,1503300918513,2331,9,1,2,2,1,1,1,0,115,4,12,16,3,4,29,7,4,98,4,12,11,11,4,8,2,2,3,0,121,157,429,40,55,8,4,14,18,7,4,43,4,14,141,4,11,27,4,12,5,0,0,1,0,114,150,33,40,117
3319955649,1503842604559,210,9,2,2,0,0,0,0,0,28,3,4,16,3,4,58,4,12,238,4,14,236,4,7,0,0,0,0,0,516,157,53,141,154,17,4,14,18,7,4,103,4,14,14,3,4,79,4,11,0,0,0,0,0,201,31,157,41,6
3290143753,1501852458242,943,9,1,1,0,0,0,1,0,141,4,12,115,12,4,21,7,4,53,4,3,59,11,4,0,0,0,1,0,51,23,238,5,157,11,11,4,412,4,14,18,4,7,150,12,4,91,4,14,0,0,0,0,0,119,84,25,121,29
3321388756,1503938070209,952,9,2,2,2,0,0,0,0,110,4,7,9,14,4,254,11,4,31,4,12,267,3,4,0,0,0,0,0,114,6,38,40,141,16,7,4,15,4,21,24,4,12,35,14,11,55,4,14,4,0,0,0,0,57,238,38,75,18
3319654159,1503801136042,1368,9,1,1,1,1,0,2,1,89,4,14,202,4,7,55,4,14,69,4,3,11,4,11,9,2,0,1,1,18,59,-1,57,90,92,12,4,516,4,11,67,4,7,268,4,1,40,3,4,0,0,0,1,0,29,117,90,58,238
3331372948,1504643940497,2919,9,2,1,2,2,2,2,0,498,11,4,61,12,4,516,11,4,267,4,3,421,11,4,7,1,1,0,0,-1,114,-1,201,40,245,14,4,113,11,4,48,12,4,67,4,7,412,3,4,9,4,1,5,0,6,69,141,51,157
3329784953,1504540081987,2230,9,2,1,2,2,2,2,1,18,4,7,24,12,4,16,4,3,61,4,12,516,4,11,4,0,0,0,1,67,161,29,-1,75,79,4,11,497,4,14,164,12,4,498,4,7,90,4,14,9,2,1,3,0,114,266,53,1,141
3317250546,1503607635715,1684,9,2,2,1,2,2,2,0,117,3,4,17,12,4,90,4,14,15,4,7,57,11,4,5,0,0,0,0,31,38,80,29,40,427,11,4,1,14,4,92,12,4,96,4,7,25,4,14,11,2,1,2,0,31,38,18,61,141
3321726228,1503956757778,2385,9,1,1,1,1,1,1,2,238,4,14,105,4,11,23,12,4,498,7,4,223,4,3,11,3,1,4,0,157,67,18,51,516,63,4,3,96,7,4,161,21,4,19,4,11,57,12,4,3,0,0,0,1,40,18,29,122,157
3326499641,1504302495029,1832,9,2,1,2,2,2,1,0,157,12,4,31,4,14,64,4,11,40,3,4,29,7,4,1,0,0,1,0,69,122,223,50,420,202,4,7,412,4,14,23,4,14,79,4,11,1,4,14,10,3,1,1,0,19,103,67,141,119
3325730570,1504228527520,2392,9,1,2,2,2,2,2,0,254,4,11,432,4,14,498,7,4,141,4,12,4,4,14,10,2,0,1,0,154,51,57,29,75,516,4,7,41,21,4,53,4,14,11,4,11,96,4,7,7,1,1,3,0,-1,114,113,40,157
3329126016,1504467387123,1521,9,1,1,1,1,1,1,1,75,12,4,41,14,4,89,3,4,113,4,11,429,7,4,10,2,1,2,1,29,31,141,105,119,37,4,3,8,12,6,79,4,11,99,12,4,498,7,4,0,0,0,0,0,238,121,157,105,64
3225530592,1497621172385,1424,9,2,2,2,2,0,2,2,29,4,7,157,12,4,26,4,14,28,4,11,238,14,4,0,0,0,0,0,117,60,96,412,85,34,4,3,121,11,4,21,4,3,202,7,4,114,4,12,9,1,0,2,1,105,51,55,122,498
3329004306,1504461715302,1932,9,2,2,2,2,0,1,2,92,11,4,41,4,12,10,4,12,40,4,3,67,7,4,2,0,0,2,0,31,90,33,57,51,122,4,12,63,4,14,117,7,4,18,21,4,72,11,4,8,2,0,1,1,114,24,157,29,141
3248976784,1499055975263,2092,9,1,1,1,1,1,2,0,23,12,4,201,4,14,245,4,14,29,4,7,20,4,11,10,2,1,1,0,24,238,157,11,35,134,4,14,99,4,3,86,14,4,21,4,7,64,4,11,5,0,0,2,0,122,61,420,11,53
3326330727,1504292390589,2243,9,2,1,1,2,2,1,0,58,4,14,412,3,4,22,7,4,203,4,11,238,4,14,3,0,0,3,0,16,18,31,90,117,126,4,14,29,7,4,24,4,11,267,3,4,27,12,6,5,1,1,2,0,69,18,67,113,40
3268249122,1500322633210,2153,9,1,2,1,1,1,1,1,238,4,14,11,11,4,10,12,4,74,4,7,45,7,4,8,2,2,3,1,498,119,24,23,105,37,4,3,103,14,4,86,4,12,254,11,4,67,4,7,4,0,0,0,0,53,24,51,114,63
3329536148,1504524592514,2249,9,2,2,2,2,0,2,0,29,4,7,64,4,11,78,4,12,99,21,4,497,4,14,3,0,0,0,0,122,11,89,81,238,157,12,4,110,4,7,45,12,4,1,4,14,53,4,11,9,1,0,3,0,23,126,103,25,122
3327899059,1504393093933,583,9,1,1,1,1,0,0,0,92,4,12,10,4,12,81,4,7,164,14,4,29,11,4,5,1,0,0,0,69,516,85,40,60,53,4,3,202,7,4,154,11,4,141,4,12,134,4,12,0,0,0,0,0,113,117,60,236,18
3316162457,1503567681870,2167,9,2,2,2,2,2,1,1,22,7,4,164,12,4,254,4,11,40,3,4,81,14,4,6,0,0,3,1,154,119,238,157,29,131,11,4,16,4,3,6,12,4,498,4,7,79,14,4,9,2,1,0,0,75,122,18,53,516
3327481341,1504367131873,2080,9,2,1,2,1,2,2,0,96,4,21,44,7,4,141,4,11,41,4,12,103,4,14,5,1,0,1,0,40,38,8,157,29,42,4,3,107,4,12,113,4,11,236,4,7,267,4,3,10,2,1,1,0,157,119,117,150,29
3326030906,1504275146875,1695,9,1,1,1,1,0,1,0,143,4,3,131,4,14,51,4,7,92,12,4,102,4,11,11,3,0,3,0,11,134,29,516,122,103,4,14,67,7,4,40,3,4,78,4,12,80,4,11,0,0,0,0,0,117,8,238,91,53
3286944827,1501612270989,2141,9,1,1,1,1,1,2,0,40,3,4,57,11,4,41,4,12,236,4,7,55,14,4,9,2,1,0,0,6,154,58,31,28,63,4,14,222,4,7,59,4,11,107,4,12,432,4,3,5,0,0,3,0,51,268,238,141,11
3228345899,1497764754221,1182,9,1,2,1,1,0,1,1,7,4,14,122,4,12,201,4,3,236,4,7,64,4,11,6,1,0,2,1,119,157,105,61,498,53,4,3,154,4,11,8,14,4,92,12,4,18,4,7,2,0,0,0,0,33,114,38,412,164
3328166975,1504436366519,197,9,2,1,0,0,0,0,0,497,4,3,84,4,12,67,7,4,64,11,4,13,12,4,0,0,0,0,0,154,18,103,29,40,58,12,4,222,4,7,113,11,4,238,4,14,412,4,3,0,0,0,0,0,141,81,157,122,51
3329274027,1504475618626,1585,9,2,2,2,2,2,2,0,497,14,4,254,11,4,18,4,7,157,4,14,54,4,12,1,0,0,1,0,8,238,90,117,154,91,14,4,24,12,4,236,4,7,40,4,3,516,4,11,11,4,1,2,0,238,29,16,117,113
3323933983,1504109780714,1732,9,2,1,2,2,2,1,0,222,4,7,48,12,4,16,3,4,107,11,4,134,14,4,0,0,0,1,0,498,31,91,92,114,121,4,11,59,4,14,51,4,7,157,12,4,17,4,3,9,1,1,1,0,67,238,29,53,20
3322316296,1503998213605,1810,9,1,1,2,1,1,2,0,141,4,11,25,4,14,67,4,7,58,4,12,497,3,4,7,1,1,1,0,117,31,19,105,18,86,4,12,432,4,14,429,7,4,59,4,11,103,14,4,5,0,0,2,0,29,31,114,157,40
3329177425,1504470520640,935,9,1,2,1,0,0,1,1,516,11,4,55,14,4,16,4,3,21,7,4,14,4,12,1,0,0,1,1,-1,238,154,31,157,24,12,4,131,4,14,33,11,4,40,3,4,81,7,4,0,0,0,0,0,29,122,31,201,36
3321276666,1503931429521,2491,9,1,1,1,1,1,1,1,103,14,4,92,12,4,25,4,3,67,4,7,141,4,11,11,5,1,4,1,18,122,29,31,90,21,7,4,32,4,11,150,4,12,412,4,3,112,4,6,3,0,0,0,0,117,75,58,114,238
3329861401,1504544230191,1981,9,2,1,2,2,2,2,0,55,14,4,92,12,4,222,7,4,16,3,4,56,4,11,2,0,0,1,0,64,105,245,23,61,36,4,12,29,7,4,127,14,4,31,11,4,63,4,14,10,2,1,3,0,90,57,105,67,40
3324582864,1504177323217,2136,9,2,2,2,2,0,2,0,120,4,11,53,14,4,75,4,12,498,7,4,69,1,4,2,0,0,0,0,11,21,157,105,516,92,12,4,202,4,7,45,4,14,27,4,3,59,4,11,9,2,0,4,0,122,67,18,119,11
3329151229,1504468504514,1737,9,1,2,2,1,1,2,2,39,4,12,498,4,7,40,4,3,74,14,4,120,11,4,7,1,1,0,0,31,141,238,16,19,55,4,14,121,4,11,429,7,4,412,3,4,122,12,4,5,0,0,3,1,38,18,113,61,114
3329106954,1504467168737,1974,9,1,2,1,2,1,1,1,202,7,4,33,11,4,157,4,14,6,12,4,101,14,4,10,2,1,2,1,31,240,16,57,18,267,3,4,92,4,12,29,4,7,79,11,4,38,4,12,4,1,0,1,0,238,18,105,141,40
3257789091,1499680285733,1217,9,1,1,1,0,0,2,0,64,11,4,236,7,4,40,4,3,157,12,4,25,4,12,4,0,0,0,0,114,51,24,20,154,202,7,4,19,4,12,103,4,14,267,3,4,121,11,4,0,0,0,1,0,53,119,114,154,92
3321325325,1503934142422,1670,9,1,1,1,1,1,1,1,245,4,12,53,14,4,41,4,12,18,7,4,57,11,4,11,3,1,2,1,29,119,31,157,238,102,4,11,99,21,4,39,4,12,43,4,3,202,4,7,0,0,0,0,0,143,6,141,119,19
3330870007,1504617004940,1745,9,2,2,2,2,2,2,0,18,4,7,122,12,4,40,3,4,10,4,11,43,21,4,1,0,0,0,0,67,157,92,91,29,238,14,4,57,4,11,497,3,4,240,4,12,498,4,7,11,4,1,3,0,11,157,8,92,412
3313638939,1503400373930,1607,9,1,1,2,1,1,1,1,53,3,4,203,11,4,99,4,14,222,7,4,35,12,14,6,1,1,3,1,24,67,18,1,84,48,4,12,62,4,11,55,4,14,202,7,4,412,3,4,3,0,0,0,0,122,105,113,85,6
3330902019,1504617065000,1328,9,1,2,1,1,0,1,1,67,4,7,28,11,4,23,4,12,117,4,14,42,4,1,11,3,0,1,1,57,18,38,31,29,61,4,7,113,4,11,266,4,14,16,3,4,498,4,7,0,0,0,0,0,24,34,497,40,238
3235146674,1498204072503,1647,9,1,2,1,1,1,1,0,10,4,14,29,7,4,117,3,4,103,14,4,28,4,11,11,3,1,3,0,23,3,245,154,51,412,3,4,157,14,4,5,11,4,110,7,4,86,12,4,1,0,0,0,0,91,114,420,119,53
3318753945,1503716639948,2149,9,1,1,1,1,2,2,2,50,12,4,267,3,4,110,4,7,26,4,14,64,4,11,8,2,0,3,0,29,119,75,18,55,236,4,14,16,3,4,90,4,6,498,7,4,19,11,4,5,0,1,2,1,141,412,157,31,40
3331450869,1504646846497,2293,9,1,1,2,2,1,2,2,21,7,4,33,11,4,19,3,4,91,14,4,68,12,4,9,3,1,0,0,141,40,31,29,412,115,4,21,113,11,4,267,3,4,8,6,4,51,4,7,6,2,1,3,1,122,92,103,141,31
3247401630,1498950274627,1637,9,1,1,1,1,1,1,0,157,4,14,60,4,11,53,3,4,21,7,4,54,12,4,8,1,1,2,0,17,67,4,154,24,86,4,12,81,3,4,51,4,7,19,11,4,122,4,3,1,0,0,0,0,99,89,497,420,84
3304010352,1502750538003,2429,9,2,1,1,2,2,1,2,161,4,21,39,12,4,412,4,14,67,4,7,20,4,11,5,0,1,2,0,31,57,122,59,157,40,4,3,22,4,7,92,12,4,113,4,11,38,4,12,9,2,1,3,1,79,31,75,29,53
3307510891,1502992034329,2131,9,2,2,2,2,2,2,2,498,4,7,122,4,12,497,14,4,64,4,11,38,12,4,4,0,0,2,0,31,40,18,238,157,17,14,4,60,11,4,69,4,21,15,4,7,117,3,4,9,2,2,2,1,19,154,27,40,6
3328636081,1504454613915,2316,9,2,2,2,2,2,1,0,498,4,7,131,11,4,497,3,4,103,14,4,266,4,12,4,0,0,2,0,31,18,238,75,53,45,12,4,412,4,3,15,3,4,245,4,12,2,11,4,9,1,1,2,0,24,238,105,141,11
3246226787,1498857195779,2213,9,1,2,1,1,2,1,0,89,4,14,51,4,7,120,6,11,67,4,12,99,4,14,7,1,0,1,0,75,23,498,11,238,103,14,4,10,12,4,18,7,4,53,3,4,28,4,11,6,0,1,3,0,157,29,122,17,238
3328300338,1504445552428,1986,9,2,2,2,0,0,2,0,223,4,3,21,14,4,154,4,11,26,4,12,86,4,12,3,0,0,0,0,119,53,202,420,61,163,4,14,40,4,3,157,12,4,238,11,4,15,7,4,5,0,0,2,0,28,11,53,122,51
3319418416,1503779754961,1631,9,1,1,2,1,0,2,1,115,14,4,267,4,12,157,4,12,29,11,4,11,12,4,9,1,0,1,1,64,74,122,141,99,61,3,4,102,11,4,103,4,14,516,12,4,236,4,7,2,0,0,1,0,498,53,134,114,64
3325567495,1504215882488,1643,9,2,1,2,2,2,2,2,75,12,4,9,11,4,89,4,3,112,4,21,22,4,7,1,0,0,0,0,157,31,67,122,86,20,12,4,81,7,4,57,4,11,498,4,7,117,4,3,11,3,1,2,1,114,122,238,412,51
3321362751,1503936078051,1846,9,1,2,2,1,2,2,0,238,14,4,96,7,4,117,4,3,254,4,11,92,4,12,11,3,0,1,0,29,122,23,141,6,64,4,11,40,3,4,67,4,7,157,4,12,103,14,4,2,0,1,2,0,119,31,-1,122,-1
3329257989,1504476412901,947,9,1,1,1,1,0,1,0,103,4,14,83,12,4,102,11,4,497,4,3,22,4,7,5,1,0,1,0,114,53,99,23,122,45,4,14,67,4,7,81,14,4,141,11,4,236,4,7,0,0,0,0,0,19,119,5,238,11
3323956997,1504111111569,1914,9,1,1,1,1,1,2,1,29,4,7,43,4,3,8,12,4,126,3,4,79,11,4,7,2,1,2,1,18,57,157,40,80,412,14,4,35,11,14,150,12,4,61,12,4,96,4,7,2,0,0,1,0,119,40,67,238,154
3329572161,1504526897066,1773,9,2,2,1,1,0,1,0,91,4,12,516,4,11,202,7,4,37,3,4,61,14,4,6,2,0,2,0,40,53,157,84,18,24,4,12,67,4,7,99,14,4,134,4,14,29,4,11,9,2,0,1,0,57,238,60,53,157
3330151935,1504559626643,1906,9,2,2,2,2,0,1,0,32,4,11,17,4,14,105,4,14,37,3,4,498,4,7,3,0,0,2,0,157,91,18,238,92,29,4,7,34,4,12,141,4,11,35,4,12,25,14,4,11,3,0,2,0,119,24,238,99,122
3215526825,1496949463504,1904,9,1,1,1,1,2,1,0,19,11,4,86,4,14,222,7,4,55,4,14,89,4,3,11,3,0,3,0,238,105,122,64,11,92,4,11,81,7,4,136,12,4,412,4,3,23,14,4,1,0,1,0,0,157,7,51,497,1
3325089392,1504207513547,2165,9,1,1,2,1,0,1,0,75,4,12,37,4,3,22,4,7,245,4,12,5,14,11,8,1,0,3,0,53,134,119,420,1,11,4,11,25,14,4,498,4,7,10,4,12,76,7,4,4,0,0,0,0,99,53,114,164,55
3328366044,1504447434556,1811,9,2,2,2,2,2,2,0,32,4,11,90,12,4,29,4,7,36,4,12,16,3,4,0,0,0,0,0,67,75,141,31,119,96,12,4,1,4,12,58,4,14,53,4,3,64,4,11,11,3,1,2,0,7,119,122,40,80
3330222107,1504563527385,1706,9,2,1,2,2,2,2,2,163,4,3,85,4,12,29,4,7,53,14,4,79,11,4,2,0,0,0,0,7,141,60,516,121,37,3,4,498,4,7,10,4,12,30,4,11,238,4,14,11,3,1,2,1,96,38,-1,117,40
3321468324,1503943629517,2325,9,1,2,1,1,1,1,1,19,11,4,164,12,4,42,7,4,53,4,14,238,4,14,10,2,2,4,1,29,40,113,58,114,35,14,11,81,4,7,57,4,12,16,4,3,105,4,14,0,0,0,0,0,126,40,55,157,90
3309263409,1503093652693,1640,9,1,2,1,1,1,1,2,60,11,4,37,4,3,429,4,7,58,4,12,126,4,12,11,3,1,3,0,59,117,40,18,498,24,4,12,268,1,4,497,4,14,64,4,11,110,4,7,3,0,0,0,1,7,-1,40,117,31
3329074154,1504464389685,1703,9,1,1,1,1,0,2,0,16,4,3,18,7,4,45,4,12,8,4,12,113,11,4,10,2,0,2,0,40,19,122,29,157,161,1,4,60,11,4,24,12,4,96,4,7,117,4,3,0,0,0,1,0,40,80,141,31,67
3323882344,1504106662930,1374,9,1,1,1,1,0,1,1,432,4,14,236,4,7,75,4,12,141,11,4,99,4,3,7,1,0,1,1,40,154,18,57,31,54,11,4,202,7,4,267,3,4,80,4,14,157,4,14,0,0,0,0,0,67,19,29,119,122
3280265176,1501144589253,2580,9,1,1,1,1,0,2,0,86,4,12,105,4,11,74,4,14,122,4,3,14,4,7,10,2,0,1,0,157,1,6,84,51,238,4,14,141,4,11,25,3,4,202,4,7,57,4,12,6,0,0,2,0,19,114,51,53,84
3314297895,1503434719685,2482,9,1,1,1,1,1,1,0,56,4,11,202,7,4,412,4,14,134,4,14,6,4,12,6,1,1,3,0,157,40,67,432,114,53,14,4,110,7,4,90,12,4,141,11,4,126,4,12,4,0,0,1,0,16,157,22,154,164
3245270124,1498827040525,2144,9,1,2,2,2,2,2,0,126,4,12,29,4,7,53,3,4,102,4,11,38,14,4,8,1,1,0,0,238,154,84,24,157,25,4,3,119,4,7,245,14,4,35,14,11,58,4,12,7,1,1,4,0,122,103,51,498,114
3326856087,1504348210587,2455,9,1,1,1,2,2,1,0,23,6,12,61,14,4,267,3,4,4,4,7,33,4,11,11,6,2,5,0,122,40,55,114,18,16,3,4,119,4,7,79,4,11,8,4,6,35,14,12,4,1,1,0,0,238,7,42,117,59
3330655054,1504603609806,2023,9,1,1,2,1,1,2,0,103,4,14,96,4,7,141,11,4,31,12,4,117,4,3,9,3,1,0,0,79,92,113,53,238,412,4,14,41,12,4,119,4,7,157,4,14,33,4,11,9,1,0,2,0,59,61,40,164,53
3299352954,1502485315148,2625,9,1,1,1,1,2,1,1,79,4,12,141,4,11,157,4,14,40,3,4,498,4,7,8,3,1,4,1,90,18,75,31,38,61,4,3,33,4,11,84,4,12,29,4,7,267,4,3,4,1,1,0,0,113,117,105,31,57
3325876329,1504267287211,2530,9,1,2,2,1,1,2,0,22,7,4,86,4,12,107,11,4,38,4,12,40,4,3,11,4,2,2,0,11,157,117,412,6,45,4,12,59,4,11,141,4,14,497,3,4,236,4,7,3,0,0,2,0,105,18,19,238,119
3317433552,1503619761897,1987,9,1,1,1,1,0,1,0,43,4,3,113,4,11,150,12,4,126,12,4,222,7,4,11,3,0,3,0,201,420,31,157,119,154,4,11,202,4,7,40,3,4,82,4,12,112,14,4,2,0,0,0,0,18,236,53,38,90
3320856325,1503873785618,1354,9,1,2,1,1,0,1,0,254,4,11,150,4,12,105,14,4,498,4,7,497,4,3,7,1,0,1,0,266,18,7,67,122,96,4,7,141,4,14,64,11,4,53,4,14,75,4,12,2,0,0,0,0,40,238,57,19,29
3318136615,1503693365599,1518,9,1,1,1,1,0,1,1,18,7,4,64,11,4,27,6,12,115,4,21,432,4,14,8,1,0,1,1,516,57,157,59,238,4,6,4,74,12,4,33,11,4,67,4,7,20,3,4,2,0,0,0,0,141,238,57,154,90
3328968429,1504460451345,1945,9,2,1,1,2,1,1,0,113,11,4,75,4,12,103,4,14,53,3,4,18,7,4,5,0,1,3,0,6,80,119,17,64,25,4,14,92,12,4,67,4,7,24,11,4,44,4,3,9,1,0,1,0,17,11,105,6,157
3320982076,1503884919142,1738,9,2,2,2,2,0,1,1,53,4,3,79,11,4,236,4,14,29,7,4,516,4,12,3,0,0,1,1,2,39,18,105,157,117,3,4,98,12,4,104,4,11,4,4,3,67,7,4,8,1,0,2,0,119,105,157,31,18
3321079872,1503918772889,1375,9,2,2,2,2,2,2,2,150,4,12,18,4,7,236,4,1,60,11,4,161,3,4,2,0,0,0,0,38,19,126,429,141,4,7,4,59,12,4,64,4,11,53,4,14,498,7,4,6,1,1,2,1,96,412,29,141,38
3324458184,1504168431646,1928,9,1,1,1,1,1,1,0,267,3,4,41,3,4,238,14,4,96,7,4,59,11,4,9,1,1,2,0,122,154,29,141,222,21,4,7,39,4,12,33,4,11,245,4,12,40,3,4,0,0,0,0,0,18,122,57,157,55
3240499861,1498519349096,2605,9,1,2,1,1,2,2,0,222,7,4,83,12,4,99,3,4,238,14,4,9,4,11,9,2,1,0,0,23,53,157,105,60,25,3,4,38,4,12,29,4,11,98,12,4,42,7,4,7,1,2,4,0,114,154,51,105,53
3292324609,1502026907222,2231,9,2,2,1,2,2,2,1,80,4,11,498,7,4,91,4,14,86,4,12,143,4,3,5,0,0,1,1,55,157,75,29,53,103,14,4,89,4,3,429,7,4,154,4,12,141,4,11,9,2,1,3,0,412,53,157,114,55
3330018063,1504553530384,205,9,1,1,0,0,0,0,0,77,14,4,53,11,4,74,12,4,498,7,4,497,4,3,0,0,0,0,0,141,75,64,82,6,57,4,11,412,3,4,22,4,7,91,14,4,92,4,12,0,0,0,0,0,61,39,120,119,157
3321563778,1503947749927,2201,9,1,1,1,1,1,1,0,63,4,14,90,3,4,67,7,4,92,12,4,64,11,4,10,3,1,2,0,18,31,7,157,24,99,4,21,44,3,4,113,4,11,39,4,12,222,7,4,3,0,0,1,0,420,238,54,40,119
3326339214,1504294706357,2238,9,1,2,2,1,1,1,0,4,14,4,67,7,4,412,3,4,64,4,11,86,4,12,9,2,1,2,0,31,18,40,516,29,81,4,7,14,4,12,55,4,21,201,4,3,28,14,11,6,0,0,0,0,154,39,113,18,117
3282754640,1501338946439,1482,9,1,2,1,1,1,1,1,2,6,11,90,14,4,27,12,4,67,7,4,201,3,4,11,2,1,2,1,31,84,238,126,154,115,7,4,75,4,12,29,7,4,412,14,4,141,4,11,0,0,0,0,0,7,64,154,57,122
3253755092,1499370789435,1855,9,2,2,2,2,0,2,0,119,4,12,103,4,14,107,11,4,89,14,4,98,12,4,0,0,0,0,0,53,105,1,11,157,3,14,4,22,4,7,25,14,4,54,4,12,76,11,4,9,1,0,3,0,154,29,238,420,51
3329989766,1504551680627,2414,9,1,1,2,1,1,1,0,62,11,4,61,4,1,51,7,4,497,3,4,35,14,12,11,4,1,5,0,238,154,113,412,516,34,4,12,432,4,14,119,4,7,203,11,4,84,14,4,5,0,0,0,0,114,53,157,23,64
3330016936,1504553299174,1392,9,2,1,2,2,2,2,0,516,4,12,429,7,4,7,12,4,40,3,4,107,4,11,0,0,0,0,0,157,18,150,31,96,427,4,11,498,7,4,37,3,4,240,12,4,90,4,12,11,3,1,2,0,122,141,157,238,18
3323311509,1504092841317,2174,9,1,2,2,1,1,2,1,113,4,11,67,4,7,23,4,12,25,4,14,99,4,7,8,1,1,1,1,122,11,516,238,18,63,4,14,96,7,4,8,12,4,154,11,4,267,4,3,4,0,0,1,0,141,50,117,119,51
3327227121,1504355507021,1504,9,1,1,1,1,0,2,1,21,7,4,5,11,4,99,4,7,236,3,4,45,12,4,10,3,0,0,1,122,67,105,24,141,223,3,4,64,4,11,23,12,4,238,14,4,29,4,7,0,0,0,1,0,60,131,11,122,25
3283995149,1501421190830,1647,9,1,1,1,1,0,1,1,50,4,14,75,4,12,64,4,11,15,4,7,412,4,3,9,2,0,2,1,238,58,122,154,157,141,4,12,1,14,4,497,4,14,498,7,4,121,4,11,1,0,0,0,0,238,7,157,134,6
3289006903,1501775879873,1356,9,1,2,1,1,0,1,0,4,1,4,41,4,12,40,3,4,236,7,4,5,11,4,9,2,0,1,0,141,114,29,119,113,2,11,6,164,12,4,412,3,4,429,7,4,1,1,4,0,0,0,0,0,7,31,38,92,18
3316406645,1503585958982,2044,9,2,1,2,2,1,2,1,19,11,4,119,7,4,516,12,4,61,6,4,497,3,4,2,0,1,0,1,103,498,117,105,55,201,3,4,157,14,4,427,11,4,23,6,12,21,4,7,10,3,1,4,0,40,57,238,117,141
3327713376,1504379841694,1455,9,2,1,2,2,0,2,0,23,12,4,105,4,14,16,3,4,15,7,4,79,4,11,2,0,0,0,0,53,59,55,122,157,45,4,14,18,4,7,201,4,3,11,11,4,92,12,4,8,1,0,1,0,90,55,119,238,1
3311238702,1503237514332,1252,9,2,1,1,0,0,2,2,67,4,7,236,4,7,157,4,12,89,3,4,64,11,4,2,0,0,0,0,412,19,31,141,238,497,3,4,498,4,7,36,12,4,134,21,4,102,4,11,6,0,0,2,1,75,90,23,119,31
3329965567,1504550220047,1356,9,1,1,1,1,0,1,1,33,4,11,34,4,12,67,7,4,412,3,4,75,12,4,7,2,0,2,1,25,117,238,105,150,236,4,1,267,3,4,21,4,7,24,4,12,79,4,11,0,0,0,0,0,57,-1,497,31,119
3329063164,1504463896831,2330,9,2,2,1,2,2,1,0,18,4,7,24,4,12,3,4,21,107,4,11,267,4,3,5,0,1,2,0,141,103,29,92,119,236,4,7,412,3,4,39,4,12,69,4,12,154,4,11,10,2,1,2,0,117,2,141,157,40
3284140141,1501431207025,1425,9,1,1,1,1,1,1,1,267,3,4,67,4,7,68,12,4,245,12,4,5,4,11,8,2,1,2,1,412,60,122,157,55,32,11,4,89,4,14,15,7,4,27,6,12,91,4,14,0,0,0,0,0,51,31,7,157,6
3325939811,1504271773500,1232,9,2,2,2,0,0,2,0,77,11,4,136,4,3,222,4,7,14,4,12,201,4,3,0,0,0,0,0,86,89,53,157,122,55,14,4,54,12,4,267,3,4,22,7,4,64,11,4,2,0,0,1,0,53,92,157,245,60
3318146751,1503693572947,1123,9,2,1,2,2,0,2,2,11,4,11,79,12,4,67,4,7,99,4,21,412,4,3,0,0,0,0,0,40,31,18,516,238,34,4,14,429,4,7,90,4,6,19,4,11,122,12,4,9,2,0,2,1,117,119,57,157,40
3326391251,1504295263144,1787,9,1,1,1,1,0,1,1,79,4,12,102,4,11,161,21,4,497,4,7,236,21,4,8,2,0,3,1,238,40,31,141,157,119,4,7,117,4,3,33,4,11,39,12,4,17,14,4,3,0,0,0,0,412,134,24,75,31
3304096631,1502754930646,2040,9,1,2,1,0,1,1,1,77,11,4,119,7,4,157,12,14,84,4,14,412,3,4,4,0,1,2,1,11,86,53,51,74,141,11,4,39,4,12,238,4,14,22,4,7,37,3,4,1,0,0,1,0,133,17,51,21,86
3312049555,1503294935304,1538,9,1,1,2,1,1,1,2,222,4,7,150,12,4,432,4,14,64,11,4,134,4,6,9,2,1,2,0,38,16,141,19,18,90,14,4,40,3,4,14,4,11,96,4,7,80,4,14,2,0,0,0,1,119,29,23,238,31
3246221023,1498855747966,2266,9,1,1,2,2,2,2,2,222,7,4,44,4,3,17,4,12,238,14,4,266,11,4,11,5,0,1,0,84,63,53,11,157,1,14,4,24,4,11,89,3,4,119,4,7,31,4,12,6,2,2,2,1,5,53,105,25,23
3322998918,1504042215287,1801,9,1,1,1,1,1,1,0,103,4,14,60,4,11,75,4,12,201,4,3,236,7,4,11,4,1,3,0,29,157,55,122,53,115,21,4,113,4,11,40,4,3,68,12,4,96,4,7,1,0,0,0,0,105,11,114,3,67
3329822991,1504542048191,2328,9,1,1,1,1,2,2,0,80,4,14,498,7,4,44,4,3,134,4,14,29,4,11,9,2,1,3,0,53,75,105,19,31,103,4,14,497,4,3,2,6,11,236,7,4,150,4,12,4,0,1,1,0,18,31,516,61,64
3294742715,1502192560629,1918,9,1,1,2,1,1,2,1,119,4,7,61,7,4,53,4,14,76,4,11,150,4,12,9,1,1,2,1,29,121,113,141,31,51,7,4,40,3,4,59,4,11,58,4,12,163,7,4,5,0,0,2,0,412,38,18,57,79
3231425616,1497970455229,1676,9,2,2,2,2,2,1,0,85,4,12,111,14,4,79,11,4,51,7,4,238,4,14,2,0,0,1,0,105,119,154,96,117,64,4,11,202,4,7,53,4,14,126,4,12,13,4,12,10,3,1,1,0,38,154,157,114,8
3321610848,1503949628110,911,9,1,1,1,0,0,1,0,113,11,4,114,4,12,89,4,3,75,4,14,51,4,7,2,0,0,2,0,92,105,101,119,122,1,4,14,53,4,3,498,4,7,516,4,12,59,11,4,0,0,0,0,0,33,31,40,29,141
3287742619,1501690067592,2124,9,2,2,2,2,2,2,2,18,4,7,102,14,11,4,6,4,150,12,4,53,3,4,5,0,0,3,0,141,236,67,154,157,84,14,4,40,4,3,6,7,4,111,12,4,5,11,4,10,3,2,2,1,268,85,51,31,57
3221808148,1497365849267,1870,9,1,2,1,1,1,1,1,7,4,14,81,7,4,114,4,12,53,14,4,120,6,11,10,2,1,2,1,498,3,105,19,157,497,4,14,104,11,4,98,4,12,202,4,7,115,21,4,2,0,0,0,0,60,154,64,38,117
3262639206,1499969744989,2187,9,1,1,1,1,1,2,1,202,4,7,34,12,4,412,14,4,29,4,11,245,4,12,10,3,1,1,1,19,55,79,154,38,60,11,4,157,4,14,83,4,12,267,3,4,18,7,4,5,0,1,3,0,141,114,1,92,38
3326136057,1504282164049,2224,9,1,1,1,1,1,1,1,99,21,4,24,4,11,222,4,7,16,4,7,114,4,12,10,3,1,1,1,157,17,11,63,61,106,12,4,432,4,14,202,4,7,76,14,4,23,11,6,3,0,0,1,0,105,420,86,119,91
3329004623,1504461799541,2265,9,2,2,2,2,2,2,0,44,3,4,54,11,4,105,14,4,202,7,4,92,12,4,3,0,0,1,0,238,75,31,11,157,33,11,4,67,4,7,84,4,12,69,4,21,412,3,4,11,4,2,3,0,11,238,141,90,61
3326384613,1504296042375,2088,9,2,1,2,2,0,1,0,2,6,12,96,4,7,141,4,11,117,3,4,61,3,4,3,0,0,1,0,121,1,238,38,23,75,6,12,24,4,11,105,4,14,202,7,4,16,4,3,8,1,0,1,0,114,516,53,157,29
3330011788,1504551992624,1362,9,1,2,1,1,0,1,1,222,4,7,101,21,4,120,6,11,267,3,4,67,12,4,8,1,0,1,1,58,105,53,21,157,203,11,4,45,7,4,4,4,14,202,4,21,117,4,7,0,0,0,0,0,122,75,119,238,40
3322932345,1504037485204,1623,9,2,2,2,2,2,2,0,34,4,14,150,12,4,154,11,4,74,4,3,17,4,7,1,0,0,0,0,19,86,119,53,38,236,4,7,36,4,12,40,4,3,78,4,11,31,4,12,9,2,1,1,0,126,157,53,117,238
3322671726,1504022925148,1832,9,1,1,1,1,2,2,2,240,4,12,34,4,6,29,7,4,62,4,11,117,14,4,10,2,0,0,0,64,90,59,40,157,10,4,3,37,4,21,498,4,7,254,4,11,31,4,12,4,0,1,3,1,40,238,19,57,412
3328054383,1504422978558,1401,9,1,2,1,1,1,2,1,30,4,12,161,14,4,516,12,4,18,4,7,32,11,4,10,2,1,2,1,119,154,121,31,40,497,14,4,58,4,12,5,11,4,45,4,21,29,4,7,1,0,0,1,0,126,113,31,150,34
3319112100,1503758936166,2315,9,2,2,1,2,2,1,2,92,4,12,59,11,4,84,12,4,115,14,4,21,4,7,6,0,0,1,0,6,122,31,154,238,29,11,4,117,3,4,516,4,3,222,4,21,24,12,4,11,3,2,3,1,31,238,8,122,157
3317092175,1503600735539,998,9,1,1,1,0,0,1,2,55,4,14,254,11,4,40,4,3,18,7,4,3,12,4,2,0,0,1,0,51,117,58,157,122,27,6,12,141,11,4,103,14,4,37,4,14,222,4,7,0,0,0,0,1,29,245,11,17,89
3328513829,1504451367997,1063,9,1,1,1,1,0,1,1,85,4,12,76,11,4,236,4,7,412,4,14,38,4,12,10,2,0,1,1,117,29,497,40,157,55,4,14,86,14,4,432,3,4,498,7,4,141,4,11,0,0,0,0,0,119,18,29,16,154
3326398165,1504296971893,2713,9,1,1,1,1,1,2,1,64,12,4,19,11,6,81,7,4,16,4,3,112,7,4,10,3,1,2,1,150,105,6,119,75,92,4,12,267,4,14,96,7,4,141,11,4,134,12,4,4,0,0,2,0,40,119,238,29,10
3285709627,1501529810306,986,9,1,2,1,0,0,0,0,48,3,4,421,11,4,98,12,4,99,21,4,18,4,7,2,0,0,0,0,154,58,92,64,164,236,7,4,103,14,4,201,4,3,41,4,12,11,4,11,0,0,0,0,0,141,157,51,6,238
3323447314,1504101866214,2476,9,2,1,1,1,2,2,0,55,4,14,516,4,3,78,4,11,18,7,4,240,4,12,6,1,0,2,0,31,114,154,29,157,412,14,4,103,14,4,67,4,7,17,4,12,102,11,3,11,2,2,3,0,31,157,40,432,19
3305473629,1502834263841,1644,9,1,2,1,1,1,2,0,5,4,11,44,4,14,45,4,14,23,4,12,222,4,7,10,2,1,1,0,238,119,114,53,24,21,4,7,25,4,3,86,4,14,102,11,4,103,14,4,2,0,0,2,0,157,11,141,420,53
3322312144,1503995044721,1834,9,1,1,1,1,2,1,0,92,12,4,51,4,7,245,4,14,40,4,3,24,4,11,8,2,0,1,0,55,53,75,122,238,267,4,3,222,4,7,120,6,11,68,21,4,150,4,12,1,0,1,2,0,75,117,28,238,64
3329008241,1504462701567,1169,9,2,1,2,0,0,2,2,429,4,7,161,4,7,141,4,12,412,14,4,24,11,4,1,0,0,0,0,31,113,18,497,29,157,4,14,119,4,7,80,12,4,57,4,11,12,4,14,5,0,0,1,1,126,40,96,117,114
3285300528,1501503851752,1783,9,1,1,1,1,0,2,1,141,4,11,81,4,7,44,3,4,74,3,4,59,4,12,8,2,0,1,1,119,157,31,154,29,25,4,3,103,4,14,54,4,12,102,4,11,51,7,4,1,0,0,2,0,48,31,86,90,119
3322455614,1504011675706,2542,9,2,2,2,1,1,2,0,18,7,4,497,3,4,99,21,4,32,11,4,80,4,14,5,1,1,1,0,24,29,412,11,113,79,4,11,39,12,4,34,14,4,119,7,4,236,4,1,11,3,1,4,0,117,516,40,31,157
3330247089,1504566149220,1478,9,1,2,1,1,0,1,0,61,21,4,26,4,3,18,4,7,64,11,4,114,4,12,6,1,0,1,0,-1,113,40,29,497,3,4,12,96,7,4,81,4,11,53,4,3,7,12,4,2,0,0,0,0,29,-1,57,516,157
3301960927,1502639817249,2206,9,2,2,2,2,2,2,1,9,14,4,498,4,7,6,4,12,141,4,11,245,4,14,3,0,0,0,1,75,18,157,122,105,99,21,4,64,11,4,22,4,7,37,4,3,17,12,4,10,2,1,3,0,119,105,157,238,80
3317029607,1503599783563,1127,9,2,2,2,0,0,1,2,79,4,11,51,4,7,19,12,4,37,3,4,61,4,6,0,0,0,1,0,157,238,119,40,18,103,14,4,98,4,12,141,11,4,63,14,4,202,4,7,4,0,0,0,1,92,53,154,31,157
3326322050,1504292558207,1359,9,1,2,1,1,1,1,1,19,11,4,4,14,4,67,7,4,412,3,4,74,4,12,10,1,1,2,1,31,41,18,154,29,119,4,7,64,4,11,77,4,14,30,3,4,12,4,3,0,0,0,0,0,40,31,18,117,516
3219431265,1497205476162,2003,9,2,2,2,2,2,1,2,61,4,6,79,4,11,114,12,4,29,4,7,43,4,3,3,0,0,2,0,113,245,154,53,119,67,7,4,143,4,3,254,11,4,80,4,14,134,6,4,11,3,1,1,1,11,154,23,55,58
3322754130,1504029528887,1531,9,2,1,2,2,2,1,0,157,4,14,432,11,4,24,12,4,53,4,3,18,7,4,1,0,0,1,0,122,90,25,28,117,26,4,3,21,4,7,59,4,11,92,4,12,42,4,3,11,3,1,1,0,119,75,40,117,238
3312233489,1503313262948,2268,9,2,1,2,2,2,1,0,91,14,4,427,11,4,412,3,4,67,4,7,245,4,14,1,0,0,1,0,90,157,11,41,75,42,4,3,17,12,4,29,4,7,89,4,3,6,4,11,11,3,1,0,0,119,238,86,157,24
3327410058,1504364339949,2498,9,2,1,1,1,2,2,2,75,4,12,81,4,7,111,4,3,105,4,14,79,11,4,8,1,0,0,0,18,163,80,238,113,72,4,11,10,4,12,25,3,4,99,21,4,15,4,7,9,1,2,4,1,57,40,29,157,18
3300537596,1502550568334,2075,9,1,1,1,1,1,1,0,141,4,11,18,4,7,157,4,14,412,4,14,54,12,4,11,2,1,2,0,80,126,-1,154,12,35,11,14,1,4,14,21,7,4,40,3,4,14,12,4,4,0,0,1,0,53,67,238,11,75
3328082322,1504429076518,1590,9,1,1,1,1,0,2,0,117,4,3,254,4,11,222,4,7,41,4,12,163,21,4,10,2,0,0,0,141,53,238,29,-1,516,4,11,412,4,3,119,7,4,91,4,14,114,12,4,1,0,0,3,0,122,67,55,18,75
3322461474,1504010180633,1469,9,2,2,1,0,0,2,0,86,4,14,59,4,11,412,4,14,42,1,4,22,4,7,2,0,0,0,0,429,114,12,18,117,4,4,7,29,4,7,43,4,3,121,4,11,57,4,12,5,0,0,2,0,33,40,117,113,31
3329534267,1504523814222,1281,9,1,1,1,0,0,1,1,7,4,14,141,12,4,117,7,4,48,11,4,96,4,21,5,0,0,2,1,31,67,29,40,75,18,7,4,53,4,3,134,12,4,57,4,11,54,12,4,0,0,0,0,0,29,122,40,31,16
3266830870,1500230513265,3160,9,2,2,2,2,1,1,2,51,7,4,91,4,11,117,14,4,150,4,12,31,14,4,8,2,1,4,0,67,432,38,157,11,236,7,4,29,11,4,58,4,12,78,4,3,63,4,6,10,6,2,1,1,154,27,84,119,33
3329675887,1504534625615,1543,9,1,1,1,1,1,1,1,61,6,4,67,4,7,16,4,3,24,12,4,59,11,4,8,2,1,1,1,92,157,33,40,103,23,12,4,113,4,11,81,4,7,267,3,4,42,4,7,2,0,0,0,0,40,117,18,31,150
3288534637,1501716902184,1630,9,2,1,1,2,0,0,0,23,4,12,22,4,7,38,12,4,412,4,3,14,4,11,1,0,0,0,0,114,42,238,31,119,92,4,12,61,21,4,154,11,4,18,7,4,53,4,11,8,1,0,0,0,238,57,141,8,91
3304235876,1502778735445,1288,9,1,1,1,0,0,1,0,119,4,7,127,4,21,240,4,14,31,4,11,89,3,4,4,0,0,2,0,105,412,114,51,53,432,3,4,120,4,11,163,4,14,17,4,12,67,4,7,0,0,0,0,0,53,157,11,238,141
3311960443,1503273675297,2312,9,2,2,2,1,1,2,2,59,11,4,236,4,7,16,3,4,107,4,14,245,4,12,5,1,1,0,0,18,31,117,53,57,114,12,4,40,3,4,55,4,12,429,7,4,79,4,11,10,2,1,4,1,117,38,119,29,92
3218631549,1497138124833,1514,9,1,1,2,1,1,2,1,3,4,12,24,11,4,119,7,4,81,4,14,432,4,3,8,1,1,1,1,17,11,117,120,498,113,4,11,267,3,4,163,4,14,51,7,4,240,12,4,5,0,0,1,0,105,64,28,157,154
3323959987,1504111911653,2452,9,1,2,2,1,1,2,2,32,11,4,201,4,3,27,4,12,18,4,7,41,4,12,10,4,1,2,0,238,24,81,122,157,117,3,4,23,4,12,96,7,4,64,11,4,103,4,14,6,0,0,2,1,53,1,90,92,29
3270356690,1500464605599,1731,9,1,2,2,1,0,1,0,240,4,12,51,7,4,19,11,4,99,4,21,432,14,4,11,3,0,2,0,11,119,122,157,412,202,4,7,53,3,4,105,4,14,121,4,11,21,4,12,2,0,0,0,0,60,64,154,38,157
3221346901,1497349719066,1991,9,1,2,2,1,1,1,0,8,6,4,23,12,4,51,7,4,267,3,4,64,11,4,11,4,1,2,0,53,114,103,131,105,6,4,7,161,3,4,29,11,4,134,14,4,3,4,12,2,0,0,1,0,11,117,107,157,154
3317687960,1503665163721,1779,9,2,2,1,2,2,2,0,516,12,4,121,4,11,498,4,7,38,12,4,497,4,14,2,0,0,0,0,60,117,16,18,40,82,14,4,412,3,4,238,4,14,85,12,4,59,11,4,9,2,1,3,0,18,90,57,40,29
3322715299,1504026888519,1442,9,2,1,2,2,2,2,2,16,3,4,163,3,4,75,6,12,51,4,7,35,11,14,0,0,0,0,0,516,40,57,79,36,102,11,4,15,4,7,68,12,4,238,4,14,117,14,4,11,3,1,3,1,18,31,29,141,67
3229894997,1497867747582,2741,9,2,2,2,2,2,2,2,59,4,12,121,11,4,4,4,14,51,4,7,40,3,4,8,1,0,1,0,134,154,105,122,3,412,4,3,236,7,4,79,11,4,61,21,4,41,4,12,8,3,2,4,1,114,11,157,154,38
3287019564,1501616645138,2075,9,2,2,2,2,2,2,0,40,3,4,38,4,14,22,7,4,14,4,12,11,4,11,3,0,0,0,0,23,119,86,141,131,53,3,4,81,4,7,31,12,4,1,4,14,121,4,11,9,2,1,3,0,114,79,64,157,117
3284477594,1501447693930,2273,9,1,1,1,1,1,2,1,157,4,14,43,4,7,40,4,3,86,12,4,72,4,11,9,2,1,1,1,164,498,51,154,141,119,4,7,134,4,14,114,4,12,36,4,14,11,4,11,7,1,0,3,0,82,154,6,122,51
3331283166,1504638810535,1944,9,2,1,1,1,2,1,1,429,7,4,117,14,4,126,4,12,61,6,4,113,4,11,8,2,0,1,1,498,31,18,29,40,9,4,11,141,12,4,161,1,4,16,4,3,96,4,1,9,2,1,2,0,40,29,12,412,18
3324107084,1504119873797,2472,9,2,2,1,2,2,2,0,103,4,7,107,11,4,42,4,12,22,4,7,43,14,4,2,0,0,0,0,157,11,122,18,40,114,4,12,412,3,4,74,4,21,110,4,7,64,11,4,11,4,2,3,0,238,516,106,53,96
3240396932,1498512084739,2429,9,2,1,1,2,2,2,0,79,11,4,236,4,7,91,4,14,78,12,4,89,4,14,5,0,0,0,0,76,85,92,154,412,43,3,4,69,21,4,96,4,7,13,3,4,35,11,14,9,1,1,3,0,64,134,498,119,105
3329338027,1504482097496,2115,9,2,1,1,2,2,1,1,412,4,3,67,7,4,121,11,4,2,4,12,238,4,14,4,0,0,3,1,32,31,516,11,157,1,4,12,91,4,14,64,4,11,69,3,4,17,7,4,9,2,1,1,0,141,7,122,157,16
3320677647,1503862158289,1577,9,1,1,1,1,0,1,0,61,7,4,72,4,11,202,4,7,254,11,4,157,4,12,6,1,0,2,0,141,238,67,516,18,69,4,6,267,4,3,498,4,7,54,12,4,2,11,6,1,0,0,1,0,51,40,119,105,90
3324295728,1504130729715,1383,9,1,2,1,1,1,1,1,96,4,7,102,11,4,117,3,4,150,12,4,134,3,4,11,3,1,2,1,31,40,8,24,29,9,11,4,16,3,4,157,12,4,238,4,14,67,7,4,0,0,0,0,0,80,51,75,40,57
3327868983,1504389697974,1524,9,1,1,1,0,1,1,0,4,4,6,154,11,4,18,4,7,69,4,1,37,3,4,7,0,1,2,0,157,240,141,57,7,497,4,3,498,4,7,121,11,4,99,21,4,31,12,4,0,0,0,0,0,19,238,40,114,90
3314957373,1503480241600,2208,9,2,2,2,2,2,1,2,24,12,4,20,4,3,245,12,4,21,4,7,64,11,4,3,0,0,1,0,131,238,53,67,119,57,12,4,51,4,7,11,11,4,55,14,4,99,7,4,11,3,1,3,1,63,17,157,83,420
3264194221,1500064371296,1803,9,2,2,2,2,2,2,2,64,11,4,18,7,4,78,4,12,45,4,12,26,4,3,2,0,0,2,0,53,134,141,154,122,77,11,6,86,12,4,412,4,3,202,4,7,99,4,21,8,1,1,2,1,67,8,122,131,154
3328490361,1504452788568,1651,9,1,1,1,1,0,1,0,110,4,7,267,3,4,62,12,4,121,11,4,8,12,4,7,1,0,2,0,114,53,24,122,238,44,4,12,245,4,12,157,4,11,18,7,4,40,4,3,2,0,0,0,0,31,117,57,67,113
3324935298,1504200788343,1214,9,2,2,1,2,0,2,0,68,12,4,29,4,11,157,14,4,18,7,4,117,3,4,1,0,0,0,0,238,57,119,31,141,79,14,4,40,3,4,202,4,7,121,4,11,92,4,12,8,2,0,1,0,16,113,61,114,122
3306196774,1502897522365,1709,9,2,2,2,2,2,1,2,266,4,12,2,6,11,15,4,7,96,12,4,43,3,4,0,0,0,2,0,24,40,157,16,38,432,4,3,67,7,4,4,4,6,236,12,4,121,4,11,11,3,1,0,1,117,51,113,40,91
3317500672,1503630337271,1742,9,1,2,2,1,1,1,0,67,7,4,62,14,4,55,4,14,10,3,4,102,4,11,11,3,1,3,0,103,157,59,31,141,238,4,14,83,12,4,11,4,11,21,7,4,143,4,3,2,0,0,0,0,40,16,157,117,33
3319969085,1503843634220,2120,9,2,2,2,2,2,2,2,75,12,4,67,7,4,412,3,4,254,3,4,69,4,21,2,0,0,1,0,157,17,119,53,122,89,3,4,29,4,11,110,7,4,61,4,14,240,12,4,11,3,1,3,1,25,80,119,238,105
3320573390,1503855658925,1212,9,1,2,1,0,0,1,1,42,7,4,51,7,4,27,12,6,19,4,11,40,3,4,4,0,0,2,1,11,-1,157,121,63,86,4,14,20,4,11,111,4,3,22,7,4,30,4,12,0,0,0,0,0,150,64,31,6,412
3330909129,1504619593129,1926,9,2,2,2,2,0,1,0,64,4,11,115,4,21,497,3,4,164,4,12,498,4,7,3,0,0,1,0,31,117,119,18,29,429,4,7,56,4,11,103,4,14,412,14,4,141,12,4,9,3,0,3,0,15,40,33,38,114
3240031300,1498494467254,1447,9,1,2,1,1,1,1,1,60,11,4,412,3,4,4,4,6,22,4,7,23,6,12,7,1,1,2,1,113,427,114,154,117,14,12,4,222,7,4,497,4,3,19,4,11,61,4,1,1,0,0,0,0,154,53,51,29,157
3311185145,1503232414110,1427,9,1,2,1,1,0,1,1,236,4,7,126,4,12,412,4,3,141,4,11,42,4,1,8,1,0,2,1,3,29,31,117,38,267,4,3,4,21,4,498,7,4,58,4,12,421,4,11,1,0,0,0,0,31,117,40,57,238
3313433576,1503359040425,1668,9,1,2,1,1,0,1,0,2,6,12,44,4,3,51,7,4,17,14,4,64,11,4,10,2,0,1,0,157,114,11,79,238,67,4,7,141,4,11,497,3,4,164,12,4,222,7,4,1,0,0,1,0,31,122,238,84,75
3330064750,1504555266089,1903,9,2,2,2,2,0,1,0,5,4,11,41,4,12,84,14,4,22,7,4,25,4,3,3,0,0,1,0,134,238,75,29,157,81,4,14,37,4,3,67,4,7,24,4,12,58,11,4,11,3,0,2,0,40,34,150,61,53
3236437334,1498259909925,2274,9,1,1,1,1,1,1,0,106,4,12,45,4,12,107,4,11,78,4,14,110,7,4,10,2,2,5,0,32,412,114,238,67,222,4,12,31,4,12,99,14,4,154,11,4,117,4,3,2,0,0,0,0,119,35,27,53,103
3306840599,1502928796079,2841,9,1,1,2,1,1,1,0,117,4,3,202,4,7,81,14,4,102,4,11,14,12,4,9,3,2,4,0,57,412,157,-1,53,11,4,11,12,4,12,99,14,4,16,4,3,236,4,7,6,2,0,2,0,55,23,134,75,119
3234397513,1498142947598,2213,9,1,1,1,1,2,1,1,51,4,7,164,12,4,5,4,11,268,4,3,412,3,4,8,2,1,1,1,114,105,498,154,122,74,12,4,38,12,4,67,4,7,254,4,11,37,4,3,5,0,1,3,0,157,122,114,64,29
3330655847,1504604116438,2247,9,2,2,2,2,2,2,0,136,11,4,236,4,14,21,7,4,57,4,12,25,4,3,1,0,0,1,0,90,498,497,11,114,45,21,4,80,4,11,432,14,4,29,4,7,240,4,12,8,1,1,3,0,19,114,105,92,84
